CONCEPT_ID,CONCEPT_HISTORY_ID,CONCEPT_HISTORY_DATE,COMPONENT_ID,COMPONENT_HISTORY_ID,LOGICAL_TYPE,CODELIST_ID,CODELIST_HISTORY_ID,ID,CODE,DESCRIPTION,ATTRIBUTES,RN,CONCEPT_VERSION_ID,CONCEPT_NAME,CODING_SYSTEM,PHENOTYPE_ID,PHENOTYPE_VERSION_ID,PHENOTYPE_NAME,PRIMARY
2481,6362,2022-01-17T14:00:11.938099Z,2803,3837,1,2803,3783,169013,H3...,Chronic obstructive lung disease,"{'BREATHE recommended': '', 'OpenSAFELY: Current COPD': 'Y', 'QOF v36 (2016-2017)': 'Y'}",1,6362,Chronic obstructive pulmonary disease (COPD) Primary care -  2,"{'id': 19, 'name': 'CTV3 codes', 'description': 'CTV3 codes'}",PH797,2221,Chronic obstructive pulmonary disease (COPD) Primary care,1
2481,6362,2022-01-17T14:00:11.938099Z,2803,3837,1,2803,3783,169014,H31..,Chronic bronchitis,"{'BREATHE recommended': '', 'OpenSAFELY: Current COPD': 'Y', 'QOF v36 (2016-2017)': 'Y'}",1,6362,Chronic obstructive pulmonary disease (COPD) Primary care -  2,"{'id': 19, 'name': 'CTV3 codes', 'description': 'CTV3 codes'}",PH797,2221,Chronic obstructive pulmonary disease (COPD) Primary care,1
2481,6362,2022-01-17T14:00:11.938099Z,2803,3837,1,2803,3783,169015,H310.,Simple chronic bronchitis,"{'BREATHE recommended': '', 'OpenSAFELY: Current COPD': 'Y', 'QOF v36 (2016-2017)': 'Y'}",1,6362,Chronic obstructive pulmonary disease (COPD) Primary care -  2,"{'id': 19, 'name': 'CTV3 codes', 'description': 'CTV3 codes'}",PH797,2221,Chronic obstructive pulmonary disease (COPD) Primary care,1
2481,6362,2022-01-17T14:00:11.938099Z,2803,3837,1,2803,3783,169068,H3100,Simple chronic bronchitis,"{'BREATHE recommended': '', 'OpenSAFELY: Current COPD': 'Y', 'QOF v36 (2016-2017)': ''}",1,6362,Chronic obstructive pulmonary disease (COPD) Primary care -  2,"{'id': 19, 'name': 'CTV3 codes', 'description': 'CTV3 codes'}",PH797,2221,Chronic obstructive pulmonary disease (COPD) Primary care,1
2481,6362,2022-01-17T14:00:11.938099Z,2803,3837,1,2803,3783,169016,H310z,Simple chronic bronchitis NOS,"{'BREATHE recommended': '', 'OpenSAFELY: Current COPD': 'Y', 'QOF v36 (2016-2017)': 'Y'}",1,6362,Chronic obstructive pulmonary disease (COPD) Primary care -  2,"{'id': 19, 'name': 'CTV3 codes', 'description': 'CTV3 codes'}",PH797,2221,Chronic obstructive pulmonary disease (COPD) Primary care,1
2481,6362,2022-01-17T14:00:11.938099Z,2803,3837,1,2803,3783,169017,H311.,Mucopurulent chronic bronchitis,"{'BREATHE recommended': '', 'OpenSAFELY: Current COPD': 'Y', 'QOF v36 (2016-2017)': 'Y'}",1,6362,Chronic obstructive pulmonary disease (COPD) Primary care -  2,"{'id': 19, 'name': 'CTV3 codes', 'description': 'CTV3 codes'}",PH797,2221,Chronic obstructive pulmonary disease (COPD) Primary care,1
2481,6362,2022-01-17T14:00:11.938099Z,2803,3837,1,2803,3783,169069,H3110,Purulent chronic bronchitis,"{'BREATHE recommended': '', 'OpenSAFELY: Current COPD': 'Y', 'QOF v36 (2016-2017)': ''}",1,6362,Chronic obstructive pulmonary disease (COPD) Primary care -  2,"{'id': 19, 'name': 'CTV3 codes', 'description': 'CTV3 codes'}",PH797,2221,Chronic obstructive pulmonary disease (COPD) Primary care,1
2481,6362,2022-01-17T14:00:11.938099Z,2803,3837,1,2803,3783,169018,H311z,Mucopurulent chronic bronchitis NOS,"{'BREATHE recommended': '', 'OpenSAFELY: Current COPD': 'Y', 'QOF v36 (2016-2017)': 'Y'}",1,6362,Chronic obstructive pulmonary disease (COPD) Primary care -  2,"{'id': 19, 'name': 'CTV3 codes', 'description': 'CTV3 codes'}",PH797,2221,Chronic obstructive pulmonary disease (COPD) Primary care,1
2481,6362,2022-01-17T14:00:11.938099Z,2803,3837,1,2803,3783,169019,H3120,Chronic asthmatic bronchitis,"{'BREATHE recommended': '', 'OpenSAFELY: Current COPD': '', 'QOF v36 (2016-2017)': 'Y'}",1,6362,Chronic obstructive pulmonary disease (COPD) Primary care -  2,"{'id': 19, 'name': 'CTV3 codes', 'description': 'CTV3 codes'}",PH797,2221,Chronic obstructive pulmonary disease (COPD) Primary care,1
2481,6362,2022-01-17T14:00:11.938099Z,2803,3837,1,2803,3783,169020,H3121,Emphysematous bronchitis,"{'BREATHE recommended': '', 'OpenSAFELY: Current COPD': 'Y', 'QOF v36 (2016-2017)': 'Y'}",1,6362,Chronic obstructive pulmonary disease (COPD) Primary care -  2,"{'id': 19, 'name': 'CTV3 codes', 'description': 'CTV3 codes'}",PH797,2221,Chronic obstructive pulmonary disease (COPD) Primary care,1
2481,6362,2022-01-17T14:00:11.938099Z,2803,3837,1,2803,3783,169070,H3122,Acute exacerbation of chronic obstructive airways disease,"{'BREATHE recommended': '', 'OpenSAFELY: Current COPD': 'Y', 'QOF v36 (2016-2017)': ''}",1,6362,Chronic obstructive pulmonary disease (COPD) Primary care -  2,"{'id': 19, 'name': 'CTV3 codes', 'description': 'CTV3 codes'}",PH797,2221,Chronic obstructive pulmonary disease (COPD) Primary care,1
2481,6362,2022-01-17T14:00:11.938099Z,2803,3837,1,2803,3783,169021,H312z,Obstructive chronic bronchitis NOS,"{'BREATHE recommended': '', 'OpenSAFELY: Current COPD': 'Y', 'QOF v36 (2016-2017)': 'Y'}",1,6362,Chronic obstructive pulmonary disease (COPD) Primary care -  2,"{'id': 19, 'name': 'CTV3 codes', 'description': 'CTV3 codes'}",PH797,2221,Chronic obstructive pulmonary disease (COPD) Primary care,1
2481,6362,2022-01-17T14:00:11.938099Z,2803,3837,1,2803,3783,169022,H313.,Mixed simple and mucopurulent chronic bronchitis,"{'BREATHE recommended': '', 'OpenSAFELY: Current COPD': 'Y', 'QOF v36 (2016-2017)': 'Y'}",1,6362,Chronic obstructive pulmonary disease (COPD) Primary care -  2,"{'id': 19, 'name': 'CTV3 codes', 'description': 'CTV3 codes'}",PH797,2221,Chronic obstructive pulmonary disease (COPD) Primary care,1
2481,6362,2022-01-17T14:00:11.938099Z,2803,3837,1,2803,3783,169023,H31y.,Other chronic bronchitis,"{'BREATHE recommended': '', 'OpenSAFELY: Current COPD': 'Y', 'QOF v36 (2016-2017)': 'Y'}",1,6362,Chronic obstructive pulmonary disease (COPD) Primary care -  2,"{'id': 19, 'name': 'CTV3 codes', 'description': 'CTV3 codes'}",PH797,2221,Chronic obstructive pulmonary disease (COPD) Primary care,1
2481,6362,2022-01-17T14:00:11.938099Z,2803,3837,1,2803,3783,169024,H31y1,Chronic tracheobronchitis,"{'BREATHE recommended': '', 'OpenSAFELY: Current COPD': '', 'QOF v36 (2016-2017)': 'Y'}",1,6362,Chronic obstructive pulmonary disease (COPD) Primary care -  2,"{'id': 19, 'name': 'CTV3 codes', 'description': 'CTV3 codes'}",PH797,2221,Chronic obstructive pulmonary disease (COPD) Primary care,1
2481,6362,2022-01-17T14:00:11.938099Z,2803,3837,1,2803,3783,169025,H31yz,Other chronic bronchitis NOS,"{'BREATHE recommended': '', 'OpenSAFELY: Current COPD': 'Y', 'QOF v36 (2016-2017)': 'Y'}",1,6362,Chronic obstructive pulmonary disease (COPD) Primary care -  2,"{'id': 19, 'name': 'CTV3 codes', 'description': 'CTV3 codes'}",PH797,2221,Chronic obstructive pulmonary disease (COPD) Primary care,1
2481,6362,2022-01-17T14:00:11.938099Z,2803,3837,1,2803,3783,169026,H31z.,Chronic bronchitis NOS,"{'BREATHE recommended': '', 'OpenSAFELY: Current COPD': 'Y', 'QOF v36 (2016-2017)': 'Y'}",1,6362,Chronic obstructive pulmonary disease (COPD) Primary care -  2,"{'id': 19, 'name': 'CTV3 codes', 'description': 'CTV3 codes'}",PH797,2221,Chronic obstructive pulmonary disease (COPD) Primary care,1
2481,6362,2022-01-17T14:00:11.938099Z,2803,3837,1,2803,3783,169027,H32..,Emphysema,"{'BREATHE recommended': '', 'OpenSAFELY: Current COPD': 'Y', 'QOF v36 (2016-2017)': 'Y'}",1,6362,Chronic obstructive pulmonary disease (COPD) Primary care -  2,"{'id': 19, 'name': 'CTV3 codes', 'description': 'CTV3 codes'}",PH797,2221,Chronic obstructive pulmonary disease (COPD) Primary care,1
2481,6362,2022-01-17T14:00:11.938099Z,2803,3837,1,2803,3783,169028,H320.,Chronic bullous emphysema,"{'BREATHE recommended': '', 'OpenSAFELY: Current COPD': 'Y', 'QOF v36 (2016-2017)': 'Y'}",1,6362,Chronic obstructive pulmonary disease (COPD) Primary care -  2,"{'id': 19, 'name': 'CTV3 codes', 'description': 'CTV3 codes'}",PH797,2221,Chronic obstructive pulmonary disease (COPD) Primary care,1
2481,6362,2022-01-17T14:00:11.938099Z,2803,3837,1,2803,3783,169029,H3200,Segmental bullous emphysema,"{'BREATHE recommended': '', 'OpenSAFELY: Current COPD': 'Y', 'QOF v36 (2016-2017)': 'Y'}",1,6362,Chronic obstructive pulmonary disease (COPD) Primary care -  2,"{'id': 19, 'name': 'CTV3 codes', 'description': 'CTV3 codes'}",PH797,2221,Chronic obstructive pulmonary disease (COPD) Primary care,1
2481,6362,2022-01-17T14:00:11.938099Z,2803,3837,1,2803,3783,169030,H3201,Zonal bullous emphysema,"{'BREATHE recommended': '', 'OpenSAFELY: Current COPD': 'Y', 'QOF v36 (2016-2017)': 'Y'}",1,6362,Chronic obstructive pulmonary disease (COPD) Primary care -  2,"{'id': 19, 'name': 'CTV3 codes', 'description': 'CTV3 codes'}",PH797,2221,Chronic obstructive pulmonary disease (COPD) Primary care,1
2481,6362,2022-01-17T14:00:11.938099Z,2803,3837,1,2803,3783,169031,H3202,Giant bullous emphysema,"{'BREATHE recommended': '', 'OpenSAFELY: Current COPD': 'Y', 'QOF v36 (2016-2017)': 'Y'}",1,6362,Chronic obstructive pulmonary disease (COPD) Primary care -  2,"{'id': 19, 'name': 'CTV3 codes', 'description': 'CTV3 codes'}",PH797,2221,Chronic obstructive pulmonary disease (COPD) Primary care,1
2481,6362,2022-01-17T14:00:11.938099Z,2803,3837,1,2803,3783,169071,H3203,(Bullous emphysema with collapse) or (tension pneumatocoele),"{'BREATHE recommended': '', 'OpenSAFELY: Current COPD': 'Y', 'QOF v36 (2016-2017)': ''}",1,6362,Chronic obstructive pulmonary disease (COPD) Primary care -  2,"{'id': 19, 'name': 'CTV3 codes', 'description': 'CTV3 codes'}",PH797,2221,Chronic obstructive pulmonary disease (COPD) Primary care,1
2481,6362,2022-01-17T14:00:11.938099Z,2803,3837,1,2803,3783,169032,H320z,Chronic bullous emphysema NOS,"{'BREATHE recommended': '', 'OpenSAFELY: Current COPD': 'Y', 'QOF v36 (2016-2017)': 'Y'}",1,6362,Chronic obstructive pulmonary disease (COPD) Primary care -  2,"{'id': 19, 'name': 'CTV3 codes', 'description': 'CTV3 codes'}",PH797,2221,Chronic obstructive pulmonary disease (COPD) Primary care,1
2481,6362,2022-01-17T14:00:11.938099Z,2803,3837,1,2803,3783,169033,H321.,Panlobular emphysema,"{'BREATHE recommended': '', 'OpenSAFELY: Current COPD': 'Y', 'QOF v36 (2016-2017)': 'Y'}",1,6362,Chronic obstructive pulmonary disease (COPD) Primary care -  2,"{'id': 19, 'name': 'CTV3 codes', 'description': 'CTV3 codes'}",PH797,2221,Chronic obstructive pulmonary disease (COPD) Primary care,1
2481,6362,2022-01-17T14:00:11.938099Z,2803,3837,1,2803,3783,169034,H322.,Centrilobular emphysema,"{'BREATHE recommended': '', 'OpenSAFELY: Current COPD': 'Y', 'QOF v36 (2016-2017)': 'Y'}",1,6362,Chronic obstructive pulmonary disease (COPD) Primary care -  2,"{'id': 19, 'name': 'CTV3 codes', 'description': 'CTV3 codes'}",PH797,2221,Chronic obstructive pulmonary disease (COPD) Primary care,1
2481,6362,2022-01-17T14:00:11.938099Z,2803,3837,1,2803,3783,169035,H32y.,Other emphysema,"{'BREATHE recommended': '', 'OpenSAFELY: Current COPD': 'Y', 'QOF v36 (2016-2017)': 'Y'}",1,6362,Chronic obstructive pulmonary disease (COPD) Primary care -  2,"{'id': 19, 'name': 'CTV3 codes', 'description': 'CTV3 codes'}",PH797,2221,Chronic obstructive pulmonary disease (COPD) Primary care,1
2481,6362,2022-01-17T14:00:11.938099Z,2803,3837,1,2803,3783,169036,H32y0,Acute vesicular emphysema,"{'BREATHE recommended': '', 'OpenSAFELY: Current COPD': 'Y', 'QOF v36 (2016-2017)': 'Y'}",1,6362,Chronic obstructive pulmonary disease (COPD) Primary care -  2,"{'id': 19, 'name': 'CTV3 codes', 'description': 'CTV3 codes'}",PH797,2221,Chronic obstructive pulmonary disease (COPD) Primary care,1
2481,6362,2022-01-17T14:00:11.938099Z,2803,3837,1,2803,3783,169072,H32y1,Emphysema: [acute interstitial] or [atrophic - senile],"{'BREATHE recommended': '', 'OpenSAFELY: Current COPD': 'Y', 'QOF v36 (2016-2017)': ''}",1,6362,Chronic obstructive pulmonary disease (COPD) Primary care -  2,"{'id': 19, 'name': 'CTV3 codes', 'description': 'CTV3 codes'}",PH797,2221,Chronic obstructive pulmonary disease (COPD) Primary care,1
2481,6362,2022-01-17T14:00:11.938099Z,2803,3837,1,2803,3783,169037,H32y2,MacLeods syndrome,"{'BREATHE recommended': '', 'OpenSAFELY: Current COPD': '', 'QOF v36 (2016-2017)': 'Y'}",1,6362,Chronic obstructive pulmonary disease (COPD) Primary care -  2,"{'id': 19, 'name': 'CTV3 codes', 'description': 'CTV3 codes'}",PH797,2221,Chronic obstructive pulmonary disease (COPD) Primary care,1
2481,6362,2022-01-17T14:00:11.938099Z,2803,3837,1,2803,3783,169038,H32yz,(Sawyer-Jones syndrome) or (other emphysema NOS),"{'BREATHE recommended': '', 'OpenSAFELY: Current COPD': '', 'QOF v36 (2016-2017)': 'Y'}",1,6362,Chronic obstructive pulmonary disease (COPD) Primary care -  2,"{'id': 19, 'name': 'CTV3 codes', 'description': 'CTV3 codes'}",PH797,2221,Chronic obstructive pulmonary disease (COPD) Primary care,1
2481,6362,2022-01-17T14:00:11.938099Z,2803,3837,1,2803,3783,169039,H32z.,Emphysema NOS,"{'BREATHE recommended': '', 'OpenSAFELY: Current COPD': 'Y', 'QOF v36 (2016-2017)': 'Y'}",1,6362,Chronic obstructive pulmonary disease (COPD) Primary care -  2,"{'id': 19, 'name': 'CTV3 codes', 'description': 'CTV3 codes'}",PH797,2221,Chronic obstructive pulmonary disease (COPD) Primary care,1
2481,6362,2022-01-17T14:00:11.938099Z,2803,3837,1,2803,3783,169040,H3y..,Other specified chronic obstructive airways disease,"{'BREATHE recommended': '', 'OpenSAFELY: Current COPD': 'Y', 'QOF v36 (2016-2017)': 'Y'}",1,6362,Chronic obstructive pulmonary disease (COPD) Primary care -  2,"{'id': 19, 'name': 'CTV3 codes', 'description': 'CTV3 codes'}",PH797,2221,Chronic obstructive pulmonary disease (COPD) Primary care,1
2481,6362,2022-01-17T14:00:11.938099Z,2803,3837,1,2803,3783,169073,H3y0.,Chronic obstruct pulmonary dis with acute lower resp infectn,"{'BREATHE recommended': '', 'OpenSAFELY: Current COPD': 'Y', 'QOF v36 (2016-2017)': ''}",1,6362,Chronic obstructive pulmonary disease (COPD) Primary care -  2,"{'id': 19, 'name': 'CTV3 codes', 'description': 'CTV3 codes'}",PH797,2221,Chronic obstructive pulmonary disease (COPD) Primary care,1
2481,6362,2022-01-17T14:00:11.938099Z,2803,3837,1,2803,3783,169074,H3y1.,"Chron obstruct pulmonary dis wth acute exacerbation, unspec","{'BREATHE recommended': '', 'OpenSAFELY: Current COPD': 'Y', 'QOF v36 (2016-2017)': ''}",1,6362,Chronic obstructive pulmonary disease (COPD) Primary care -  2,"{'id': 19, 'name': 'CTV3 codes', 'description': 'CTV3 codes'}",PH797,2221,Chronic obstructive pulmonary disease (COPD) Primary care,1
2481,6362,2022-01-17T14:00:11.938099Z,2803,3837,1,2803,3783,169041,H3z..,Chronic obstructive airways disease NOS,"{'BREATHE recommended': '', 'OpenSAFELY: Current COPD': 'Y', 'QOF v36 (2016-2017)': 'Y'}",1,6362,Chronic obstructive pulmonary disease (COPD) Primary care -  2,"{'id': 19, 'name': 'CTV3 codes', 'description': 'CTV3 codes'}",PH797,2221,Chronic obstructive pulmonary disease (COPD) Primary care,1
2481,6362,2022-01-17T14:00:11.938099Z,2803,3837,1,2803,3783,169042,H4640,Chronic emphysema due to chemical fumes,"{'BREATHE recommended': '', 'OpenSAFELY: Current COPD': 'Y', 'QOF v36 (2016-2017)': 'Y'}",1,6362,Chronic obstructive pulmonary disease (COPD) Primary care -  2,"{'id': 19, 'name': 'CTV3 codes', 'description': 'CTV3 codes'}",PH797,2221,Chronic obstructive pulmonary disease (COPD) Primary care,1
2481,6362,2022-01-17T14:00:11.938099Z,2803,3837,1,2803,3783,169043,H4641,Toxic bronchiolitis obliterans,"{'BREATHE recommended': '', 'OpenSAFELY: Current COPD': '', 'QOF v36 (2016-2017)': 'Y'}",1,6362,Chronic obstructive pulmonary disease (COPD) Primary care -  2,"{'id': 19, 'name': 'CTV3 codes', 'description': 'CTV3 codes'}",PH797,2221,Chronic obstructive pulmonary disease (COPD) Primary care,1
2481,6362,2022-01-17T14:00:11.938099Z,2803,3837,1,2803,3783,169075,H582.,Compensatory emphysema,"{'BREATHE recommended': '', 'OpenSAFELY: Current COPD': 'Y', 'QOF v36 (2016-2017)': ''}",1,6362,Chronic obstructive pulmonary disease (COPD) Primary care -  2,"{'id': 19, 'name': 'CTV3 codes', 'description': 'CTV3 codes'}",PH797,2221,Chronic obstructive pulmonary disease (COPD) Primary care,1
2481,6362,2022-01-17T14:00:11.938099Z,2803,3837,1,2803,3783,169044,Hyu30,[X]Other emphysema,"{'BREATHE recommended': '', 'OpenSAFELY: Current COPD': 'Y', 'QOF v36 (2016-2017)': 'Y'}",1,6362,Chronic obstructive pulmonary disease (COPD) Primary care -  2,"{'id': 19, 'name': 'CTV3 codes', 'description': 'CTV3 codes'}",PH797,2221,Chronic obstructive pulmonary disease (COPD) Primary care,1
2481,6362,2022-01-17T14:00:11.938099Z,2803,3837,1,2803,3783,169045,Hyu31,[X]Other specified chronic obstructive pulmonary disease,"{'BREATHE recommended': '', 'OpenSAFELY: Current COPD': 'Y', 'QOF v36 (2016-2017)': 'Y'}",1,6362,Chronic obstructive pulmonary disease (COPD) Primary care -  2,"{'id': 19, 'name': 'CTV3 codes', 'description': 'CTV3 codes'}",PH797,2221,Chronic obstructive pulmonary disease (COPD) Primary care,1
2481,6362,2022-01-17T14:00:11.938099Z,2803,3837,1,2803,3783,169076,X101i,"Chron obstruct pulmonary dis wth acute exacerbation, unspec","{'BREATHE recommended': '', 'OpenSAFELY: Current COPD': 'Y', 'QOF v36 (2016-2017)': ''}",1,6362,Chronic obstructive pulmonary disease (COPD) Primary care -  2,"{'id': 19, 'name': 'CTV3 codes', 'description': 'CTV3 codes'}",PH797,2221,Chronic obstructive pulmonary disease (COPD) Primary care,1
2481,6362,2022-01-17T14:00:11.938099Z,2803,3837,1,2803,3783,169046,X101j,Occupational chronic bronchitis,"{'BREATHE recommended': '', 'OpenSAFELY: Current COPD': 'Y', 'QOF v36 (2016-2017)': 'Y'}",1,6362,Chronic obstructive pulmonary disease (COPD) Primary care -  2,"{'id': 19, 'name': 'CTV3 codes', 'description': 'CTV3 codes'}",PH797,2221,Chronic obstructive pulmonary disease (COPD) Primary care,1
2481,6362,2022-01-17T14:00:11.938099Z,2803,3837,1,2803,3783,169047,X101k,Byssinosis grade 3,"{'BREATHE recommended': '', 'OpenSAFELY: Current COPD': '', 'QOF v36 (2016-2017)': 'Y'}",1,6362,Chronic obstructive pulmonary disease (COPD) Primary care -  2,"{'id': 19, 'name': 'CTV3 codes', 'description': 'CTV3 codes'}",PH797,2221,Chronic obstructive pulmonary disease (COPD) Primary care,1
2481,6362,2022-01-17T14:00:11.938099Z,2803,3837,1,2803,3783,169048,X101l,Bronchiolitis obliterans,"{'BREATHE recommended': '', 'OpenSAFELY: Current COPD': '', 'QOF v36 (2016-2017)': 'Y'}",1,6362,Chronic obstructive pulmonary disease (COPD) Primary care -  2,"{'id': 19, 'name': 'CTV3 codes', 'description': 'CTV3 codes'}",PH797,2221,Chronic obstructive pulmonary disease (COPD) Primary care,1
2481,6362,2022-01-17T14:00:11.938099Z,2803,3837,1,2803,3783,169049,X101m,Drug-induced bronchiolitis obliterans,"{'BREATHE recommended': '', 'OpenSAFELY: Current COPD': '', 'QOF v36 (2016-2017)': 'Y'}",1,6362,Chronic obstructive pulmonary disease (COPD) Primary care -  2,"{'id': 19, 'name': 'CTV3 codes', 'description': 'CTV3 codes'}",PH797,2221,Chronic obstructive pulmonary disease (COPD) Primary care,1
2481,6362,2022-01-17T14:00:11.938099Z,2803,3837,1,2803,3783,169050,X101n,Pulmonary emphysema,"{'BREATHE recommended': '', 'OpenSAFELY: Current COPD': 'Y', 'QOF v36 (2016-2017)': 'Y'}",1,6362,Chronic obstructive pulmonary disease (COPD) Primary care -  2,"{'id': 19, 'name': 'CTV3 codes', 'description': 'CTV3 codes'}",PH797,2221,Chronic obstructive pulmonary disease (COPD) Primary care,1
2481,6362,2022-01-17T14:00:11.938099Z,2803,3837,1,2803,3783,169051,X101o,Pulmonary emphysema in alpha-1 PI deficiency,"{'BREATHE recommended': '', 'OpenSAFELY: Current COPD': 'Y', 'QOF v36 (2016-2017)': 'Y'}",1,6362,Chronic obstructive pulmonary disease (COPD) Primary care -  2,"{'id': 19, 'name': 'CTV3 codes', 'description': 'CTV3 codes'}",PH797,2221,Chronic obstructive pulmonary disease (COPD) Primary care,1
2481,6362,2022-01-17T14:00:11.938099Z,2803,3837,1,2803,3783,169052,X101p,Toxic emphysema,"{'BREATHE recommended': '', 'OpenSAFELY: Current COPD': 'Y', 'QOF v36 (2016-2017)': 'Y'}",1,6362,Chronic obstructive pulmonary disease (COPD) Primary care -  2,"{'id': 19, 'name': 'CTV3 codes', 'description': 'CTV3 codes'}",PH797,2221,Chronic obstructive pulmonary disease (COPD) Primary care,1
2481,6362,2022-01-17T14:00:11.938099Z,2803,3837,1,2803,3783,169053,X101q,Congenital lobar emphysema,"{'BREATHE recommended': '', 'OpenSAFELY: Current COPD': '', 'QOF v36 (2016-2017)': 'Y'}",1,6362,Chronic obstructive pulmonary disease (COPD) Primary care -  2,"{'id': 19, 'name': 'CTV3 codes', 'description': 'CTV3 codes'}",PH797,2221,Chronic obstructive pulmonary disease (COPD) Primary care,1
2481,6362,2022-01-17T14:00:11.938099Z,2803,3837,1,2803,3783,169054,X101r,Scar emphysema,"{'BREATHE recommended': '', 'OpenSAFELY: Current COPD': 'Y', 'QOF v36 (2016-2017)': 'Y'}",1,6362,Chronic obstructive pulmonary disease (COPD) Primary care -  2,"{'id': 19, 'name': 'CTV3 codes', 'description': 'CTV3 codes'}",PH797,2221,Chronic obstructive pulmonary disease (COPD) Primary care,1
2481,6362,2022-01-17T14:00:11.938099Z,2803,3837,1,2803,3783,169055,X102z,Bronchiolitis obliterans with usual interstitial pneumonitis,"{'BREATHE recommended': '', 'OpenSAFELY: Current COPD': '', 'QOF v36 (2016-2017)': 'Y'}",1,6362,Chronic obstructive pulmonary disease (COPD) Primary care -  2,"{'id': 19, 'name': 'CTV3 codes', 'description': 'CTV3 codes'}",PH797,2221,Chronic obstructive pulmonary disease (COPD) Primary care,1
2481,6362,2022-01-17T14:00:11.938099Z,2803,3837,1,2803,3783,169077,Xa35l,Acute infective exacerbation chronic obstruct airway disease,"{'BREATHE recommended': '', 'OpenSAFELY: Current COPD': 'Y', 'QOF v36 (2016-2017)': ''}",1,6362,Chronic obstructive pulmonary disease (COPD) Primary care -  2,"{'id': 19, 'name': 'CTV3 codes', 'description': 'CTV3 codes'}",PH797,2221,Chronic obstructive pulmonary disease (COPD) Primary care,1
2481,6362,2022-01-17T14:00:11.938099Z,2803,3837,1,2803,3783,169066,Xaa7C,Eosinophilic bronchitis,"{'BREATHE recommended': '', 'OpenSAFELY: Current COPD': '', 'QOF v36 (2016-2017)': 'Y'}",1,6362,Chronic obstructive pulmonary disease (COPD) Primary care -  2,"{'id': 19, 'name': 'CTV3 codes', 'description': 'CTV3 codes'}",PH797,2221,Chronic obstructive pulmonary disease (COPD) Primary care,1
2481,6362,2022-01-17T14:00:11.938099Z,2803,3837,1,2803,3783,169122,XaavA,Shared care chronic obstructive pulmonary disease monitoring,"{'BREATHE recommended': '', 'OpenSAFELY: Current COPD': 'Y', 'QOF v36 (2016-2017)': ''}",1,6362,Chronic obstructive pulmonary disease (COPD) Primary care -  2,"{'id': 19, 'name': 'CTV3 codes', 'description': 'CTV3 codes'}",PH797,2221,Chronic obstructive pulmonary disease (COPD) Primary care,1
2481,6362,2022-01-17T14:00:11.938099Z,2803,3837,1,2803,3783,169067,Xac33,Asthma-chronic obstructive pulmonary disease overlap syndrom,"{'BREATHE recommended': '', 'OpenSAFELY: Current COPD': 'Y', 'QOF v36 (2016-2017)': 'Y'}",1,6362,Chronic obstructive pulmonary disease (COPD) Primary care -  2,"{'id': 19, 'name': 'CTV3 codes', 'description': 'CTV3 codes'}",PH797,2221,Chronic obstructive pulmonary disease (COPD) Primary care,1
2481,6362,2022-01-17T14:00:11.938099Z,2803,3837,1,2803,3783,169123,Xac8s,Telehealth chronic obstructive pulmonary disease monitoring,"{'BREATHE recommended': '', 'OpenSAFELY: Current COPD': 'Y', 'QOF v36 (2016-2017)': ''}",1,6362,Chronic obstructive pulmonary disease (COPD) Primary care -  2,"{'id': 19, 'name': 'CTV3 codes', 'description': 'CTV3 codes'}",PH797,2221,Chronic obstructive pulmonary disease (COPD) Primary care,1
2481,6362,2022-01-17T14:00:11.938099Z,2803,3837,1,2803,3783,169061,XaEIV,Mild chronic obstructive pulmonary disease,"{'BREATHE recommended': '', 'OpenSAFELY: Current COPD': 'Y', 'QOF v36 (2016-2017)': 'Y'}",1,6362,Chronic obstructive pulmonary disease (COPD) Primary care -  2,"{'id': 19, 'name': 'CTV3 codes', 'description': 'CTV3 codes'}",PH797,2221,Chronic obstructive pulmonary disease (COPD) Primary care,1
2481,6362,2022-01-17T14:00:11.938099Z,2803,3837,1,2803,3783,169062,XaEIW,Moderate chronic obstructive pulmonary disease,"{'BREATHE recommended': '', 'OpenSAFELY: Current COPD': 'Y', 'QOF v36 (2016-2017)': 'Y'}",1,6362,Chronic obstructive pulmonary disease (COPD) Primary care -  2,"{'id': 19, 'name': 'CTV3 codes', 'description': 'CTV3 codes'}",PH797,2221,Chronic obstructive pulmonary disease (COPD) Primary care,1
2481,6362,2022-01-17T14:00:11.938099Z,2803,3837,1,2803,3783,169063,XaEIY,Severe chronic obstructive pulmonary disease,"{'BREATHE recommended': '', 'OpenSAFELY: Current COPD': 'Y', 'QOF v36 (2016-2017)': 'Y'}",1,6362,Chronic obstructive pulmonary disease (COPD) Primary care -  2,"{'id': 19, 'name': 'CTV3 codes', 'description': 'CTV3 codes'}",PH797,2221,Chronic obstructive pulmonary disease (COPD) Primary care,1
2481,6362,2022-01-17T14:00:11.938099Z,2803,3837,1,2803,3783,169125,Xafhe,COPD monitring short message service text message invitation,"{'BREATHE recommended': '', 'OpenSAFELY: Current COPD': 'Y', 'QOF v36 (2016-2017)': ''}",1,6362,Chronic obstructive pulmonary disease (COPD) Primary care -  2,"{'id': 19, 'name': 'CTV3 codes', 'description': 'CTV3 codes'}",PH797,2221,Chronic obstructive pulmonary disease (COPD) Primary care,1
2481,6362,2022-01-17T14:00:11.938099Z,2803,3837,1,2803,3783,169124,XafhZ,COPD monitoring email invitation,"{'BREATHE recommended': '', 'OpenSAFELY: Current COPD': 'Y', 'QOF v36 (2016-2017)': ''}",1,6362,Chronic obstructive pulmonary disease (COPD) Primary care -  2,"{'id': 19, 'name': 'CTV3 codes', 'description': 'CTV3 codes'}",PH797,2221,Chronic obstructive pulmonary disease (COPD) Primary care,1
2481,6362,2022-01-17T14:00:11.938099Z,2803,3837,1,2803,3783,169126,Xafir,COPD monitoring SMS text message first invitation,"{'BREATHE recommended': '', 'OpenSAFELY: Current COPD': 'Y', 'QOF v36 (2016-2017)': ''}",1,6362,Chronic obstructive pulmonary disease (COPD) Primary care -  2,"{'id': 19, 'name': 'CTV3 codes', 'description': 'CTV3 codes'}",PH797,2221,Chronic obstructive pulmonary disease (COPD) Primary care,1
2481,6362,2022-01-17T14:00:11.938099Z,2803,3837,1,2803,3783,169127,Xafit,COPD monitoring SMS text message second invitation,"{'BREATHE recommended': '', 'OpenSAFELY: Current COPD': 'Y', 'QOF v36 (2016-2017)': ''}",1,6362,Chronic obstructive pulmonary disease (COPD) Primary care -  2,"{'id': 19, 'name': 'CTV3 codes', 'description': 'CTV3 codes'}",PH797,2221,Chronic obstructive pulmonary disease (COPD) Primary care,1
2481,6362,2022-01-17T14:00:11.938099Z,2803,3837,1,2803,3783,169128,Xafiu,COPD monitoring SMS text message third invitation,"{'BREATHE recommended': '', 'OpenSAFELY: Current COPD': 'Y', 'QOF v36 (2016-2017)': ''}",1,6362,Chronic obstructive pulmonary disease (COPD) Primary care -  2,"{'id': 19, 'name': 'CTV3 codes', 'description': 'CTV3 codes'}",PH797,2221,Chronic obstructive pulmonary disease (COPD) Primary care,1
2481,6362,2022-01-17T14:00:11.938099Z,2803,3837,1,2803,3783,169082,XaIes,Chronic obstructive pulmonary disease follow-up,"{'BREATHE recommended': '', 'OpenSAFELY: Current COPD': 'Y', 'QOF v36 (2016-2017)': ''}",1,6362,Chronic obstructive pulmonary disease (COPD) Primary care -  2,"{'id': 19, 'name': 'CTV3 codes', 'description': 'CTV3 codes'}",PH797,2221,Chronic obstructive pulmonary disease (COPD) Primary care,1
2481,6362,2022-01-17T14:00:11.938099Z,2803,3837,1,2803,3783,169083,XaIet,Chronic obstructive pulmonary disease annual review,"{'BREATHE recommended': '', 'OpenSAFELY: Current COPD': 'Y', 'QOF v36 (2016-2017)': ''}",1,6362,Chronic obstructive pulmonary disease (COPD) Primary care -  2,"{'id': 19, 'name': 'CTV3 codes', 'description': 'CTV3 codes'}",PH797,2221,Chronic obstructive pulmonary disease (COPD) Primary care,1
,,,,,,,,,,,,,,,,,,,
2485,6370,2022-01-17T14:00:18.470729Z,2807,3841,1,2807,3787,169328,491,Chronic bronchitis,"{'Gershon et al., 2009': 'Y', 'Brandt et al., 2020': 'Y', 'Chang et al., 2020': 'Y', 'de Miguel-Diez et al., 2020': 'Y', 'Griffith et al., 2020': 'Y', 'Groot et al., 2020': 'Y', 'Isgro et al., 2020': '', 'Joo et al., 2020': 'Y', 'Wu and Chen, 2020': 'Y', 'Zuchelli et al., 2020': '', 'Shen et al., 2021': 'Y'}",1,6370,Chronic obstructive pulmonary disease (COPD) Secondary care -  1,"{'id': 17, 'name': 'ICD9 codes', 'description': 'ICD9 codes'}",PH798,2222,Chronic obstructive pulmonary disease (COPD) Secondary care,0
2485,6370,2022-01-17T14:00:18.470729Z,2807,3841,1,2807,3787,169329,491.0,Simple chronic bronchitis,"{'Gershon et al., 2009': '', 'Brandt et al., 2020': '', 'Chang et al., 2020': '', 'de Miguel-Diez et al., 2020': 'Y', 'Griffith et al., 2020': 'Y', 'Groot et al., 2020': '', 'Isgro et al., 2020': '', 'Joo et al., 2020': '', 'Wu and Chen, 2020': '', 'Zuchelli et al., 2020': '', 'Shen et al., 2021': 'Y'}",1,6370,Chronic obstructive pulmonary disease (COPD) Secondary care -  1,"{'id': 17, 'name': 'ICD9 codes', 'description': 'ICD9 codes'}",PH798,2222,Chronic obstructive pulmonary disease (COPD) Secondary care,0
2485,6370,2022-01-17T14:00:18.470729Z,2807,3841,1,2807,3787,169330,491.1,Mucopurulent chronic bronchitis,"{'Gershon et al., 2009': '', 'Brandt et al., 2020': '', 'Chang et al., 2020': '', 'de Miguel-Diez et al., 2020': 'Y', 'Griffith et al., 2020': 'Y', 'Groot et al., 2020': '', 'Isgro et al., 2020': '', 'Joo et al., 2020': '', 'Wu and Chen, 2020': '', 'Zuchelli et al., 2020': '', 'Shen et al., 2021': 'Y'}",1,6370,Chronic obstructive pulmonary disease (COPD) Secondary care -  1,"{'id': 17, 'name': 'ICD9 codes', 'description': 'ICD9 codes'}",PH798,2222,Chronic obstructive pulmonary disease (COPD) Secondary care,0
2485,6370,2022-01-17T14:00:18.470729Z,2807,3841,1,2807,3787,169331,491.2,Obstructive chronic bronchitis,"{'Gershon et al., 2009': '', 'Brandt et al., 2020': '', 'Chang et al., 2020': '', 'de Miguel-Diez et al., 2020': 'Y', 'Griffith et al., 2020': 'Y', 'Groot et al., 2020': '', 'Isgro et al., 2020': 'Y', 'Joo et al., 2020': '', 'Wu and Chen, 2020': '', 'Zuchelli et al., 2020': 'Y', 'Shen et al., 2021': 'Y'}",1,6370,Chronic obstructive pulmonary disease (COPD) Secondary care -  1,"{'id': 17, 'name': 'ICD9 codes', 'description': 'ICD9 codes'}",PH798,2222,Chronic obstructive pulmonary disease (COPD) Secondary care,0
2485,6370,2022-01-17T14:00:18.470729Z,2807,3841,1,2807,3787,169332,491.20,Obstructive chronic bronchitis without exacerbation,"{'Gershon et al., 2009': '', 'Brandt et al., 2020': '', 'Chang et al., 2020': '', 'de Miguel-Diez et al., 2020': 'Y', 'Griffith et al., 2020': 'Y', 'Groot et al., 2020': '', 'Isgro et al., 2020': 'Y', 'Joo et al., 2020': '', 'Wu and Chen, 2020': '', 'Zuchelli et al., 2020': 'Y', 'Shen et al., 2021': 'Y'}",1,6370,Chronic obstructive pulmonary disease (COPD) Secondary care -  1,"{'id': 17, 'name': 'ICD9 codes', 'description': 'ICD9 codes'}",PH798,2222,Chronic obstructive pulmonary disease (COPD) Secondary care,0
2485,6370,2022-01-17T14:00:18.470729Z,2807,3841,1,2807,3787,169333,491.21,Obstructive chronic bronchitis with (acute) exacerbation,"{'Gershon et al., 2009': '', 'Brandt et al., 2020': '', 'Chang et al., 2020': '', 'de Miguel-Diez et al., 2020': 'Y', 'Griffith et al., 2020': 'Y', 'Groot et al., 2020': '', 'Isgro et al., 2020': 'Y', 'Joo et al., 2020': '', 'Wu and Chen, 2020': '', 'Zuchelli et al., 2020': 'Y', 'Shen et al., 2021': 'Y'}",1,6370,Chronic obstructive pulmonary disease (COPD) Secondary care -  1,"{'id': 17, 'name': 'ICD9 codes', 'description': 'ICD9 codes'}",PH798,2222,Chronic obstructive pulmonary disease (COPD) Secondary care,0
2485,6370,2022-01-17T14:00:18.470729Z,2807,3841,1,2807,3787,169334,491.22,Obstructive chronic bronchitis with acute bronchitis,"{'Gershon et al., 2009': '', 'Brandt et al., 2020': '', 'Chang et al., 2020': '', 'de Miguel-Diez et al., 2020': 'Y', 'Griffith et al., 2020': 'Y', 'Groot et al., 2020': '', 'Isgro et al., 2020': 'Y', 'Joo et al., 2020': '', 'Wu and Chen, 2020': '', 'Zuchelli et al., 2020': 'Y', 'Shen et al., 2021': 'Y'}",1,6370,Chronic obstructive pulmonary disease (COPD) Secondary care -  1,"{'id': 17, 'name': 'ICD9 codes', 'description': 'ICD9 codes'}",PH798,2222,Chronic obstructive pulmonary disease (COPD) Secondary care,0
2485,6370,2022-01-17T14:00:18.470729Z,2807,3841,1,2807,3787,169335,491.8,Other chronic bronchitis,"{'Gershon et al., 2009': '', 'Brandt et al., 2020': '', 'Chang et al., 2020': '', 'de Miguel-Diez et al., 2020': 'Y', 'Griffith et al., 2020': 'Y', 'Groot et al., 2020': '', 'Isgro et al., 2020': '', 'Joo et al., 2020': '', 'Wu and Chen, 2020': '', 'Zuchelli et al., 2020': '', 'Shen et al., 2021': 'Y'}",1,6370,Chronic obstructive pulmonary disease (COPD) Secondary care -  1,"{'id': 17, 'name': 'ICD9 codes', 'description': 'ICD9 codes'}",PH798,2222,Chronic obstructive pulmonary disease (COPD) Secondary care,0
2485,6370,2022-01-17T14:00:18.470729Z,2807,3841,1,2807,3787,169336,491.9,Unspecified chronic bronchitis,"{'Gershon et al., 2009': '', 'Brandt et al., 2020': '', 'Chang et al., 2020': '', 'de Miguel-Diez et al., 2020': 'Y', 'Griffith et al., 2020': 'Y', 'Groot et al., 2020': '', 'Isgro et al., 2020': '', 'Joo et al., 2020': '', 'Wu and Chen, 2020': '', 'Zuchelli et al., 2020': '', 'Shen et al., 2021': 'Y'}",1,6370,Chronic obstructive pulmonary disease (COPD) Secondary care -  1,"{'id': 17, 'name': 'ICD9 codes', 'description': 'ICD9 codes'}",PH798,2222,Chronic obstructive pulmonary disease (COPD) Secondary care,0
2485,6370,2022-01-17T14:00:18.470729Z,2807,3841,1,2807,3787,169337,492,Emphysema,"{'Gershon et al., 2009': 'Y', 'Brandt et al., 2020': 'Y', 'Chang et al., 2020': 'Y', 'de Miguel-Diez et al., 2020': 'Y', 'Griffith et al., 2020': 'Y', 'Groot et al., 2020': 'Y', 'Isgro et al., 2020': '', 'Joo et al., 2020': 'Y', 'Wu and Chen, 2020': 'Y', 'Zuchelli et al., 2020': '', 'Shen et al., 2021': 'Y'}",1,6370,Chronic obstructive pulmonary disease (COPD) Secondary care -  1,"{'id': 17, 'name': 'ICD9 codes', 'description': 'ICD9 codes'}",PH798,2222,Chronic obstructive pulmonary disease (COPD) Secondary care,0
2485,6370,2022-01-17T14:00:18.470729Z,2807,3841,1,2807,3787,169338,492.0,Emphysematous bleb,"{'Gershon et al., 2009': '', 'Brandt et al., 2020': '', 'Chang et al., 2020': '', 'de Miguel-Diez et al., 2020': 'Y', 'Griffith et al., 2020': 'Y', 'Groot et al., 2020': '', 'Isgro et al., 2020': '', 'Joo et al., 2020': '', 'Wu and Chen, 2020': '', 'Zuchelli et al., 2020': '', 'Shen et al., 2021': 'Y'}",1,6370,Chronic obstructive pulmonary disease (COPD) Secondary care -  1,"{'id': 17, 'name': 'ICD9 codes', 'description': 'ICD9 codes'}",PH798,2222,Chronic obstructive pulmonary disease (COPD) Secondary care,0
2485,6370,2022-01-17T14:00:18.470729Z,2807,3841,1,2807,3787,169339,492.8,Other emphysema,"{'Gershon et al., 2009': '', 'Brandt et al., 2020': '', 'Chang et al., 2020': '', 'de Miguel-Diez et al., 2020': 'Y', 'Griffith et al., 2020': 'Y', 'Groot et al., 2020': '', 'Isgro et al., 2020': '', 'Joo et al., 2020': '', 'Wu and Chen, 2020': '', 'Zuchelli et al., 2020': '', 'Shen et al., 2021': 'Y'}",1,6370,Chronic obstructive pulmonary disease (COPD) Secondary care -  1,"{'id': 17, 'name': 'ICD9 codes', 'description': 'ICD9 codes'}",PH798,2222,Chronic obstructive pulmonary disease (COPD) Secondary care,0
,,,,,,,,,,,,,,,,,2222,Chronic obstructive pulmonary disease (COPD) Secondary care,0
,,,,,,,,,,,,,,,,,2222,Chronic obstructive pulmonary disease (COPD) Secondary care,0
,,,,,,,,,,,,,,,,,2222,Chronic obstructive pulmonary disease (COPD) Secondary care,0
,,,,,,,,,,,,,,,,,2222,Chronic obstructive pulmonary disease (COPD) Secondary care,0
,,,,,,,,,,,,,,,,,2222,Chronic obstructive pulmonary disease (COPD) Secondary care,0
,,,,,,,,,,,,,,,,,2222,Chronic obstructive pulmonary disease (COPD) Secondary care,0
2485,6370,2022-01-17T14:00:18.470729Z,2807,3841,1,2807,3787,169346,495,Extrinsic allergic alveolitis,"{'Gershon et al., 2009': '', 'Brandt et al., 2020': '', 'Chang et al., 2020': '', 'de Miguel-Diez et al., 2020': '', 'Griffith et al., 2020': '', 'Groot et al., 2020': 'Y', 'Isgro et al., 2020': '', 'Joo et al., 2020': '', 'Wu and Chen, 2020': '', 'Zuchelli et al., 2020': '', 'Shen et al., 2021': ''}",1,6370,Chronic obstructive pulmonary disease (COPD) Secondary care -  1,"{'id': 17, 'name': 'ICD9 codes', 'description': 'ICD9 codes'}",PH798,2222,Chronic obstructive pulmonary disease (COPD) Secondary care,0
2485,6370,2022-01-17T14:00:18.470729Z,2807,3841,1,2807,3787,169347,496,"Chronic airway obstruction, not elsewhere classified","{'Gershon et al., 2009': 'Y', 'Brandt et al., 2020': 'Y', 'Chang et al., 2020': 'Y', 'de Miguel-Diez et al., 2020': 'Y', 'Griffith et al., 2020': 'Y', 'Groot et al., 2020': 'Y', 'Isgro et al., 2020': 'Y', 'Joo et al., 2020': 'Y', 'Wu and Chen, 2020': 'Y', 'Zuchelli et al., 2020': 'Y', 'Shen et al., 2021': 'Y'}",1,6370,Chronic obstructive pulmonary disease (COPD) Secondary care -  1,"{'id': 17, 'name': 'ICD9 codes', 'description': 'ICD9 codes'}",PH798,2222,Chronic obstructive pulmonary disease (COPD) Secondary care,0
2485,6370,2022-01-17T14:00:18.470729Z,2807,3841,1,2807,3787,169348,508,Respiratory conditions due to other and unspecified external agents,"{'Gershon et al., 2009': '', 'Brandt et al., 2020': 'Y', 'Chang et al., 2020': '', 'de Miguel-Diez et al., 2020': '', 'Griffith et al., 2020': '', 'Groot et al., 2020': '', 'Isgro et al., 2020': '', 'Joo et al., 2020': '', 'Wu and Chen, 2020': '', 'Zuchelli et al., 2020': '', 'Shen et al., 2021': ''}",1,6370,Chronic obstructive pulmonary disease (COPD) Secondary care -  1,"{'id': 17, 'name': 'ICD9 codes', 'description': 'ICD9 codes'}",PH798,2222,Chronic obstructive pulmonary disease (COPD) Secondary care,0
2481,6362,2022-01-17T14:00:11.938099Z,2803,3837,1,2803,3783,169090,XaJlU,Chronic obstructive pulmonary disease monitoring 2nd letter,"{'BREATHE recommended': '', 'OpenSAFELY: Current COPD': 'Y', 'QOF v36 (2016-2017)': ''}",1,6362,Chronic obstructive pulmonary disease (COPD) Primary care -  2,"{'id': 19, 'name': 'CTV3 codes', 'description': 'CTV3 codes'}",PH797,2221,Chronic obstructive pulmonary disease (COPD) Primary care,1
2481,6362,2022-01-17T14:00:11.938099Z,2803,3837,1,2803,3783,169091,XaJlV,Chronic obstructive pulmonary disease monitoring 3rd letter,"{'BREATHE recommended': '', 'OpenSAFELY: Current COPD': 'Y', 'QOF v36 (2016-2017)': ''}",1,6362,Chronic obstructive pulmonary disease (COPD) Primary care -  2,"{'id': 19, 'name': 'CTV3 codes', 'description': 'CTV3 codes'}",PH797,2221,Chronic obstructive pulmonary disease (COPD) Primary care,1
2481,6362,2022-01-17T14:00:11.938099Z,2803,3837,1,2803,3783,169092,XaJlW,Chronic obstructive pulmonary disease monitoring verb invite,"{'BREATHE recommended': '', 'OpenSAFELY: Current COPD': 'Y', 'QOF v36 (2016-2017)': ''}",1,6362,Chronic obstructive pulmonary disease (COPD) Primary care -  2,"{'id': 19, 'name': 'CTV3 codes', 'description': 'CTV3 codes'}",PH797,2221,Chronic obstructive pulmonary disease (COPD) Primary care,1
2481,6362,2022-01-17T14:00:11.938099Z,2803,3837,1,2803,3783,169093,XaJlY,Chronic obstructive pulmonary disease monitor phone invite,"{'BREATHE recommended': '', 'OpenSAFELY: Current COPD': 'Y', 'QOF v36 (2016-2017)': ''}",1,6362,Chronic obstructive pulmonary disease (COPD) Primary care -  2,"{'id': 19, 'name': 'CTV3 codes', 'description': 'CTV3 codes'}",PH797,2221,Chronic obstructive pulmonary disease (COPD) Primary care,1
2481,6362,2022-01-17T14:00:11.938099Z,2803,3837,1,2803,3783,169087,XaJYf,Chronic obstructive pulmonary disease clini management plan,"{'BREATHE recommended': '', 'OpenSAFELY: Current COPD': 'Y', 'QOF v36 (2016-2017)': ''}",1,6362,Chronic obstructive pulmonary disease (COPD) Primary care -  2,"{'id': 19, 'name': 'CTV3 codes', 'description': 'CTV3 codes'}",PH797,2221,Chronic obstructive pulmonary disease (COPD) Primary care,1
2481,6362,2022-01-17T14:00:11.938099Z,2803,3837,1,2803,3783,169094,XaK8Q,Chronic obstructive pulmonary disease finding,"{'BREATHE recommended': '', 'OpenSAFELY: Current COPD': 'Y', 'QOF v36 (2016-2017)': ''}",1,6362,Chronic obstructive pulmonary disease (COPD) Primary care -  2,"{'id': 19, 'name': 'CTV3 codes', 'description': 'CTV3 codes'}",PH797,2221,Chronic obstructive pulmonary disease (COPD) Primary care,1
2481,6362,2022-01-17T14:00:11.938099Z,2803,3837,1,2803,3783,169095,XaK8R,COPD accident and emergency attendance since last visit,"{'BREATHE recommended': '', 'OpenSAFELY: Current COPD': 'Y', 'QOF v36 (2016-2017)': ''}",1,6362,Chronic obstructive pulmonary disease (COPD) Primary care -  2,"{'id': 19, 'name': 'CTV3 codes', 'description': 'CTV3 codes'}",PH797,2221,Chronic obstructive pulmonary disease (COPD) Primary care,1
2481,6362,2022-01-17T14:00:11.938099Z,2803,3837,1,2803,3783,169096,XaK8S,Emergency COPD admission since last appointment,"{'BREATHE recommended': '', 'OpenSAFELY: Current COPD': 'Y', 'QOF v36 (2016-2017)': ''}",1,6362,Chronic obstructive pulmonary disease (COPD) Primary care -  2,"{'id': 19, 'name': 'CTV3 codes', 'description': 'CTV3 codes'}",PH797,2221,Chronic obstructive pulmonary disease (COPD) Primary care,1
2481,6362,2022-01-17T14:00:11.938099Z,2803,3837,1,2803,3783,169097,XaK8U,Number of COPD exacerbations in past year,"{'BREATHE recommended': '', 'OpenSAFELY: Current COPD': 'Y', 'QOF v36 (2016-2017)': ''}",1,6362,Chronic obstructive pulmonary disease (COPD) Primary care -  2,"{'id': 19, 'name': 'CTV3 codes', 'description': 'CTV3 codes'}",PH797,2221,Chronic obstructive pulmonary disease (COPD) Primary care,1
2481,6362,2022-01-17T14:00:11.938099Z,2803,3837,1,2803,3783,169098,XaKv8,Chronic obstructive pulmonary disease disturbs sleep,"{'BREATHE recommended': '', 'OpenSAFELY: Current COPD': 'Y', 'QOF v36 (2016-2017)': ''}",1,6362,Chronic obstructive pulmonary disease (COPD) Primary care -  2,"{'id': 19, 'name': 'CTV3 codes', 'description': 'CTV3 codes'}",PH797,2221,Chronic obstructive pulmonary disease (COPD) Primary care,1
2481,6362,2022-01-17T14:00:11.938099Z,2803,3837,1,2803,3783,169099,XaKv9,Chronic obstructive pulmonary disease does not disturb sleep,"{'BREATHE recommended': '', 'OpenSAFELY: Current COPD': 'Y', 'QOF v36 (2016-2017)': ''}",1,6362,Chronic obstructive pulmonary disease (COPD) Primary care -  2,"{'id': 19, 'name': 'CTV3 codes', 'description': 'CTV3 codes'}",PH797,2221,Chronic obstructive pulmonary disease (COPD) Primary care,1
2481,6362,2022-01-17T14:00:11.938099Z,2803,3837,1,2803,3783,169100,XaKzy,Multiple COPD emergency hospital admissions,"{'BREATHE recommended': '', 'OpenSAFELY: Current COPD': 'Y', 'QOF v36 (2016-2017)': ''}",1,6362,Chronic obstructive pulmonary disease (COPD) Primary care -  2,"{'id': 19, 'name': 'CTV3 codes', 'description': 'CTV3 codes'}",PH797,2221,Chronic obstructive pulmonary disease (COPD) Primary care,1
2481,6362,2022-01-17T14:00:11.938099Z,2803,3837,1,2803,3783,169101,XaLqj,Health education - chronic obstructive pulmonary disease,"{'BREATHE recommended': '', 'OpenSAFELY: Current COPD': 'Y', 'QOF v36 (2016-2017)': ''}",1,6362,Chronic obstructive pulmonary disease (COPD) Primary care -  2,"{'id': 19, 'name': 'CTV3 codes', 'description': 'CTV3 codes'}",PH797,2221,Chronic obstructive pulmonary disease (COPD) Primary care,1
2481,6362,2022-01-17T14:00:11.938099Z,2803,3837,1,2803,3783,169065,XaN4a,Very severe chronic obstructive pulmonary disease,"{'BREATHE recommended': '', 'OpenSAFELY: Current COPD': 'Y', 'QOF v36 (2016-2017)': 'Y'}",1,6362,Chronic obstructive pulmonary disease (COPD) Primary care -  2,"{'id': 19, 'name': 'CTV3 codes', 'description': 'CTV3 codes'}",PH797,2221,Chronic obstructive pulmonary disease (COPD) Primary care,1
2481,6362,2022-01-17T14:00:11.938099Z,2803,3837,1,2803,3783,169103,XaPls,Referred for COPD structured smoking assessment,"{'BREATHE recommended': '', 'OpenSAFELY: Current COPD': 'Y', 'QOF v36 (2016-2017)': ''}",1,6362,Chronic obstructive pulmonary disease (COPD) Primary care -  2,"{'id': 19, 'name': 'CTV3 codes', 'description': 'CTV3 codes'}",PH797,2221,Chronic obstructive pulmonary disease (COPD) Primary care,1
2481,6362,2022-01-17T14:00:11.938099Z,2803,3837,1,2803,3783,169104,XaPlu,COPD structured smoking assessment declined,"{'BREATHE recommended': '', 'OpenSAFELY: Current COPD': 'Y', 'QOF v36 (2016-2017)': ''}",1,6362,Chronic obstructive pulmonary disease (COPD) Primary care -  2,"{'id': 19, 'name': 'CTV3 codes', 'description': 'CTV3 codes'}",PH797,2221,Chronic obstructive pulmonary disease (COPD) Primary care,1
2481,6362,2022-01-17T14:00:11.938099Z,2803,3837,1,2803,3783,169102,XaPZH,COPD patient unsuitable for pulmonary rehabilitation,"{'BREATHE recommended': '', 'OpenSAFELY: Current COPD': 'Y', 'QOF v36 (2016-2017)': ''}",1,6362,Chronic obstructive pulmonary disease (COPD) Primary care -  2,"{'id': 19, 'name': 'CTV3 codes', 'description': 'CTV3 codes'}",PH797,2221,Chronic obstructive pulmonary disease (COPD) Primary care,1
2481,6362,2022-01-17T14:00:11.938099Z,2803,3837,1,2803,3783,169105,XaPzu,At risk of chronic obstructive pulmonary diseas exacerbation,"{'BREATHE recommended': '', 'OpenSAFELY: Current COPD': 'Y', 'QOF v36 (2016-2017)': ''}",1,6362,Chronic obstructive pulmonary disease (COPD) Primary care -  2,"{'id': 19, 'name': 'CTV3 codes', 'description': 'CTV3 codes'}",PH797,2221,Chronic obstructive pulmonary disease (COPD) Primary care,1
2481,6362,2022-01-17T14:00:11.938099Z,2803,3837,1,2803,3783,169106,XaRCG,Step down change in COPD management plan,"{'BREATHE recommended': '', 'OpenSAFELY: Current COPD': 'Y', 'QOF v36 (2016-2017)': ''}",1,6362,Chronic obstructive pulmonary disease (COPD) Primary care -  2,"{'id': 19, 'name': 'CTV3 codes', 'description': 'CTV3 codes'}",PH797,2221,Chronic obstructive pulmonary disease (COPD) Primary care,1
2481,6362,2022-01-17T14:00:11.938099Z,2803,3837,1,2803,3783,169107,XaRCH,Step up change in COPD management plan,"{'BREATHE recommended': '', 'OpenSAFELY: Current COPD': 'Y', 'QOF v36 (2016-2017)': ''}",1,6362,Chronic obstructive pulmonary disease (COPD) Primary care -  2,"{'id': 19, 'name': 'CTV3 codes', 'description': 'CTV3 codes'}",PH797,2221,Chronic obstructive pulmonary disease (COPD) Primary care,1
2481,6362,2022-01-17T14:00:11.938099Z,2803,3837,1,2803,3783,169108,XaW9D,Issue of chronic obstructive pulmonary disease rescue pack,"{'BREATHE recommended': '', 'OpenSAFELY: Current COPD': 'Y', 'QOF v36 (2016-2017)': ''}",1,6362,Chronic obstructive pulmonary disease (COPD) Primary care -  2,"{'id': 19, 'name': 'CTV3 codes', 'description': 'CTV3 codes'}",PH797,2221,Chronic obstructive pulmonary disease (COPD) Primary care,1
2481,6362,2022-01-17T14:00:11.938099Z,2803,3837,1,2803,3783,169109,XaXCa,Chronic obstructive pulmonary disease 3 monthly review,"{'BREATHE recommended': '', 'OpenSAFELY: Current COPD': 'Y', 'QOF v36 (2016-2017)': ''}",1,6362,Chronic obstructive pulmonary disease (COPD) Primary care -  2,"{'id': 19, 'name': 'CTV3 codes', 'description': 'CTV3 codes'}",PH797,2221,Chronic obstructive pulmonary disease (COPD) Primary care,1
2481,6362,2022-01-17T14:00:11.938099Z,2803,3837,1,2803,3783,169110,XaXCb,Chronic obstructive pulmonary disease 6 monthly review,"{'BREATHE recommended': '', 'OpenSAFELY: Current COPD': 'Y', 'QOF v36 (2016-2017)': ''}",1,6362,Chronic obstructive pulmonary disease (COPD) Primary care -  2,"{'id': 19, 'name': 'CTV3 codes', 'description': 'CTV3 codes'}",PH797,2221,Chronic obstructive pulmonary disease (COPD) Primary care,1
2481,6362,2022-01-17T14:00:11.938099Z,2803,3837,1,2803,3783,169111,XaXnt,GP OOH service notified of COPD care plan,"{'BREATHE recommended': '', 'OpenSAFELY: Current COPD': 'Y', 'QOF v36 (2016-2017)': ''}",1,6362,Chronic obstructive pulmonary disease (COPD) Primary care -  2,"{'id': 19, 'name': 'CTV3 codes', 'description': 'CTV3 codes'}",PH797,2221,Chronic obstructive pulmonary disease (COPD) Primary care,1
2481,6362,2022-01-17T14:00:11.938099Z,2803,3837,1,2803,3783,169112,XaXzy,Preferred place of care for next exacerbation of COPD,"{'BREATHE recommended': '', 'OpenSAFELY: Current COPD': 'Y', 'QOF v36 (2016-2017)': ''}",1,6362,Chronic obstructive pulmonary disease (COPD) Primary care -  2,"{'id': 19, 'name': 'CTV3 codes', 'description': 'CTV3 codes'}",PH797,2221,Chronic obstructive pulmonary disease (COPD) Primary care,1
2481,6362,2022-01-17T14:00:11.938099Z,2803,3837,1,2803,3783,169113,XaY05,Chronic obstructiv pulmonary disease medication optimisation,"{'BREATHE recommended': '', 'OpenSAFELY: Current COPD': 'Y', 'QOF v36 (2016-2017)': ''}",1,6362,Chronic obstructive pulmonary disease (COPD) Primary care -  2,"{'id': 19, 'name': 'CTV3 codes', 'description': 'CTV3 codes'}",PH797,2221,Chronic obstructive pulmonary disease (COPD) Primary care,1
2481,6362,2022-01-17T14:00:11.938099Z,2803,3837,1,2803,3783,169114,XaY0w,Referral to COPD community nursing team,"{'BREATHE recommended': '', 'OpenSAFELY: Current COPD': 'Y', 'QOF v36 (2016-2017)': ''}",1,6362,Chronic obstructive pulmonary disease (COPD) Primary care -  2,"{'id': 19, 'name': 'CTV3 codes', 'description': 'CTV3 codes'}",PH797,2221,Chronic obstructive pulmonary disease (COPD) Primary care,1
2481,6362,2022-01-17T14:00:11.938099Z,2803,3837,1,2803,3783,169116,XaYbA,COPD self-management plan agreed,"{'BREATHE recommended': '', 'OpenSAFELY: Current COPD': 'Y', 'QOF v36 (2016-2017)': ''}",1,6362,Chronic obstructive pulmonary disease (COPD) Primary care -  2,"{'id': 19, 'name': 'CTV3 codes', 'description': 'CTV3 codes'}",PH797,2221,Chronic obstructive pulmonary disease (COPD) Primary care,1
2481,6362,2022-01-17T14:00:11.938099Z,2803,3837,1,2803,3783,169115,XaYZO,COPD self-management plan review,"{'BREATHE recommended': '', 'OpenSAFELY: Current COPD': 'Y', 'QOF v36 (2016-2017)': ''}",1,6362,Chronic obstructive pulmonary disease (COPD) Primary care -  2,"{'id': 19, 'name': 'CTV3 codes', 'description': 'CTV3 codes'}",PH797,2221,Chronic obstructive pulmonary disease (COPD) Primary care,1
2481,6362,2022-01-17T14:00:11.938099Z,2803,3837,1,2803,3783,169117,XaZ6U,On chronic obstructive pulmonary disease supprtv cre pathway,"{'BREATHE recommended': '', 'OpenSAFELY: Current COPD': 'Y', 'QOF v36 (2016-2017)': ''}",1,6362,Chronic obstructive pulmonary disease (COPD) Primary care -  2,"{'id': 19, 'name': 'CTV3 codes', 'description': 'CTV3 codes'}",PH797,2221,Chronic obstructive pulmonary disease (COPD) Primary care,1
2481,6362,2022-01-17T14:00:11.938099Z,2803,3837,1,2803,3783,169118,XaZ8t,Has chronic obstructive pulmonary disease care plan,"{'BREATHE recommended': '', 'OpenSAFELY: Current COPD': 'Y', 'QOF v36 (2016-2017)': ''}",1,6362,Chronic obstructive pulmonary disease (COPD) Primary care -  2,"{'id': 19, 'name': 'CTV3 codes', 'description': 'CTV3 codes'}",PH797,2221,Chronic obstructive pulmonary disease (COPD) Primary care,1
2481,6362,2022-01-17T14:00:11.938099Z,2803,3837,1,2803,3783,169119,XaZd1,Acute non-infective exacerbation of COPD,"{'BREATHE recommended': '', 'OpenSAFELY: Current COPD': 'Y', 'QOF v36 (2016-2017)': ''}",1,6362,Chronic obstructive pulmonary disease (COPD) Primary care -  2,"{'id': 19, 'name': 'CTV3 codes', 'description': 'CTV3 codes'}",PH797,2221,Chronic obstructive pulmonary disease (COPD) Primary care,1
2481,6362,2022-01-17T14:00:11.938099Z,2803,3837,1,2803,3783,169120,XaZee,Chronic obstructive pulmonary disease care pathway,"{'BREATHE recommended': '', 'OpenSAFELY: Current COPD': 'Y', 'QOF v36 (2016-2017)': ''}",1,6362,Chronic obstructive pulmonary disease (COPD) Primary care -  2,"{'id': 19, 'name': 'CTV3 codes', 'description': 'CTV3 codes'}",PH797,2221,Chronic obstructive pulmonary disease (COPD) Primary care,1
2481,6362,2022-01-17T14:00:11.938099Z,2803,3837,1,2803,3783,169121,XaZoz,Seen in chronic obstructive pulmonary disease clinic,"{'BREATHE recommended': '', 'OpenSAFELY: Current COPD': 'Y', 'QOF v36 (2016-2017)': ''}",1,6362,Chronic obstructive pulmonary disease (COPD) Primary care -  2,"{'id': 19, 'name': 'CTV3 codes', 'description': 'CTV3 codes'}",PH797,2221,Chronic obstructive pulmonary disease (COPD) Primary care,1
2481,6362,2022-01-17T14:00:11.938099Z,2803,3837,1,2803,3783,169056,XE0YM,Purulent chronic bronchitis,"{'BREATHE recommended': '', 'OpenSAFELY: Current COPD': 'Y', 'QOF v36 (2016-2017)': 'Y'}",1,6362,Chronic obstructive pulmonary disease (COPD) Primary care -  2,"{'id': 19, 'name': 'CTV3 codes', 'description': 'CTV3 codes'}",PH797,2221,Chronic obstructive pulmonary disease (COPD) Primary care,1
2481,6362,2022-01-17T14:00:11.938099Z,2803,3837,1,2803,3783,169057,XE0YN,Bullous emphysema with collapse,"{'BREATHE recommended': '', 'OpenSAFELY: Current COPD': 'Y', 'QOF v36 (2016-2017)': 'Y'}",1,6362,Chronic obstructive pulmonary disease (COPD) Primary care -  2,"{'id': 19, 'name': 'CTV3 codes', 'description': 'CTV3 codes'}",PH797,2221,Chronic obstructive pulmonary disease (COPD) Primary care,1
2481,6362,2022-01-17T14:00:11.938099Z,2803,3837,1,2803,3783,169058,XE0YO,Atrophic (senile) emphysema,"{'BREATHE recommended': '', 'OpenSAFELY: Current COPD': '', 'QOF v36 (2016-2017)': 'Y'}",1,6362,Chronic obstructive pulmonary disease (COPD) Primary care -  2,"{'id': 19, 'name': 'CTV3 codes', 'description': 'CTV3 codes'}",PH797,2221,Chronic obstructive pulmonary disease (COPD) Primary care,1
2481,6362,2022-01-17T14:00:11.938099Z,2803,3837,1,2803,3783,169059,XE0YP,Other emphysema NOS,"{'BREATHE recommended': '', 'OpenSAFELY: Current COPD': 'Y', 'QOF v36 (2016-2017)': 'Y'}",1,6362,Chronic obstructive pulmonary disease (COPD) Primary care -  2,"{'id': 19, 'name': 'CTV3 codes', 'description': 'CTV3 codes'}",PH797,2221,Chronic obstructive pulmonary disease (COPD) Primary care,1
2481,6362,2022-01-17T14:00:11.938099Z,2803,3837,1,2803,3783,169060,XE0ZN,Chronic: [bronchitis NOS] or [tracheobronchitis],"{'BREATHE recommended': '', 'OpenSAFELY: Current COPD': 'Y', 'QOF v36 (2016-2017)': 'Y'}",1,6362,Chronic obstructive pulmonary disease (COPD) Primary care -  2,"{'id': 19, 'name': 'CTV3 codes', 'description': 'CTV3 codes'}",PH797,2221,Chronic obstructive pulmonary disease (COPD) Primary care,1
2481,6362,2022-01-17T14:00:11.938099Z,2803,3837,1,2803,3783,169129,Y1f1b,Chronic obstructive pulmonary disease monitoring invitation,"{'BREATHE recommended': '', 'OpenSAFELY: Current COPD': 'Y', 'QOF v36 (2016-2017)': ''}",1,6362,Chronic obstructive pulmonary disease (COPD) Primary care -  2,"{'id': 19, 'name': 'CTV3 codes', 'description': 'CTV3 codes'}",PH797,2221,Chronic obstructive pulmonary disease (COPD) Primary care,1
2481,6362,2022-01-17T14:00:11.938099Z,2803,3837,1,2803,3783,169130,Y1f94,Quality and Outcomes Framework chronic obstructive pulmonary disease quality indicator-related care invitation (procedure),"{'BREATHE recommended': '', 'OpenSAFELY: Current COPD': 'Y', 'QOF v36 (2016-2017)': ''}",1,6362,Chronic obstructive pulmonary disease (COPD) Primary care -  2,"{'id': 19, 'name': 'CTV3 codes', 'description': 'CTV3 codes'}",PH797,2221,Chronic obstructive pulmonary disease (COPD) Primary care,1
2481,6362,2022-01-17T14:00:11.938099Z,2803,3837,1,2803,3783,169064,XaIND,End stage chronic obstructive airways disease,"{'BREATHE recommended': '', 'OpenSAFELY: Current COPD': 'Y', 'QOF v36 (2016-2017)': 'Y'}",1,6362,Chronic obstructive pulmonary disease (COPD) Primary care -  2,"{'id': 19, 'name': 'CTV3 codes', 'description': 'CTV3 codes'}",PH797,2221,Chronic obstructive pulmonary disease (COPD) Primary care,1
2481,6362,2022-01-17T14:00:11.938099Z,2803,3837,1,2803,3783,169079,XaIQg,Interstitial pulmonary emphysema,"{'BREATHE recommended': '', 'OpenSAFELY: Current COPD': 'Y', 'QOF v36 (2016-2017)': ''}",1,6362,Chronic obstructive pulmonary disease (COPD) Primary care -  2,"{'id': 19, 'name': 'CTV3 codes', 'description': 'CTV3 codes'}",PH797,2221,Chronic obstructive pulmonary disease (COPD) Primary care,1
2481,6362,2022-01-17T14:00:11.938099Z,2803,3837,1,2803,3783,169078,XaIQT,Chronic obstructive pulmonary disease monitoring,"{'BREATHE recommended': '', 'OpenSAFELY: Current COPD': 'Y', 'QOF v36 (2016-2017)': ''}",1,6362,Chronic obstructive pulmonary disease (COPD) Primary care -  2,"{'id': 19, 'name': 'CTV3 codes', 'description': 'CTV3 codes'}",PH797,2221,Chronic obstructive pulmonary disease (COPD) Primary care,1
2481,6362,2022-01-17T14:00:11.938099Z,2803,3837,1,2803,3783,169080,XaIRO,Chronic obstructive pulmonary disease monitoring due,"{'BREATHE recommended': '', 'OpenSAFELY: Current COPD': 'Y', 'QOF v36 (2016-2017)': ''}",1,6362,Chronic obstructive pulmonary disease (COPD) Primary care -  2,"{'id': 19, 'name': 'CTV3 codes', 'description': 'CTV3 codes'}",PH797,2221,Chronic obstructive pulmonary disease (COPD) Primary care,1
2481,6362,2022-01-17T14:00:11.938099Z,2803,3837,1,2803,3783,169084,XaIu7,Chronic obstructive pulmonary disease monitoring by nurse,"{'BREATHE recommended': '', 'OpenSAFELY: Current COPD': 'Y', 'QOF v36 (2016-2017)': ''}",1,6362,Chronic obstructive pulmonary disease (COPD) Primary care -  2,"{'id': 19, 'name': 'CTV3 codes', 'description': 'CTV3 codes'}",PH797,2221,Chronic obstructive pulmonary disease (COPD) Primary care,1
2481,6362,2022-01-17T14:00:11.938099Z,2803,3837,1,2803,3783,169085,XaIu8,Chronic obstructive pulmonary disease monitoring by doctor,"{'BREATHE recommended': '', 'OpenSAFELY: Current COPD': 'Y', 'QOF v36 (2016-2017)': ''}",1,6362,Chronic obstructive pulmonary disease (COPD) Primary care -  2,"{'id': 19, 'name': 'CTV3 codes', 'description': 'CTV3 codes'}",PH797,2221,Chronic obstructive pulmonary disease (COPD) Primary care,1
2481,6362,2022-01-17T14:00:11.938099Z,2803,3837,1,2803,3783,169081,XaIUt,COPD self-management plan given,"{'BREATHE recommended': '', 'OpenSAFELY: Current COPD': 'Y', 'QOF v36 (2016-2017)': ''}",1,6362,Chronic obstructive pulmonary disease (COPD) Primary care -  2,"{'id': 19, 'name': 'CTV3 codes', 'description': 'CTV3 codes'}",PH797,2221,Chronic obstructive pulmonary disease (COPD) Primary care,1
2481,6362,2022-01-17T14:00:11.938099Z,2803,3837,1,2803,3783,169086,XaJFu,Admit COPD emergency,"{'BREATHE recommended': '', 'OpenSAFELY: Current COPD': 'Y', 'QOF v36 (2016-2017)': ''}",1,6362,Chronic obstructive pulmonary disease (COPD) Primary care -  2,"{'id': 19, 'name': 'CTV3 codes', 'description': 'CTV3 codes'}",PH797,2221,Chronic obstructive pulmonary disease (COPD) Primary care,1
2481,6362,2022-01-17T14:00:11.938099Z,2803,3837,1,2803,3783,169088,XaJlS,Chronic obstructive pulmonary disease monitoring admin,"{'BREATHE recommended': '', 'OpenSAFELY: Current COPD': 'Y', 'QOF v36 (2016-2017)': ''}",1,6362,Chronic obstructive pulmonary disease (COPD) Primary care -  2,"{'id': 19, 'name': 'CTV3 codes', 'description': 'CTV3 codes'}",PH797,2221,Chronic obstructive pulmonary disease (COPD) Primary care,1
2481,6362,2022-01-17T14:00:11.938099Z,2803,3837,1,2803,3783,169089,XaJlT,Chronic obstructive pulmonary disease monitoring 1st letter,"{'BREATHE recommended': '', 'OpenSAFELY: Current COPD': 'Y', 'QOF v36 (2016-2017)': ''}",1,6362,Chronic obstructive pulmonary disease (COPD) Primary care -  2,"{'id': 19, 'name': 'CTV3 codes', 'description': 'CTV3 codes'}",PH797,2221,Chronic obstructive pulmonary disease (COPD) Primary care,1
2479,6358,2022-01-17T14:00:08.308940Z,2801,3835,1,2801,3781,168869,967571000006116,Chronic obstructive pulmonary disease monitoring verb invite,{},1,6358,Chronic obstructive pulmonary disease (COPD) Primary care - BREATHE recommended - 3,"{'id': 9, 'name': 'SNOMED  CT codes', 'description': 'SNOMED CT codes'}",PH797,2221,Chronic obstructive pulmonary disease (COPD) Primary care,1
2479,6358,2022-01-17T14:00:08.308940Z,2801,3835,1,2801,3781,168870,967581000006118,Chronic obstructive pulmonary disease monitor phone invite,{},1,6358,Chronic obstructive pulmonary disease (COPD) Primary care - BREATHE recommended - 3,"{'id': 9, 'name': 'SNOMED  CT codes', 'description': 'SNOMED CT codes'}",PH797,2221,Chronic obstructive pulmonary disease (COPD) Primary care,1
2479,6358,2022-01-17T14:00:08.308940Z,2801,3835,1,2801,3781,168871,977891000006112,COPD accident and emergency attendance since last visit,{},1,6358,Chronic obstructive pulmonary disease (COPD) Primary care - BREATHE recommended - 3,"{'id': 9, 'name': 'SNOMED  CT codes', 'description': 'SNOMED CT codes'}",PH797,2221,Chronic obstructive pulmonary disease (COPD) Primary care,1
2479,6358,2022-01-17T14:00:08.308940Z,2801,3835,1,2801,3781,168872,977901000006111,Emergency COPD admission since last appointment,{},1,6358,Chronic obstructive pulmonary disease (COPD) Primary care - BREATHE recommended - 3,"{'id': 9, 'name': 'SNOMED  CT codes', 'description': 'SNOMED CT codes'}",PH797,2221,Chronic obstructive pulmonary disease (COPD) Primary care,1
2479,6358,2022-01-17T14:00:08.308940Z,2801,3835,1,2801,3781,168873,990641000006110,Chronic obst. pulm. dis. NOS,{},1,6358,Chronic obstructive pulmonary disease (COPD) Primary care - BREATHE recommended - 3,"{'id': 9, 'name': 'SNOMED  CT codes', 'description': 'SNOMED CT codes'}",PH797,2221,Chronic obstructive pulmonary disease (COPD) Primary care,1
2479,6358,2022-01-17T14:00:08.308940Z,2801,3835,1,2801,3781,168874,990651000006112,Chr. airway obstruction NOS,{},1,6358,Chronic obstructive pulmonary disease (COPD) Primary care - BREATHE recommended - 3,"{'id': 9, 'name': 'SNOMED  CT codes', 'description': 'SNOMED CT codes'}",PH797,2221,Chronic obstructive pulmonary disease (COPD) Primary care,1
2479,6358,2022-01-17T14:00:08.308940Z,2801,3835,1,2801,3781,168875,998281000006115,Multiple COPD emergency hospital admissions,{},1,6358,Chronic obstructive pulmonary disease (COPD) Primary care - BREATHE recommended - 3,"{'id': 9, 'name': 'SNOMED  CT codes', 'description': 'SNOMED CT codes'}",PH797,2221,Chronic obstructive pulmonary disease (COPD) Primary care,1
2479,6358,2022-01-17T14:00:08.308940Z,2801,3835,1,2801,3781,168876,No found code,Pulmonary emphysema in alpha-1 primary immunodeficiency deficiency (disorder),{},1,6358,Chronic obstructive pulmonary disease (COPD) Primary care - BREATHE recommended - 3,"{'id': 9, 'name': 'SNOMED  CT codes', 'description': 'SNOMED CT codes'}",PH797,2221,Chronic obstructive pulmonary disease (COPD) Primary care,1
2478,6356,2022-01-17T14:00:07.025162Z,2800,3834,1,2800,3780,168753,661M300,COPD self-management plan agreed,{},1,6356,Chronic obstructive pulmonary disease (COPD) Primary care - BREATHE recommended - 1,"{'id': 5, 'name': 'Read codes v2', 'description': 'Read codes v2'}",PH797,2221,Chronic obstructive pulmonary disease (COPD) Primary care,1
2478,6356,2022-01-17T14:00:07.025162Z,2800,3834,1,2800,3780,168754,661N300,COPD self-management plan review,{},1,6356,Chronic obstructive pulmonary disease (COPD) Primary care - BREATHE recommended - 1,"{'id': 5, 'name': 'Read codes v2', 'description': 'Read codes v2'}",PH797,2221,Chronic obstructive pulmonary disease (COPD) Primary care,1
2478,6356,2022-01-17T14:00:07.025162Z,2800,3834,1,2800,3780,168715,663K.00,Airways obstructn irreversible,{},1,6356,Chronic obstructive pulmonary disease (COPD) Primary care - BREATHE recommended - 1,"{'id': 5, 'name': 'Read codes v2', 'description': 'Read codes v2'}",PH797,2221,Chronic obstructive pulmonary disease (COPD) Primary care,1
2478,6356,2022-01-17T14:00:07.025162Z,2800,3834,1,2800,3780,168716,66YB.00,Chronic obstructive pulmonary disease monitoring,{},1,6356,Chronic obstructive pulmonary disease (COPD) Primary care - BREATHE recommended - 1,"{'id': 5, 'name': 'Read codes v2', 'description': 'Read codes v2'}",PH797,2221,Chronic obstructive pulmonary disease (COPD) Primary care,1
2478,6356,2022-01-17T14:00:07.025162Z,2800,3834,1,2800,3780,168755,66YB000,Chronic obstructive pulmonary disease 3 monthly review,{},1,6356,Chronic obstructive pulmonary disease (COPD) Primary care - BREATHE recommended - 1,"{'id': 5, 'name': 'Read codes v2', 'description': 'Read codes v2'}",PH797,2221,Chronic obstructive pulmonary disease (COPD) Primary care,1
2478,6356,2022-01-17T14:00:07.025162Z,2800,3834,1,2800,3780,168756,66YB100,Chronic obstructive pulmonary disease 6 monthly review,{},1,6356,Chronic obstructive pulmonary disease (COPD) Primary care - BREATHE recommended - 1,"{'id': 5, 'name': 'Read codes v2', 'description': 'Read codes v2'}",PH797,2221,Chronic obstructive pulmonary disease (COPD) Primary care,1
2478,6356,2022-01-17T14:00:07.025162Z,2800,3834,1,2800,3780,168757,66YB200,Telehealth chronic obstructive pulmonary disease monitoring,{},1,6356,Chronic obstructive pulmonary disease (COPD) Primary care - BREATHE recommended - 1,"{'id': 5, 'name': 'Read codes v2', 'description': 'Read codes v2'}",PH797,2221,Chronic obstructive pulmonary disease (COPD) Primary care,1
2478,6356,2022-01-17T14:00:07.025162Z,2800,3834,1,2800,3780,168760,66Yd.00,COPD accident and emergency attendance since last visit,{},1,6356,Chronic obstructive pulmonary disease (COPD) Primary care - BREATHE recommended - 1,"{'id': 5, 'name': 'Read codes v2', 'description': 'Read codes v2'}",PH797,2221,Chronic obstructive pulmonary disease (COPD) Primary care,1
2478,6356,2022-01-17T14:00:07.025162Z,2800,3834,1,2800,3780,168717,66YD.00,Chronic obstructive pulmonary disease monitoring due,{},1,6356,Chronic obstructive pulmonary disease (COPD) Primary care - BREATHE recommended - 1,"{'id': 5, 'name': 'Read codes v2', 'description': 'Read codes v2'}",PH797,2221,Chronic obstructive pulmonary disease (COPD) Primary care,1
2478,6356,2022-01-17T14:00:07.025162Z,2800,3834,1,2800,3780,168761,66Ye.00,Emergency COPD admission since last appointment,{},1,6356,Chronic obstructive pulmonary disease (COPD) Primary care - BREATHE recommended - 1,"{'id': 5, 'name': 'Read codes v2', 'description': 'Read codes v2'}",PH797,2221,Chronic obstructive pulmonary disease (COPD) Primary care,1
2478,6356,2022-01-17T14:00:07.025162Z,2800,3834,1,2800,3780,168762,66Yf.00,Number of COPD exacerbations in past year,{},1,6356,Chronic obstructive pulmonary disease (COPD) Primary care - BREATHE recommended - 1,"{'id': 5, 'name': 'Read codes v2', 'description': 'Read codes v2'}",PH797,2221,Chronic obstructive pulmonary disease (COPD) Primary care,1
2478,6356,2022-01-17T14:00:07.025162Z,2800,3834,1,2800,3780,168723,66Yg.00,Chronic obstructive pulmonary disease disturbs sleep,{},1,6356,Chronic obstructive pulmonary disease (COPD) Primary care - BREATHE recommended - 1,"{'id': 5, 'name': 'Read codes v2', 'description': 'Read codes v2'}",PH797,2221,Chronic obstructive pulmonary disease (COPD) Primary care,1
2478,6356,2022-01-17T14:00:07.025162Z,2800,3834,1,2800,3780,168724,66Yh.00,Chronic obstructive pulmonary disease does not disturb sleep,{},1,6356,Chronic obstructive pulmonary disease (COPD) Primary care - BREATHE recommended - 1,"{'id': 5, 'name': 'Read codes v2', 'description': 'Read codes v2'}",PH797,2221,Chronic obstructive pulmonary disease (COPD) Primary care,1
2478,6356,2022-01-17T14:00:07.025162Z,2800,3834,1,2800,3780,168763,66Yi.00,Multiple COPD emergency hospital admissions,{},1,6356,Chronic obstructive pulmonary disease (COPD) Primary care - BREATHE recommended - 1,"{'id': 5, 'name': 'Read codes v2', 'description': 'Read codes v2'}",PH797,2221,Chronic obstructive pulmonary disease (COPD) Primary care,1
2478,6356,2022-01-17T14:00:07.025162Z,2800,3834,1,2800,3780,168758,66YI.00,COPD self-management plan given,{},1,6356,Chronic obstructive pulmonary disease (COPD) Primary care - BREATHE recommended - 1,"{'id': 5, 'name': 'Read codes v2', 'description': 'Read codes v2'}",PH797,2221,Chronic obstructive pulmonary disease (COPD) Primary care,1
2478,6356,2022-01-17T14:00:07.025162Z,2800,3834,1,2800,3780,168718,66YL.00,Chronic obstructive pulmonary disease follow-up,{},1,6356,Chronic obstructive pulmonary disease (COPD) Primary care - BREATHE recommended - 1,"{'id': 5, 'name': 'Read codes v2', 'description': 'Read codes v2'}",PH797,2221,Chronic obstructive pulmonary disease (COPD) Primary care,1
2478,6356,2022-01-17T14:00:07.025162Z,2800,3834,1,2800,3780,168719,66YL.11,COPD follow-up,{},1,6356,Chronic obstructive pulmonary disease (COPD) Primary care - BREATHE recommended - 1,"{'id': 5, 'name': 'Read codes v2', 'description': 'Read codes v2'}",PH797,2221,Chronic obstructive pulmonary disease (COPD) Primary care,1
2478,6356,2022-01-17T14:00:07.025162Z,2800,3834,1,2800,3780,168759,66YL.12,COAD follow-up,{},1,6356,Chronic obstructive pulmonary disease (COPD) Primary care - BREATHE recommended - 1,"{'id': 5, 'name': 'Read codes v2', 'description': 'Read codes v2'}",PH797,2221,Chronic obstructive pulmonary disease (COPD) Primary care,1
2478,6356,2022-01-17T14:00:07.025162Z,2800,3834,1,2800,3780,168720,66YM.00,Chronic obstructive pulmonary disease annual review,{},1,6356,Chronic obstructive pulmonary disease (COPD) Primary care - BREATHE recommended - 1,"{'id': 5, 'name': 'Read codes v2', 'description': 'Read codes v2'}",PH797,2221,Chronic obstructive pulmonary disease (COPD) Primary care,1
2478,6356,2022-01-17T14:00:07.025162Z,2800,3834,1,2800,3780,168721,66YS.00,Chronic obstructive pulmonary disease monitoring by nurse,{},1,6356,Chronic obstructive pulmonary disease (COPD) Primary care - BREATHE recommended - 1,"{'id': 5, 'name': 'Read codes v2', 'description': 'Read codes v2'}",PH797,2221,Chronic obstructive pulmonary disease (COPD) Primary care,1
2478,6356,2022-01-17T14:00:07.025162Z,2800,3834,1,2800,3780,168722,66YT.00,Chronic obstructive pulmonary disease monitoring by doctor,{},1,6356,Chronic obstructive pulmonary disease (COPD) Primary care - BREATHE recommended - 1,"{'id': 5, 'name': 'Read codes v2', 'description': 'Read codes v2'}",PH797,2221,Chronic obstructive pulmonary disease (COPD) Primary care,1
2478,6356,2022-01-17T14:00:07.025162Z,2800,3834,1,2800,3780,168725,679V.00,Health education - chronic obstructive pulmonary disease,{},1,6356,Chronic obstructive pulmonary disease (COPD) Primary care - BREATHE recommended - 1,"{'id': 5, 'name': 'Read codes v2', 'description': 'Read codes v2'}",PH797,2221,Chronic obstructive pulmonary disease (COPD) Primary care,1
2478,6356,2022-01-17T14:00:07.025162Z,2800,3834,1,2800,3780,168764,8CMW500,Chronic obstructive pulmonary disease care pathway,{},1,6356,Chronic obstructive pulmonary disease (COPD) Primary care - BREATHE recommended - 1,"{'id': 5, 'name': 'Read codes v2', 'description': 'Read codes v2'}",PH797,2221,Chronic obstructive pulmonary disease (COPD) Primary care,1
2478,6356,2022-01-17T14:00:07.025162Z,2800,3834,1,2800,3780,168726,8CR1.00,Chronic obstructive pulmonary disease clini management plan,{},1,6356,Chronic obstructive pulmonary disease (COPD) Primary care - BREATHE recommended - 1,"{'id': 5, 'name': 'Read codes v2', 'description': 'Read codes v2'}",PH797,2221,Chronic obstructive pulmonary disease (COPD) Primary care,1
2478,6356,2022-01-17T14:00:07.025162Z,2800,3834,1,2800,3780,168765,8H2R.00,Admit COPD emergency,{},1,6356,Chronic obstructive pulmonary disease (COPD) Primary care - BREATHE recommended - 1,"{'id': 5, 'name': 'Read codes v2', 'description': 'Read codes v2'}",PH797,2221,Chronic obstructive pulmonary disease (COPD) Primary care,1
2478,6356,2022-01-17T14:00:07.025162Z,2800,3834,1,2800,3780,168727,9Oi..00,Chronic obstructive pulmonary disease monitoring admin,{},1,6356,Chronic obstructive pulmonary disease (COPD) Primary care - BREATHE recommended - 1,"{'id': 5, 'name': 'Read codes v2', 'description': 'Read codes v2'}",PH797,2221,Chronic obstructive pulmonary disease (COPD) Primary care,1
2478,6356,2022-01-17T14:00:07.025162Z,2800,3834,1,2800,3780,168728,9Oi0.00,Chronic obstructive pulmonary disease monitoring 1st letter,{},1,6356,Chronic obstructive pulmonary disease (COPD) Primary care - BREATHE recommended - 1,"{'id': 5, 'name': 'Read codes v2', 'description': 'Read codes v2'}",PH797,2221,Chronic obstructive pulmonary disease (COPD) Primary care,1
2478,6356,2022-01-17T14:00:07.025162Z,2800,3834,1,2800,3780,168729,9Oi1.00,Chronic obstructive pulmonary disease monitoring 2nd letter,{},1,6356,Chronic obstructive pulmonary disease (COPD) Primary care - BREATHE recommended - 1,"{'id': 5, 'name': 'Read codes v2', 'description': 'Read codes v2'}",PH797,2221,Chronic obstructive pulmonary disease (COPD) Primary care,1
2478,6356,2022-01-17T14:00:07.025162Z,2800,3834,1,2800,3780,168730,9Oi2.00,Chronic obstructive pulmonary disease monitoring 3rd letter,{},1,6356,Chronic obstructive pulmonary disease (COPD) Primary care - BREATHE recommended - 1,"{'id': 5, 'name': 'Read codes v2', 'description': 'Read codes v2'}",PH797,2221,Chronic obstructive pulmonary disease (COPD) Primary care,1
2478,6356,2022-01-17T14:00:07.025162Z,2800,3834,1,2800,3780,168731,9Oi3.00,Chronic obstructive pulmonary disease monitoring verb invite,{},1,6356,Chronic obstructive pulmonary disease (COPD) Primary care - BREATHE recommended - 1,"{'id': 5, 'name': 'Read codes v2', 'description': 'Read codes v2'}",PH797,2221,Chronic obstructive pulmonary disease (COPD) Primary care,1
2478,6356,2022-01-17T14:00:07.025162Z,2800,3834,1,2800,3780,168732,9Oi4.00,Chronic obstructive pulmonary disease monitor phone invite,{},1,6356,Chronic obstructive pulmonary disease (COPD) Primary care - BREATHE recommended - 1,"{'id': 5, 'name': 'Read codes v2', 'description': 'Read codes v2'}",PH797,2221,Chronic obstructive pulmonary disease (COPD) Primary care,1
2478,6356,2022-01-17T14:00:07.025162Z,2800,3834,1,2800,3780,168733,H3...00,Chronic obstructive pulmonary disease,{},1,6356,Chronic obstructive pulmonary disease (COPD) Primary care - BREATHE recommended - 1,"{'id': 5, 'name': 'Read codes v2', 'description': 'Read codes v2'}",PH797,2221,Chronic obstructive pulmonary disease (COPD) Primary care,1
2478,6356,2022-01-17T14:00:07.025162Z,2800,3834,1,2800,3780,168735,H30z.00,Bronchitis NOS,{},1,6356,Chronic obstructive pulmonary disease (COPD) Primary care - BREATHE recommended - 1,"{'id': 5, 'name': 'Read codes v2', 'description': 'Read codes v2'}",PH797,2221,Chronic obstructive pulmonary disease (COPD) Primary care,1
2478,6356,2022-01-17T14:00:07.025162Z,2800,3834,1,2800,3780,168736,H31..00,Chronic bronchitis,{},1,6356,Chronic obstructive pulmonary disease (COPD) Primary care - BREATHE recommended - 1,"{'id': 5, 'name': 'Read codes v2', 'description': 'Read codes v2'}",PH797,2221,Chronic obstructive pulmonary disease (COPD) Primary care,1
2478,6356,2022-01-17T14:00:07.025162Z,2800,3834,1,2800,3780,168737,H310.00,Simple chronic bronchitis,{},1,6356,Chronic obstructive pulmonary disease (COPD) Primary care - BREATHE recommended - 1,"{'id': 5, 'name': 'Read codes v2', 'description': 'Read codes v2'}",PH797,2221,Chronic obstructive pulmonary disease (COPD) Primary care,1
2478,6356,2022-01-17T14:00:07.025162Z,2800,3834,1,2800,3780,168766,H310z00,Simple chronic bronchitis NOS,{},1,6356,Chronic obstructive pulmonary disease (COPD) Primary care - BREATHE recommended - 1,"{'id': 5, 'name': 'Read codes v2', 'description': 'Read codes v2'}",PH797,2221,Chronic obstructive pulmonary disease (COPD) Primary care,1
2478,6356,2022-01-17T14:00:07.025162Z,2800,3834,1,2800,3780,168734,H3...11,Chronic obstructive airways disease,{},1,6356,Chronic obstructive pulmonary disease (COPD) Primary care - BREATHE recommended - 1,"{'id': 5, 'name': 'Read codes v2', 'description': 'Read codes v2'}",PH797,2221,Chronic obstructive pulmonary disease (COPD) Primary care,1
2478,6356,2022-01-17T14:00:07.025162Z,2800,3834,1,2800,3780,168738,H311.00,Mucopurulent chronic bronchitis,{},1,6356,Chronic obstructive pulmonary disease (COPD) Primary care - BREATHE recommended - 1,"{'id': 5, 'name': 'Read codes v2', 'description': 'Read codes v2'}",PH797,2221,Chronic obstructive pulmonary disease (COPD) Primary care,1
2478,6356,2022-01-17T14:00:07.025162Z,2800,3834,1,2800,3780,168767,H311z00,Mucopurulent chronic bronchitis NOS,{},1,6356,Chronic obstructive pulmonary disease (COPD) Primary care - BREATHE recommended - 1,"{'id': 5, 'name': 'Read codes v2', 'description': 'Read codes v2'}",PH797,2221,Chronic obstructive pulmonary disease (COPD) Primary care,1
2478,6356,2022-01-17T14:00:07.025162Z,2800,3834,1,2800,3780,168768,H312.00,Obstructive chronic bronchitis,{},1,6356,Chronic obstructive pulmonary disease (COPD) Primary care - BREATHE recommended - 1,"{'id': 5, 'name': 'Read codes v2', 'description': 'Read codes v2'}",PH797,2221,Chronic obstructive pulmonary disease (COPD) Primary care,1
2478,6356,2022-01-17T14:00:07.025162Z,2800,3834,1,2800,3780,168739,H312100,Emphysematous bronchitis,{},1,6356,Chronic obstructive pulmonary disease (COPD) Primary care - BREATHE recommended - 1,"{'id': 5, 'name': 'Read codes v2', 'description': 'Read codes v2'}",PH797,2221,Chronic obstructive pulmonary disease (COPD) Primary care,1
2478,6356,2022-01-17T14:00:07.025162Z,2800,3834,1,2800,3780,168769,H312200,Acute exacerbation of chronic obstructive airways disease,{},1,6356,Chronic obstructive pulmonary disease (COPD) Primary care - BREATHE recommended - 1,"{'id': 5, 'name': 'Read codes v2', 'description': 'Read codes v2'}",PH797,2221,Chronic obstructive pulmonary disease (COPD) Primary care,1
2478,6356,2022-01-17T14:00:07.025162Z,2800,3834,1,2800,3780,168740,H312z00,Obstructive chronic bronchitis NOS,{},1,6356,Chronic obstructive pulmonary disease (COPD) Primary care - BREATHE recommended - 1,"{'id': 5, 'name': 'Read codes v2', 'description': 'Read codes v2'}",PH797,2221,Chronic obstructive pulmonary disease (COPD) Primary care,1
2478,6356,2022-01-17T14:00:07.025162Z,2800,3834,1,2800,3780,168770,H31z.00,Chronic bronchitis NOS,{},1,6356,Chronic obstructive pulmonary disease (COPD) Primary care - BREATHE recommended - 1,"{'id': 5, 'name': 'Read codes v2', 'description': 'Read codes v2'}",PH797,2221,Chronic obstructive pulmonary disease (COPD) Primary care,1
2478,6356,2022-01-17T14:00:07.025162Z,2800,3834,1,2800,3780,168741,H32..00,Emphysema,{},1,6356,Chronic obstructive pulmonary disease (COPD) Primary care - BREATHE recommended - 1,"{'id': 5, 'name': 'Read codes v2', 'description': 'Read codes v2'}",PH797,2221,Chronic obstructive pulmonary disease (COPD) Primary care,1
2478,6356,2022-01-17T14:00:07.025162Z,2800,3834,1,2800,3780,168742,H320.00,Chronic bullous emphysema,{},1,6356,Chronic obstructive pulmonary disease (COPD) Primary care - BREATHE recommended - 1,"{'id': 5, 'name': 'Read codes v2', 'description': 'Read codes v2'}",PH797,2221,Chronic obstructive pulmonary disease (COPD) Primary care,1
2478,6356,2022-01-17T14:00:07.025162Z,2800,3834,1,2800,3780,168771,H320000,Segmental bullous emphysema,{},1,6356,Chronic obstructive pulmonary disease (COPD) Primary care - BREATHE recommended - 1,"{'id': 5, 'name': 'Read codes v2', 'description': 'Read codes v2'}",PH797,2221,Chronic obstructive pulmonary disease (COPD) Primary care,1
2478,6356,2022-01-17T14:00:07.025162Z,2800,3834,1,2800,3780,168772,H320100,Zonal bullous emphysema,{},1,6356,Chronic obstructive pulmonary disease (COPD) Primary care - BREATHE recommended - 1,"{'id': 5, 'name': 'Read codes v2', 'description': 'Read codes v2'}",PH797,2221,Chronic obstructive pulmonary disease (COPD) Primary care,1
2478,6356,2022-01-17T14:00:07.025162Z,2800,3834,1,2800,3780,168773,H320300,Bullous emphysema with collapse,{},1,6356,Chronic obstructive pulmonary disease (COPD) Primary care - BREATHE recommended - 1,"{'id': 5, 'name': 'Read codes v2', 'description': 'Read codes v2'}",PH797,2221,Chronic obstructive pulmonary disease (COPD) Primary care,1
2478,6356,2022-01-17T14:00:07.025162Z,2800,3834,1,2800,3780,168743,H320z00,Chronic bullous emphysema NOS,{},1,6356,Chronic obstructive pulmonary disease (COPD) Primary care - BREATHE recommended - 1,"{'id': 5, 'name': 'Read codes v2', 'description': 'Read codes v2'}",PH797,2221,Chronic obstructive pulmonary disease (COPD) Primary care,1
2478,6356,2022-01-17T14:00:07.025162Z,2800,3834,1,2800,3780,168774,H321.00,Panlobular emphysema,{},1,6356,Chronic obstructive pulmonary disease (COPD) Primary care - BREATHE recommended - 1,"{'id': 5, 'name': 'Read codes v2', 'description': 'Read codes v2'}",PH797,2221,Chronic obstructive pulmonary disease (COPD) Primary care,1
2478,6356,2022-01-17T14:00:07.025162Z,2800,3834,1,2800,3780,168744,H322.00,Centrilobular emphysema,{},1,6356,Chronic obstructive pulmonary disease (COPD) Primary care - BREATHE recommended - 1,"{'id': 5, 'name': 'Read codes v2', 'description': 'Read codes v2'}",PH797,2221,Chronic obstructive pulmonary disease (COPD) Primary care,1
2478,6356,2022-01-17T14:00:07.025162Z,2800,3834,1,2800,3780,168775,H32y.00,Other emphysema,{},1,6356,Chronic obstructive pulmonary disease (COPD) Primary care - BREATHE recommended - 1,"{'id': 5, 'name': 'Read codes v2', 'description': 'Read codes v2'}",PH797,2221,Chronic obstructive pulmonary disease (COPD) Primary care,1
2478,6356,2022-01-17T14:00:07.025162Z,2800,3834,1,2800,3780,168745,H32z.00,Emphysema NOS,{},1,6356,Chronic obstructive pulmonary disease (COPD) Primary care - BREATHE recommended - 1,"{'id': 5, 'name': 'Read codes v2', 'description': 'Read codes v2'}",PH797,2221,Chronic obstructive pulmonary disease (COPD) Primary care,1
2478,6356,2022-01-17T14:00:07.025162Z,2800,3834,1,2800,3780,168746,H36..00,Mild chronic obstructive pulmonary disease,{},1,6356,Chronic obstructive pulmonary disease (COPD) Primary care - BREATHE recommended - 1,"{'id': 5, 'name': 'Read codes v2', 'description': 'Read codes v2'}",PH797,2221,Chronic obstructive pulmonary disease (COPD) Primary care,1
2478,6356,2022-01-17T14:00:07.025162Z,2800,3834,1,2800,3780,168747,H37..00,Moderate chronic obstructive pulmonary disease,{},1,6356,Chronic obstructive pulmonary disease (COPD) Primary care - BREATHE recommended - 1,"{'id': 5, 'name': 'Read codes v2', 'description': 'Read codes v2'}",PH797,2221,Chronic obstructive pulmonary disease (COPD) Primary care,1
2478,6356,2022-01-17T14:00:07.025162Z,2800,3834,1,2800,3780,168748,H38..00,Severe chronic obstructive pulmonary disease,{},1,6356,Chronic obstructive pulmonary disease (COPD) Primary care - BREATHE recommended - 1,"{'id': 5, 'name': 'Read codes v2', 'description': 'Read codes v2'}",PH797,2221,Chronic obstructive pulmonary disease (COPD) Primary care,1
2478,6356,2022-01-17T14:00:07.025162Z,2800,3834,1,2800,3780,168749,H39..00,Very severe chronic obstructive pulmonary disease,{},1,6356,Chronic obstructive pulmonary disease (COPD) Primary care - BREATHE recommended - 1,"{'id': 5, 'name': 'Read codes v2', 'description': 'Read codes v2'}",PH797,2221,Chronic obstructive pulmonary disease (COPD) Primary care,1
2478,6356,2022-01-17T14:00:07.025162Z,2800,3834,1,2800,3780,168776,H3A..00,End stage chronic obstructive airways disease,{},1,6356,Chronic obstructive pulmonary disease (COPD) Primary care - BREATHE recommended - 1,"{'id': 5, 'name': 'Read codes v2', 'description': 'Read codes v2'}",PH797,2221,Chronic obstructive pulmonary disease (COPD) Primary care,1
2478,6356,2022-01-17T14:00:07.025162Z,2800,3834,1,2800,3780,168777,H3B..00,Asthma-chronic obstructive pulmonary disease overlap syndrom,{},1,6356,Chronic obstructive pulmonary disease (COPD) Primary care - BREATHE recommended - 1,"{'id': 5, 'name': 'Read codes v2', 'description': 'Read codes v2'}",PH797,2221,Chronic obstructive pulmonary disease (COPD) Primary care,1
2478,6356,2022-01-17T14:00:07.025162Z,2800,3834,1,2800,3780,168750,H3y..00,Other specified chronic obstructive airways disease,{},1,6356,Chronic obstructive pulmonary disease (COPD) Primary care - BREATHE recommended - 1,"{'id': 5, 'name': 'Read codes v2', 'description': 'Read codes v2'}",PH797,2221,Chronic obstructive pulmonary disease (COPD) Primary care,1
2478,6356,2022-01-17T14:00:07.025162Z,2800,3834,1,2800,3780,168779,H3y0.00,Chronic obstruct pulmonary dis with acute lower resp infectn,{},1,6356,Chronic obstructive pulmonary disease (COPD) Primary care - BREATHE recommended - 1,"{'id': 5, 'name': 'Read codes v2', 'description': 'Read codes v2'}",PH797,2221,Chronic obstructive pulmonary disease (COPD) Primary care,1
2478,6356,2022-01-17T14:00:07.025162Z,2800,3834,1,2800,3780,168780,H3y1.00,"Chron obstruct pulmonary dis wth acute exacerbation, unspec",{},1,6356,Chronic obstructive pulmonary disease (COPD) Primary care - BREATHE recommended - 1,"{'id': 5, 'name': 'Read codes v2', 'description': 'Read codes v2'}",PH797,2221,Chronic obstructive pulmonary disease (COPD) Primary care,1
2478,6356,2022-01-17T14:00:07.025162Z,2800,3834,1,2800,3780,168778,H3y..11,Other specified chronic obstructive pulmonary disease,{},1,6356,Chronic obstructive pulmonary disease (COPD) Primary care - BREATHE recommended - 1,"{'id': 5, 'name': 'Read codes v2', 'description': 'Read codes v2'}",PH797,2221,Chronic obstructive pulmonary disease (COPD) Primary care,1
2478,6356,2022-01-17T14:00:07.025162Z,2800,3834,1,2800,3780,168751,H3z..00,Chronic obstructive airways disease NOS,{},1,6356,Chronic obstructive pulmonary disease (COPD) Primary care - BREATHE recommended - 1,"{'id': 5, 'name': 'Read codes v2', 'description': 'Read codes v2'}",PH797,2221,Chronic obstructive pulmonary disease (COPD) Primary care,1
2478,6356,2022-01-17T14:00:07.025162Z,2800,3834,1,2800,3780,168752,H3z..11,Chronic obstructive pulmonary disease NOS,{},1,6356,Chronic obstructive pulmonary disease (COPD) Primary care - BREATHE recommended - 1,"{'id': 5, 'name': 'Read codes v2', 'description': 'Read codes v2'}",PH797,2221,Chronic obstructive pulmonary disease (COPD) Primary care,1
2478,6356,2022-01-17T14:00:07.025162Z,2800,3834,1,2800,3780,168781,Hyu3100,[X]Other specified chronic obstructive pulmonary disease,{},1,6356,Chronic obstructive pulmonary disease (COPD) Primary care - BREATHE recommended - 1,"{'id': 5, 'name': 'Read codes v2', 'description': 'Read codes v2'}",PH797,2221,Chronic obstructive pulmonary disease (COPD) Primary care,1
2486,6372,2022-01-17T14:00:19.180089Z,2808,3842,1,2808,3788,169354,J42,Unspecified chronic bronchitis,"{'BREATHE Chronic bronchitis': 'Y', 'BREATHE Emphysema': '', 'BREATHE incident COPD': 'Y', 'BREATHE prevalent COPD': 'Y', 'BREATHE COPD exacerbations': '', 'BREATHE recommended': 'Y', 'LSHTM Data Compass - 2037': 'Y', 'Gershon et al., 2009': '', 'Duckworth et al., 2020': 'Y', 'Ellingsen et al., 2020': '', 'Griffith et al., 2020': 'Y', 'Groot et al., 2020': 'Y', 'Heinmuller et al., 2020': '', 'Janson et al., 2020 & Stallberg et al., 2020': '', 'Joo et al., 2020': 'Y', 'Peng et al., 2020': 'Y', 'Petermann-Rocha et al., 2020': '', 'Pirina et al., 2020': '', 'Rayner et al., 2020': 'Y', 'Thomas et al., 2020': 'Y'}",1,6372,Chronic obstructive pulmonary disease (COPD) Secondary care -  2,"{'id': 4, 'name': 'ICD10 codes', 'description': 'ICD10 Codes'}",PH798,2222,Chronic obstructive pulmonary disease (COPD) Secondary care,0
2486,6372,2022-01-17T14:00:19.180089Z,2808,3842,1,2808,3788,169355,J43,Emphysema,"{'BREATHE Chronic bronchitis': '', 'BREATHE Emphysema': 'Y', 'BREATHE incident COPD': 'Y', 'BREATHE prevalent COPD': 'Y', 'BREATHE COPD exacerbations': '', 'BREATHE recommended': 'Y', 'LSHTM Data Compass - 2037': 'Y', 'Gershon et al., 2009': 'Y', 'Duckworth et al., 2020': 'Y', 'Ellingsen et al., 2020': '', 'Griffith et al., 2020': 'Y', 'Groot et al., 2020': 'Y', 'Heinmuller et al., 2020': '', 'Janson et al., 2020 & Stallberg et al., 2020': '', 'Joo et al., 2020': 'Y', 'Peng et al., 2020': 'Y', 'Petermann-Rocha et al., 2020': '', 'Pirina et al., 2020': '', 'Rayner et al., 2020': 'Y', 'Thomas et al., 2020': 'Y'}",1,6372,Chronic obstructive pulmonary disease (COPD) Secondary care -  2,"{'id': 4, 'name': 'ICD10 codes', 'description': 'ICD10 Codes'}",PH798,2222,Chronic obstructive pulmonary disease (COPD) Secondary care,0
2487,6374,2022-01-17T14:00:19.593884Z,2809,3843,1,2809,3789,169371,CA22,Chronic obstructive pulmonary disease,{'BREATHE recommended': ''},1,6374,Chronic obstructive pulmonary disease (COPD) Secondary care -  3,"{'id': 18, 'name': 'ICD11 codes', 'description': 'ICD11 codes'}",PH798,2222,Chronic obstructive pulmonary disease (COPD) Secondary care,0
,,,,,,,,,,,,,,,,,,,
2486,6372,2022-01-17T14:00:19.180089Z,2808,3842,1,2808,3788,169350,J41,Simple and mucopurulent chronic bronchitis,"{'BREATHE Chronic bronchitis': '', 'BREATHE Emphysema': '', 'BREATHE incident COPD': '', 'BREATHE prevalent COPD': '', 'BREATHE COPD exacerbations': '', 'BREATHE recommended': '', 'LSHTM Data Compass - 2037': 'Y', 'Gershon et al., 2009': 'Y', 'Duckworth et al., 2020': 'Y', 'Ellingsen et al., 2020': '', 'Griffith et al., 2020': 'Y', 'Groot et al., 2020': 'Y', 'Heinmuller et al., 2020': '', 'Janson et al., 2020 & Stallberg et al., 2020': '', 'Joo et al., 2020': 'Y', 'Peng et al., 2020': 'Y', 'Petermann-Rocha et al., 2020': '', 'Pirina et al., 2020': '', 'Rayner et al., 2020': 'Y', 'Thomas et al., 2020': 'Y'}",1,6372,Chronic obstructive pulmonary disease (COPD) Secondary care -  2,"{'id': 4, 'name': 'ICD10 codes', 'description': 'ICD10 Codes'}",PH798,2222,Chronic obstructive pulmonary disease (COPD) Secondary care,0
2486,6372,2022-01-17T14:00:19.180089Z,2808,3842,1,2808,3788,169351,J41.0,Simple chronic bronchitis,"{'BREATHE Chronic bronchitis': 'Y', 'BREATHE Emphysema': '', 'BREATHE incident COPD': 'Y', 'BREATHE prevalent COPD': 'Y', 'BREATHE COPD exacerbations': '', 'BREATHE recommended': 'Y', 'LSHTM Data Compass - 2037': 'Y', 'Gershon et al., 2009': '', 'Duckworth et al., 2020': '', 'Ellingsen et al., 2020': '', 'Griffith et al., 2020': 'Y', 'Groot et al., 2020': '', 'Heinmuller et al., 2020': '', 'Janson et al., 2020 & Stallberg et al., 2020': '', 'Joo et al., 2020': '', 'Peng et al., 2020': '', 'Petermann-Rocha et al., 2020': '', 'Pirina et al., 2020': '', 'Rayner et al., 2020': '', 'Thomas et al., 2020': ''}",1,6372,Chronic obstructive pulmonary disease (COPD) Secondary care -  2,"{'id': 4, 'name': 'ICD10 codes', 'description': 'ICD10 Codes'}",PH798,2222,Chronic obstructive pulmonary disease (COPD) Secondary care,0
2486,6372,2022-01-17T14:00:19.180089Z,2808,3842,1,2808,3788,169352,J41.1,Mucopurulent chronic bronchitis,"{'BREATHE Chronic bronchitis': '', 'BREATHE Emphysema': '', 'BREATHE incident COPD': '', 'BREATHE prevalent COPD': '', 'BREATHE COPD exacerbations': '', 'BREATHE recommended': '', 'LSHTM Data Compass - 2037': 'Y', 'Gershon et al., 2009': '', 'Duckworth et al., 2020': '', 'Ellingsen et al., 2020': '', 'Griffith et al., 2020': 'Y', 'Groot et al., 2020': '', 'Heinmuller et al., 2020': '', 'Janson et al., 2020 & Stallberg et al., 2020': '', 'Joo et al., 2020': '', 'Peng et al., 2020': '', 'Petermann-Rocha et al., 2020': '', 'Pirina et al., 2020': '', 'Rayner et al., 2020': '', 'Thomas et al., 2020': ''}",1,6372,Chronic obstructive pulmonary disease (COPD) Secondary care -  2,"{'id': 4, 'name': 'ICD10 codes', 'description': 'ICD10 Codes'}",PH798,2222,Chronic obstructive pulmonary disease (COPD) Secondary care,0
2486,6372,2022-01-17T14:00:19.180089Z,2808,3842,1,2808,3788,169353,J41.8,Mixed simple and mucopurulent chronic bronchitis,"{'BREATHE Chronic bronchitis': '', 'BREATHE Emphysema': '', 'BREATHE incident COPD': '', 'BREATHE prevalent COPD': '', 'BREATHE COPD exacerbations': '', 'BREATHE recommended': '', 'LSHTM Data Compass - 2037': 'Y', 'Gershon et al., 2009': '', 'Duckworth et al., 2020': '', 'Ellingsen et al., 2020': '', 'Griffith et al., 2020': 'Y', 'Groot et al., 2020': '', 'Heinmuller et al., 2020': '', 'Janson et al., 2020 & Stallberg et al., 2020': '', 'Joo et al., 2020': '', 'Peng et al., 2020': '', 'Petermann-Rocha et al., 2020': '', 'Pirina et al., 2020': '', 'Rayner et al., 2020': '', 'Thomas et al., 2020': ''}",1,6372,Chronic obstructive pulmonary disease (COPD) Secondary care -  2,"{'id': 4, 'name': 'ICD10 codes', 'description': 'ICD10 Codes'}",PH798,2222,Chronic obstructive pulmonary disease (COPD) Secondary care,0
2479,6358,2022-01-17T14:00:08.308940Z,2801,3835,1,2801,3781,168782,105519017,Chronic bronchitis,{},1,6358,Chronic obstructive pulmonary disease (COPD) Primary care - BREATHE recommended - 3,"{'id': 9, 'name': 'SNOMED  CT codes', 'description': 'SNOMED CT codes'}",PH797,2221,Chronic obstructive pulmonary disease (COPD) Primary care,1
2479,6358,2022-01-17T14:00:08.308940Z,2801,3835,1,2801,3781,168783,113497011,Centrilobular emphysema,{},1,6358,Chronic obstructive pulmonary disease (COPD) Primary care - BREATHE recommended - 3,"{'id': 9, 'name': 'SNOMED  CT codes', 'description': 'SNOMED CT codes'}",PH797,2221,Chronic obstructive pulmonary disease (COPD) Primary care,1
2479,6358,2022-01-17T14:00:08.308940Z,2801,3835,1,2801,3781,168784,1222334016,Other specified chronic obstructive pulmonary disease,{},1,6358,Chronic obstructive pulmonary disease (COPD) Primary care - BREATHE recommended - 3,"{'id': 9, 'name': 'SNOMED  CT codes', 'description': 'SNOMED CT codes'}",PH797,2221,Chronic obstructive pulmonary disease (COPD) Primary care,1
2479,6358,2022-01-17T14:00:08.308940Z,2801,3835,1,2801,3781,168785,1222335015,Chronic obstructive pulmonary disease NOS,{},1,6358,Chronic obstructive pulmonary disease (COPD) Primary care - BREATHE recommended - 3,"{'id': 9, 'name': 'SNOMED  CT codes', 'description': 'SNOMED CT codes'}",PH797,2221,Chronic obstructive pulmonary disease (COPD) Primary care,1
2479,6358,2022-01-17T14:00:08.308940Z,2801,3835,1,2801,3781,168786,1484924013,Chronic obstructive pulmonary disease monitoring,{},1,6358,Chronic obstructive pulmonary disease (COPD) Primary care - BREATHE recommended - 3,"{'id': 9, 'name': 'SNOMED  CT codes', 'description': 'SNOMED CT codes'}",PH797,2221,Chronic obstructive pulmonary disease (COPD) Primary care,1
2479,6358,2022-01-17T14:00:08.308940Z,2801,3835,1,2801,3781,168787,1484971019,Chronic obstructive pulmonary disease monitoring due,{},1,6358,Chronic obstructive pulmonary disease (COPD) Primary care - BREATHE recommended - 3,"{'id': 9, 'name': 'SNOMED  CT codes', 'description': 'SNOMED CT codes'}",PH797,2221,Chronic obstructive pulmonary disease (COPD) Primary care,1
2486,6372,2022-01-17T14:00:19.180089Z,2808,3842,1,2808,3788,169356,J43.0,MacLeod syndrome,"{'BREATHE Chronic bronchitis': '', 'BREATHE Emphysema': '', 'BREATHE incident COPD': '', 'BREATHE prevalent COPD': '', 'BREATHE COPD exacerbations': '', 'BREATHE recommended': '', 'LSHTM Data Compass - 2037': 'Y', 'Gershon et al., 2009': '', 'Duckworth et al., 2020': '', 'Ellingsen et al., 2020': '', 'Griffith et al., 2020': 'Y', 'Groot et al., 2020': '', 'Heinmuller et al., 2020': '', 'Janson et al., 2020 & Stallberg et al., 2020': '', 'Joo et al., 2020': '', 'Peng et al., 2020': '', 'Petermann-Rocha et al., 2020': '', 'Pirina et al., 2020': '', 'Rayner et al., 2020': '', 'Thomas et al., 2020': ''}",1,6372,Chronic obstructive pulmonary disease (COPD) Secondary care -  2,"{'id': 4, 'name': 'ICD10 codes', 'description': 'ICD10 Codes'}",PH798,2222,Chronic obstructive pulmonary disease (COPD) Secondary care,0
2486,6372,2022-01-17T14:00:19.180089Z,2808,3842,1,2808,3788,169357,J43.1,Panlobular emphysema,"{'BREATHE Chronic bronchitis': '', 'BREATHE Emphysema': 'Y', 'BREATHE incident COPD': 'Y', 'BREATHE prevalent COPD': 'Y', 'BREATHE COPD exacerbations': '', 'BREATHE recommended': 'Y', 'LSHTM Data Compass - 2037': 'Y', 'Gershon et al., 2009': '', 'Duckworth et al., 2020': '', 'Ellingsen et al., 2020': '', 'Griffith et al., 2020': 'Y', 'Groot et al., 2020': '', 'Heinmuller et al., 2020': '', 'Janson et al., 2020 & Stallberg et al., 2020': '', 'Joo et al., 2020': '', 'Peng et al., 2020': '', 'Petermann-Rocha et al., 2020': '', 'Pirina et al., 2020': '', 'Rayner et al., 2020': '', 'Thomas et al., 2020': ''}",1,6372,Chronic obstructive pulmonary disease (COPD) Secondary care -  2,"{'id': 4, 'name': 'ICD10 codes', 'description': 'ICD10 Codes'}",PH798,2222,Chronic obstructive pulmonary disease (COPD) Secondary care,0
2486,6372,2022-01-17T14:00:19.180089Z,2808,3842,1,2808,3788,169358,J43.2,Centrilobular emphysema,"{'BREATHE Chronic bronchitis': '', 'BREATHE Emphysema': 'Y', 'BREATHE incident COPD': 'Y', 'BREATHE prevalent COPD': 'Y', 'BREATHE COPD exacerbations': '', 'BREATHE recommended': 'Y', 'LSHTM Data Compass - 2037': 'Y', 'Gershon et al., 2009': '', 'Duckworth et al., 2020': '', 'Ellingsen et al., 2020': '', 'Griffith et al., 2020': 'Y', 'Groot et al., 2020': '', 'Heinmuller et al., 2020': '', 'Janson et al., 2020 & Stallberg et al., 2020': '', 'Joo et al., 2020': '', 'Peng et al., 2020': '', 'Petermann-Rocha et al., 2020': '', 'Pirina et al., 2020': '', 'Rayner et al., 2020': '', 'Thomas et al., 2020': ''}",1,6372,Chronic obstructive pulmonary disease (COPD) Secondary care -  2,"{'id': 4, 'name': 'ICD10 codes', 'description': 'ICD10 Codes'}",PH798,2222,Chronic obstructive pulmonary disease (COPD) Secondary care,0
2486,6372,2022-01-17T14:00:19.180089Z,2808,3842,1,2808,3788,169359,J43.8,Other emphysema,"{'BREATHE Chronic bronchitis': '', 'BREATHE Emphysema': 'Y', 'BREATHE incident COPD': 'Y', 'BREATHE prevalent COPD': 'Y', 'BREATHE COPD exacerbations': '', 'BREATHE recommended': 'Y', 'LSHTM Data Compass - 2037': 'Y', 'Gershon et al., 2009': '', 'Duckworth et al., 2020': '', 'Ellingsen et al., 2020': '', 'Griffith et al., 2020': 'Y', 'Groot et al., 2020': '', 'Heinmuller et al., 2020': '', 'Janson et al., 2020 & Stallberg et al., 2020': '', 'Joo et al., 2020': '', 'Peng et al., 2020': '', 'Petermann-Rocha et al., 2020': '', 'Pirina et al., 2020': '', 'Rayner et al., 2020': '', 'Thomas et al., 2020': ''}",1,6372,Chronic obstructive pulmonary disease (COPD) Secondary care -  2,"{'id': 4, 'name': 'ICD10 codes', 'description': 'ICD10 Codes'}",PH798,2222,Chronic obstructive pulmonary disease (COPD) Secondary care,0
2486,6372,2022-01-17T14:00:19.180089Z,2808,3842,1,2808,3788,169360,J43.9,"Emphysema, unspecified","{'BREATHE Chronic bronchitis': '', 'BREATHE Emphysema': 'Y', 'BREATHE incident COPD': 'Y', 'BREATHE prevalent COPD': 'Y', 'BREATHE COPD exacerbations': '', 'BREATHE recommended': 'Y', 'LSHTM Data Compass - 2037': 'Y', 'Gershon et al., 2009': '', 'Duckworth et al., 2020': '', 'Ellingsen et al., 2020': '', 'Griffith et al., 2020': 'Y', 'Groot et al., 2020': '', 'Heinmuller et al., 2020': '', 'Janson et al., 2020 & Stallberg et al., 2020': '', 'Joo et al., 2020': '', 'Peng et al., 2020': '', 'Petermann-Rocha et al., 2020': '', 'Pirina et al., 2020': '', 'Rayner et al., 2020': '', 'Thomas et al., 2020': ''}",1,6372,Chronic obstructive pulmonary disease (COPD) Secondary care -  2,"{'id': 4, 'name': 'ICD10 codes', 'description': 'ICD10 Codes'}",PH798,2222,Chronic obstructive pulmonary disease (COPD) Secondary care,0
2486,6372,2022-01-17T14:00:19.180089Z,2808,3842,1,2808,3788,169361,J44,Other chronic obstructive pulmonary disease,"{'BREATHE Chronic bronchitis': 'Y', 'BREATHE Emphysema': 'Y', 'BREATHE incident COPD': 'Y', 'BREATHE prevalent COPD': 'Y', 'BREATHE COPD exacerbations': '', 'BREATHE recommended': 'Y', 'LSHTM Data Compass - 2037': '', 'Gershon et al., 2009': 'Y', 'Duckworth et al., 2020': 'Y', 'Ellingsen et al., 2020': 'Y', 'Griffith et al., 2020': 'Y', 'Groot et al., 2020': 'Y', 'Heinmuller et al., 2020': '', 'Janson et al., 2020 & Stallberg et al., 2020': 'Y', 'Joo et al., 2020': 'Y', 'Peng et al., 2020': 'Y', 'Petermann-Rocha et al., 2020': 'Y', 'Pirina et al., 2020': 'Y', 'Rayner et al., 2020': 'Y', 'Thomas et al., 2020': 'Y'}",1,6372,Chronic obstructive pulmonary disease (COPD) Secondary care -  2,"{'id': 4, 'name': 'ICD10 codes', 'description': 'ICD10 Codes'}",PH798,2222,Chronic obstructive pulmonary disease (COPD) Secondary care,0
2486,6372,2022-01-17T14:00:19.180089Z,2808,3842,1,2808,3788,169362,J44.0,Chronic obstructive pulmonary disease with acute lower respiratory infection,"{'BREATHE Chronic bronchitis': 'Y', 'BREATHE Emphysema': 'Y', 'BREATHE incident COPD': 'Y', 'BREATHE prevalent COPD': 'Y', 'BREATHE COPD exacerbations': 'Y', 'BREATHE recommended': 'Y', 'LSHTM Data Compass - 2037': 'Y', 'Gershon et al., 2009': '', 'Duckworth et al., 2020': '', 'Ellingsen et al., 2020': '', 'Griffith et al., 2020': 'Y', 'Groot et al., 2020': '', 'Heinmuller et al., 2020': 'Y', 'Janson et al., 2020 & Stallberg et al., 2020': '', 'Joo et al., 2020': '', 'Peng et al., 2020': '', 'Petermann-Rocha et al., 2020': '', 'Pirina et al., 2020': 'Y', 'Rayner et al., 2020': '', 'Thomas et al., 2020': ''}",1,6372,Chronic obstructive pulmonary disease (COPD) Secondary care -  2,"{'id': 4, 'name': 'ICD10 codes', 'description': 'ICD10 Codes'}",PH798,2222,Chronic obstructive pulmonary disease (COPD) Secondary care,0
2486,6372,2022-01-17T14:00:19.180089Z,2808,3842,1,2808,3788,169363,J44.1,"Chronic obstructive pulmonary disease with acute exacerbation, unspecified","{'BREATHE Chronic bronchitis': 'Y', 'BREATHE Emphysema': 'Y', 'BREATHE incident COPD': 'Y', 'BREATHE prevalent COPD': 'Y', 'BREATHE COPD exacerbations': 'Y', 'BREATHE recommended': 'Y', 'LSHTM Data Compass - 2037': 'Y', 'Gershon et al., 2009': '', 'Duckworth et al., 2020': '', 'Ellingsen et al., 2020': '', 'Griffith et al., 2020': 'Y', 'Groot et al., 2020': '', 'Heinmuller et al., 2020': 'Y', 'Janson et al., 2020 & Stallberg et al., 2020': '', 'Joo et al., 2020': '', 'Peng et al., 2020': '', 'Petermann-Rocha et al., 2020': '', 'Pirina et al., 2020': 'Y', 'Rayner et al., 2020': '', 'Thomas et al., 2020': ''}",1,6372,Chronic obstructive pulmonary disease (COPD) Secondary care -  2,"{'id': 4, 'name': 'ICD10 codes', 'description': 'ICD10 Codes'}",PH798,2222,Chronic obstructive pulmonary disease (COPD) Secondary care,0
2486,6372,2022-01-17T14:00:19.180089Z,2808,3842,1,2808,3788,169364,J44.8,Other specified chronic obstructive pulmonary disease,"{'BREATHE Chronic bronchitis': 'Y', 'BREATHE Emphysema': 'Y', 'BREATHE incident COPD': 'Y', 'BREATHE prevalent COPD': 'Y', 'BREATHE COPD exacerbations': 'Y', 'BREATHE recommended': 'Y', 'LSHTM Data Compass - 2037': 'Y', 'Gershon et al., 2009': '', 'Duckworth et al., 2020': '', 'Ellingsen et al., 2020': '', 'Griffith et al., 2020': 'Y', 'Groot et al., 2020': '', 'Heinmuller et al., 2020': 'Y', 'Janson et al., 2020 & Stallberg et al., 2020': '', 'Joo et al., 2020': '', 'Peng et al., 2020': '', 'Petermann-Rocha et al., 2020': '', 'Pirina et al., 2020': 'Y', 'Rayner et al., 2020': '', 'Thomas et al., 2020': ''}",1,6372,Chronic obstructive pulmonary disease (COPD) Secondary care -  2,"{'id': 4, 'name': 'ICD10 codes', 'description': 'ICD10 Codes'}",PH798,2222,Chronic obstructive pulmonary disease (COPD) Secondary care,0
2486,6372,2022-01-17T14:00:19.180089Z,2808,3842,1,2808,3788,169365,J44.9,"Chronic obstructive pulmonary disease, unspecified","{'BREATHE Chronic bronchitis': 'Y', 'BREATHE Emphysema': 'Y', 'BREATHE incident COPD': 'Y', 'BREATHE prevalent COPD': 'Y', 'BREATHE COPD exacerbations': '', 'BREATHE recommended': 'Y', 'LSHTM Data Compass - 2037': 'Y', 'Gershon et al., 2009': '', 'Duckworth et al., 2020': '', 'Ellingsen et al., 2020': '', 'Griffith et al., 2020': 'Y', 'Groot et al., 2020': '', 'Heinmuller et al., 2020': 'Y', 'Janson et al., 2020 & Stallberg et al., 2020': '', 'Joo et al., 2020': '', 'Peng et al., 2020': '', 'Petermann-Rocha et al., 2020': '', 'Pirina et al., 2020': 'Y', 'Rayner et al., 2020': '', 'Thomas et al., 2020': ''}",1,6372,Chronic obstructive pulmonary disease (COPD) Secondary care -  2,"{'id': 4, 'name': 'ICD10 codes', 'description': 'ICD10 Codes'}",PH798,2222,Chronic obstructive pulmonary disease (COPD) Secondary care,0
,,,,,,,,,,,,,,,,,,,
,,,,,,,,,,,,,,,,,,,
,,,,,,,,,,,,,,,,,,,
2486,6372,2022-01-17T14:00:19.180089Z,2808,3842,1,2808,3788,169369,J98.2,Interstitial emphysema,"{'BREATHE Chronic bronchitis': '', 'BREATHE Emphysema': '', 'BREATHE incident COPD': '', 'BREATHE prevalent COPD': '', 'BREATHE COPD exacerbations': '', 'BREATHE recommended': '', 'LSHTM Data Compass - 2037': 'Y', 'Gershon et al., 2009': '', 'Duckworth et al., 2020': '', 'Ellingsen et al., 2020': '', 'Griffith et al., 2020': '', 'Groot et al., 2020': '', 'Heinmuller et al., 2020': '', 'Janson et al., 2020 & Stallberg et al., 2020': '', 'Joo et al., 2020': '', 'Peng et al., 2020': '', 'Petermann-Rocha et al., 2020': '', 'Pirina et al., 2020': '', 'Rayner et al., 2020': '', 'Thomas et al., 2020': ''}",1,6372,Chronic obstructive pulmonary disease (COPD) Secondary care -  2,"{'id': 4, 'name': 'ICD10 codes', 'description': 'ICD10 Codes'}",PH798,2222,Chronic obstructive pulmonary disease (COPD) Secondary care,0
2486,6372,2022-01-17T14:00:19.180089Z,2808,3842,1,2808,3788,169370,J98.3,Compensatory emphysema,"{'BREATHE Chronic bronchitis': '', 'BREATHE Emphysema': '', 'BREATHE incident COPD': '', 'BREATHE prevalent COPD': '', 'BREATHE COPD exacerbations': '', 'BREATHE recommended': '', 'LSHTM Data Compass - 2037': 'Y', 'Gershon et al., 2009': '', 'Duckworth et al., 2020': '', 'Ellingsen et al., 2020': '', 'Griffith et al., 2020': '', 'Groot et al., 2020': '', 'Heinmuller et al., 2020': '', 'Janson et al., 2020 & Stallberg et al., 2020': '', 'Joo et al., 2020': '', 'Peng et al., 2020': '', 'Petermann-Rocha et al., 2020': '', 'Pirina et al., 2020': '', 'Rayner et al., 2020': '', 'Thomas et al., 2020': ''}",1,6372,Chronic obstructive pulmonary disease (COPD) Secondary care -  2,"{'id': 4, 'name': 'ICD10 codes', 'description': 'ICD10 Codes'}",PH798,2222,Chronic obstructive pulmonary disease (COPD) Secondary care,0
2479,6358,2022-01-17T14:00:08.308940Z,2801,3835,1,2801,3781,168788,1488423019,Chronic obstructive pulmonary disease follow-up,{},1,6358,Chronic obstructive pulmonary disease (COPD) Primary care - BREATHE recommended - 3,"{'id': 9, 'name': 'SNOMED  CT codes', 'description': 'SNOMED CT codes'}",PH797,2221,Chronic obstructive pulmonary disease (COPD) Primary care,1
2479,6358,2022-01-17T14:00:08.308940Z,2801,3835,1,2801,3781,168789,1488424013,Chronic obstructive pulmonary disease annual review,{},1,6358,Chronic obstructive pulmonary disease (COPD) Primary care - BREATHE recommended - 3,"{'id': 9, 'name': 'SNOMED  CT codes', 'description': 'SNOMED CT codes'}",PH797,2221,Chronic obstructive pulmonary disease (COPD) Primary care,1
2479,6358,2022-01-17T14:00:08.308940Z,2801,3835,1,2801,3781,168790,1494601017,COAD follow-up,{},1,6358,Chronic obstructive pulmonary disease (COPD) Primary care - BREATHE recommended - 3,"{'id': 9, 'name': 'SNOMED  CT codes', 'description': 'SNOMED CT codes'}",PH797,2221,Chronic obstructive pulmonary disease (COPD) Primary care,1
2479,6358,2022-01-17T14:00:08.308940Z,2801,3835,1,2801,3781,168791,1683181000000112,Chronic obstructive pulmonary disease 3 monthly review,{},1,6358,Chronic obstructive pulmonary disease (COPD) Primary care - BREATHE recommended - 3,"{'id': 9, 'name': 'SNOMED  CT codes', 'description': 'SNOMED CT codes'}",PH797,2221,Chronic obstructive pulmonary disease (COPD) Primary care,1
2479,6358,2022-01-17T14:00:08.308940Z,2801,3835,1,2801,3781,168792,1683221000000119,Chronic obstructive pulmonary disease 6 monthly review,{},1,6358,Chronic obstructive pulmonary disease (COPD) Primary care - BREATHE recommended - 3,"{'id': 9, 'name': 'SNOMED  CT codes', 'description': 'SNOMED CT codes'}",PH797,2221,Chronic obstructive pulmonary disease (COPD) Primary care,1
2479,6358,2022-01-17T14:00:08.308940Z,2801,3835,1,2801,3781,168793,1771201000006116,Chronic obstructive pulmonary disease multidisciplinary review,{},1,6358,Chronic obstructive pulmonary disease (COPD) Primary care - BREATHE recommended - 3,"{'id': 9, 'name': 'SNOMED  CT codes', 'description': 'SNOMED CT codes'}",PH797,2221,Chronic obstructive pulmonary disease (COPD) Primary care,1
2479,6358,2022-01-17T14:00:08.308940Z,2801,3835,1,2801,3781,168794,1780380013,Chronic obstructive pulmonary disease monitoring by nurse,{},1,6358,Chronic obstructive pulmonary disease (COPD) Primary care - BREATHE recommended - 3,"{'id': 9, 'name': 'SNOMED  CT codes', 'description': 'SNOMED CT codes'}",PH797,2221,Chronic obstructive pulmonary disease (COPD) Primary care,1
2479,6358,2022-01-17T14:00:08.308940Z,2801,3835,1,2801,3781,168795,1780381012,Chronic obstructive pulmonary disease monitoring by doctor,{},1,6358,Chronic obstructive pulmonary disease (COPD) Primary care - BREATHE recommended - 3,"{'id': 9, 'name': 'SNOMED  CT codes', 'description': 'SNOMED CT codes'}",PH797,2221,Chronic obstructive pulmonary disease (COPD) Primary care,1
2479,6358,2022-01-17T14:00:08.308940Z,2801,3835,1,2801,3781,168796,1813871000006117,On chronic obstructive pulmonary disease supprtv cre pathway,{},1,6358,Chronic obstructive pulmonary disease (COPD) Primary care - BREATHE recommended - 3,"{'id': 9, 'name': 'SNOMED  CT codes', 'description': 'SNOMED CT codes'}",PH797,2221,Chronic obstructive pulmonary disease (COPD) Primary care,1
2479,6358,2022-01-17T14:00:08.308940Z,2801,3835,1,2801,3781,168797,1813881000006119,On COPD (chr obstruc pulmonary disease) supportv cre pathway,{},1,6358,Chronic obstructive pulmonary disease (COPD) Primary care - BREATHE recommended - 3,"{'id': 9, 'name': 'SNOMED  CT codes', 'description': 'SNOMED CT codes'}",PH797,2221,Chronic obstructive pulmonary disease (COPD) Primary care,1
2479,6358,2022-01-17T14:00:08.308940Z,2801,3835,1,2801,3781,168798,1823851000006119,Chronic obstructive pulmonary disease confirmed,{},1,6358,Chronic obstructive pulmonary disease (COPD) Primary care - BREATHE recommended - 3,"{'id': 9, 'name': 'SNOMED  CT codes', 'description': 'SNOMED CT codes'}",PH797,2221,Chronic obstructive pulmonary disease (COPD) Primary care,1
2479,6358,2022-01-17T14:00:08.308940Z,2801,3835,1,2801,3781,168799,1856491000006119,Chronic obstructive pulmonary disease monitoring in primary care,{},1,6358,Chronic obstructive pulmonary disease (COPD) Primary care - BREATHE recommended - 3,"{'id': 9, 'name': 'SNOMED  CT codes', 'description': 'SNOMED CT codes'}",PH797,2221,Chronic obstructive pulmonary disease (COPD) Primary care,1
2479,6358,2022-01-17T14:00:08.308940Z,2801,3835,1,2801,3781,168800,1856501000006110,Chronic obstructive pulmonary disease monitoring secondary care,{},1,6358,Chronic obstructive pulmonary disease (COPD) Primary care - BREATHE recommended - 3,"{'id': 9, 'name': 'SNOMED  CT codes', 'description': 'SNOMED CT codes'}",PH797,2221,Chronic obstructive pulmonary disease (COPD) Primary care,1
2479,6358,2022-01-17T14:00:08.308940Z,2801,3835,1,2801,3781,168801,1856581000006118,Chronic obstructive pulmonary disease monitoring default,{},1,6358,Chronic obstructive pulmonary disease (COPD) Primary care - BREATHE recommended - 3,"{'id': 9, 'name': 'SNOMED  CT codes', 'description': 'SNOMED CT codes'}",PH797,2221,Chronic obstructive pulmonary disease (COPD) Primary care,1
2479,6358,2022-01-17T14:00:08.308940Z,2801,3835,1,2801,3781,168802,1856591000006115,Chronic obstructive pulmonary disease follow-up assessment,{},1,6358,Chronic obstructive pulmonary disease (COPD) Primary care - BREATHE recommended - 3,"{'id': 9, 'name': 'SNOMED  CT codes', 'description': 'SNOMED CT codes'}",PH797,2221,Chronic obstructive pulmonary disease (COPD) Primary care,1
2479,6358,2022-01-17T14:00:08.308940Z,2801,3835,1,2801,3781,168803,1882371000006118,Shared care chronic obstructive pulmonary disease monitoring,{},1,6358,Chronic obstructive pulmonary disease (COPD) Primary care - BREATHE recommended - 3,"{'id': 9, 'name': 'SNOMED  CT codes', 'description': 'SNOMED CT codes'}",PH797,2221,Chronic obstructive pulmonary disease (COPD) Primary care,1
2479,6358,2022-01-17T14:00:08.308940Z,2801,3835,1,2801,3781,168804,189761000000117,Chronic obstructive pulmonary disease monitoring 1st letter,{},1,6358,Chronic obstructive pulmonary disease (COPD) Primary care - BREATHE recommended - 3,"{'id': 9, 'name': 'SNOMED  CT codes', 'description': 'SNOMED CT codes'}",PH797,2221,Chronic obstructive pulmonary disease (COPD) Primary care,1
2479,6358,2022-01-17T14:00:08.308940Z,2801,3835,1,2801,3781,168805,198471000000111,Chronic obstructive pulmonary disease monitoring 2nd letter,{},1,6358,Chronic obstructive pulmonary disease (COPD) Primary care - BREATHE recommended - 3,"{'id': 9, 'name': 'SNOMED  CT codes', 'description': 'SNOMED CT codes'}",PH797,2221,Chronic obstructive pulmonary disease (COPD) Primary care,1
2479,6358,2022-01-17T14:00:08.308940Z,2801,3835,1,2801,3781,168806,199481000000116,Chronic obstructive pulmonary disease monitoring 3rd letter,{},1,6358,Chronic obstructive pulmonary disease (COPD) Primary care - BREATHE recommended - 3,"{'id': 9, 'name': 'SNOMED  CT codes', 'description': 'SNOMED CT codes'}",PH797,2221,Chronic obstructive pulmonary disease (COPD) Primary care,1
2479,6358,2022-01-17T14:00:08.308940Z,2801,3835,1,2801,3781,168807,2009451000006113,Chronic obstructive pulmonary disease post discharge review,{},1,6358,Chronic obstructive pulmonary disease (COPD) Primary care - BREATHE recommended - 3,"{'id': 9, 'name': 'SNOMED  CT codes', 'description': 'SNOMED CT codes'}",PH797,2221,Chronic obstructive pulmonary disease (COPD) Primary care,1
2479,6358,2022-01-17T14:00:08.308940Z,2801,3835,1,2801,3781,168808,2010061000006113,Acute non-infective exacerbation of chronic obstructive pulmonary disease,{},1,6358,Chronic obstructive pulmonary disease (COPD) Primary care - BREATHE recommended - 3,"{'id': 9, 'name': 'SNOMED  CT codes', 'description': 'SNOMED CT codes'}",PH797,2221,Chronic obstructive pulmonary disease (COPD) Primary care,1
2479,6358,2022-01-17T14:00:08.308940Z,2801,3835,1,2801,3781,168809,2160051010,Admit COPD emergency,{},1,6358,Chronic obstructive pulmonary disease (COPD) Primary care - BREATHE recommended - 3,"{'id': 9, 'name': 'SNOMED  CT codes', 'description': 'SNOMED CT codes'}",PH797,2221,Chronic obstructive pulmonary disease (COPD) Primary care,1
2479,6358,2022-01-17T14:00:08.308940Z,2801,3835,1,2801,3781,168810,216596014,End stage chronic obstructive airways disease,{},1,6358,Chronic obstructive pulmonary disease (COPD) Primary care - BREATHE recommended - 3,"{'id': 9, 'name': 'SNOMED  CT codes', 'description': 'SNOMED CT codes'}",PH797,2221,Chronic obstructive pulmonary disease (COPD) Primary care,1
2479,6358,2022-01-17T14:00:08.308940Z,2801,3835,1,2801,3781,168811,2199261000000110,Chronic obstructive pulmonary disease care pathway,{},1,6358,Chronic obstructive pulmonary disease (COPD) Primary care - BREATHE recommended - 3,"{'id': 9, 'name': 'SNOMED  CT codes', 'description': 'SNOMED CT codes'}",PH797,2221,Chronic obstructive pulmonary disease (COPD) Primary care,1
2479,6358,2022-01-17T14:00:08.308940Z,2801,3835,1,2801,3781,168812,2308511000000113,Shared care chronic obstructive pulmonary disease monitoring,{},1,6358,Chronic obstructive pulmonary disease (COPD) Primary care - BREATHE recommended - 3,"{'id': 9, 'name': 'SNOMED  CT codes', 'description': 'SNOMED CT codes'}",PH797,2221,Chronic obstructive pulmonary disease (COPD) Primary care,1
2479,6358,2022-01-17T14:00:08.308940Z,2801,3835,1,2801,3781,168813,2423731000000115,Telehealth chronic obstructive pulmonary disease monitoring,{},1,6358,Chronic obstructive pulmonary disease (COPD) Primary care - BREATHE recommended - 3,"{'id': 9, 'name': 'SNOMED  CT codes', 'description': 'SNOMED CT codes'}",PH797,2221,Chronic obstructive pulmonary disease (COPD) Primary care,1
2479,6358,2022-01-17T14:00:08.308940Z,2801,3835,1,2801,3781,168814,2578881000006118,Panacinar emphysema,{},1,6358,Chronic obstructive pulmonary disease (COPD) Primary care - BREATHE recommended - 3,"{'id': 9, 'name': 'SNOMED  CT codes', 'description': 'SNOMED CT codes'}",PH797,2221,Chronic obstructive pulmonary disease (COPD) Primary care,1
2479,6358,2022-01-17T14:00:08.308940Z,2801,3835,1,2801,3781,168815,2716231000006114,Chronic obstructive lung disease,{},1,6358,Chronic obstructive pulmonary disease (COPD) Primary care - BREATHE recommended - 3,"{'id': 9, 'name': 'SNOMED  CT codes', 'description': 'SNOMED CT codes'}",PH797,2221,Chronic obstructive pulmonary disease (COPD) Primary care,1
2479,6358,2022-01-17T14:00:08.308940Z,2801,3835,1,2801,3781,168816,2716321000006116,COPD - Chronic obstructive pulmonary disease,{},1,6358,Chronic obstructive pulmonary disease (COPD) Primary care - BREATHE recommended - 3,"{'id': 9, 'name': 'SNOMED  CT codes', 'description': 'SNOMED CT codes'}",PH797,2221,Chronic obstructive pulmonary disease (COPD) Primary care,1
2479,6358,2022-01-17T14:00:08.308940Z,2801,3835,1,2801,3781,168817,2716351000006113,COLD - Chronic obstructive lung disease,{},1,6358,Chronic obstructive pulmonary disease (COPD) Primary care - BREATHE recommended - 3,"{'id': 9, 'name': 'SNOMED  CT codes', 'description': 'SNOMED CT codes'}",PH797,2221,Chronic obstructive pulmonary disease (COPD) Primary care,1
2479,6358,2022-01-17T14:00:08.308940Z,2801,3835,1,2801,3781,168818,285100019,Emphysematous bronchitis,{},1,6358,Chronic obstructive pulmonary disease (COPD) Primary care - BREATHE recommended - 3,"{'id': 9, 'name': 'SNOMED  CT codes', 'description': 'SNOMED CT codes'}",PH797,2221,Chronic obstructive pulmonary disease (COPD) Primary care,1
2479,6358,2022-01-17T14:00:08.308940Z,2801,3835,1,2801,3781,168819,285104011,Obstructive chronic bronchitis,{},1,6358,Chronic obstructive pulmonary disease (COPD) Primary care - BREATHE recommended - 3,"{'id': 9, 'name': 'SNOMED  CT codes', 'description': 'SNOMED CT codes'}",PH797,2221,Chronic obstructive pulmonary disease (COPD) Primary care,1
2479,6358,2022-01-17T14:00:08.308940Z,2801,3835,1,2801,3781,168820,299001000000116,Chronic obstructive pulmonary disease disturbs sleep,{},1,6358,Chronic obstructive pulmonary disease (COPD) Primary care - BREATHE recommended - 3,"{'id': 9, 'name': 'SNOMED  CT codes', 'description': 'SNOMED CT codes'}",PH797,2221,Chronic obstructive pulmonary disease (COPD) Primary care,1
2479,6358,2022-01-17T14:00:08.308940Z,2801,3835,1,2801,3781,168821,299031000000110,Chronic obstructive pulmonary disease does not disturb sleep,{},1,6358,Chronic obstructive pulmonary disease (COPD) Primary care - BREATHE recommended - 3,"{'id': 9, 'name': 'SNOMED  CT codes', 'description': 'SNOMED CT codes'}",PH797,2221,Chronic obstructive pulmonary disease (COPD) Primary care,1
2479,6358,2022-01-17T14:00:08.308940Z,2801,3835,1,2801,3781,168822,301451010,Chronic wheezy bronchitis,{},1,6358,Chronic obstructive pulmonary disease (COPD) Primary care - BREATHE recommended - 3,"{'id': 9, 'name': 'SNOMED  CT codes', 'description': 'SNOMED CT codes'}",PH797,2221,Chronic obstructive pulmonary disease (COPD) Primary care,1
2479,6358,2022-01-17T14:00:08.308940Z,2801,3835,1,2801,3781,168823,301453013,Acute exacerbation of chronic obstructive airways disease,{},1,6358,Chronic obstructive pulmonary disease (COPD) Primary care - BREATHE recommended - 3,"{'id': 9, 'name': 'SNOMED  CT codes', 'description': 'SNOMED CT codes'}",PH797,2221,Chronic obstructive pulmonary disease (COPD) Primary care,1
2479,6358,2022-01-17T14:00:08.308940Z,2801,3835,1,2801,3781,168824,301455018,Obstructive chronic bronchitis NOS,{},1,6358,Chronic obstructive pulmonary disease (COPD) Primary care - BREATHE recommended - 3,"{'id': 9, 'name': 'SNOMED  CT codes', 'description': 'SNOMED CT codes'}",PH797,2221,Chronic obstructive pulmonary disease (COPD) Primary care,1
2479,6358,2022-01-17T14:00:08.308940Z,2801,3835,1,2801,3781,168825,301457014,Other chronic bronchitis,{},1,6358,Chronic obstructive pulmonary disease (COPD) Primary care - BREATHE recommended - 3,"{'id': 9, 'name': 'SNOMED  CT codes', 'description': 'SNOMED CT codes'}",PH797,2221,Chronic obstructive pulmonary disease (COPD) Primary care,1
2479,6358,2022-01-17T14:00:08.308940Z,2801,3835,1,2801,3781,168826,301458016,Other chronic bronchitis NOS,{},1,6358,Chronic obstructive pulmonary disease (COPD) Primary care - BREATHE recommended - 3,"{'id': 9, 'name': 'SNOMED  CT codes', 'description': 'SNOMED CT codes'}",PH797,2221,Chronic obstructive pulmonary disease (COPD) Primary care,1
2479,6358,2022-01-17T14:00:08.308940Z,2801,3835,1,2801,3781,168827,301459012,Chronic bronchitis NOS,{},1,6358,Chronic obstructive pulmonary disease (COPD) Primary care - BREATHE recommended - 3,"{'id': 9, 'name': 'SNOMED  CT codes', 'description': 'SNOMED CT codes'}",PH797,2221,Chronic obstructive pulmonary disease (COPD) Primary care,1
2479,6358,2022-01-17T14:00:08.308940Z,2801,3835,1,2801,3781,168828,301460019,Chronic bullous emphysema,{},1,6358,Chronic obstructive pulmonary disease (COPD) Primary care - BREATHE recommended - 3,"{'id': 9, 'name': 'SNOMED  CT codes', 'description': 'SNOMED CT codes'}",PH797,2221,Chronic obstructive pulmonary disease (COPD) Primary care,1
2479,6358,2022-01-17T14:00:08.308940Z,2801,3835,1,2801,3781,168829,301463017,Segmental bullous emphysema,{},1,6358,Chronic obstructive pulmonary disease (COPD) Primary care - BREATHE recommended - 3,"{'id': 9, 'name': 'SNOMED  CT codes', 'description': 'SNOMED CT codes'}",PH797,2221,Chronic obstructive pulmonary disease (COPD) Primary care,1
2479,6358,2022-01-17T14:00:08.308940Z,2801,3835,1,2801,3781,168830,301464011,Zonal bullous emphysema,{},1,6358,Chronic obstructive pulmonary disease (COPD) Primary care - BREATHE recommended - 3,"{'id': 9, 'name': 'SNOMED  CT codes', 'description': 'SNOMED CT codes'}",PH797,2221,Chronic obstructive pulmonary disease (COPD) Primary care,1
2479,6358,2022-01-17T14:00:08.308940Z,2801,3835,1,2801,3781,168831,301468014,Chronic bullous emphysema NOS,{},1,6358,Chronic obstructive pulmonary disease (COPD) Primary care - BREATHE recommended - 3,"{'id': 9, 'name': 'SNOMED  CT codes', 'description': 'SNOMED CT codes'}",PH797,2221,Chronic obstructive pulmonary disease (COPD) Primary care,1
2479,6358,2022-01-17T14:00:08.308940Z,2801,3835,1,2801,3781,168832,301469018,Other emphysema,{},1,6358,Chronic obstructive pulmonary disease (COPD) Primary care - BREATHE recommended - 3,"{'id': 9, 'name': 'SNOMED  CT codes', 'description': 'SNOMED CT codes'}",PH797,2221,Chronic obstructive pulmonary disease (COPD) Primary care,1
2479,6358,2022-01-17T14:00:08.308940Z,2801,3835,1,2801,3781,168833,301539010,Other specified chronic obstructive airways disease,{},1,6358,Chronic obstructive pulmonary disease (COPD) Primary care - BREATHE recommended - 3,"{'id': 9, 'name': 'SNOMED  CT codes', 'description': 'SNOMED CT codes'}",PH797,2221,Chronic obstructive pulmonary disease (COPD) Primary care,1
2479,6358,2022-01-17T14:00:08.308940Z,2801,3835,1,2801,3781,168834,301545019,Chronic obstructive airways disease NOS,{},1,6358,Chronic obstructive pulmonary disease (COPD) Primary care - BREATHE recommended - 3,"{'id': 9, 'name': 'SNOMED  CT codes', 'description': 'SNOMED CT codes'}",PH797,2221,Chronic obstructive pulmonary disease (COPD) Primary care,1
2479,6358,2022-01-17T14:00:08.308940Z,2801,3835,1,2801,3781,168835,301835010,[X]Other emphysema,{},1,6358,Chronic obstructive pulmonary disease (COPD) Primary care - BREATHE recommended - 3,"{'id': 9, 'name': 'SNOMED  CT codes', 'description': 'SNOMED CT codes'}",PH797,2221,Chronic obstructive pulmonary disease (COPD) Primary care,1
2479,6358,2022-01-17T14:00:08.308940Z,2801,3835,1,2801,3781,168836,301836011,[X]Other specified chronic obstructive pulmonary disease,{},1,6358,Chronic obstructive pulmonary disease (COPD) Primary care - BREATHE recommended - 3,"{'id': 9, 'name': 'SNOMED  CT codes', 'description': 'SNOMED CT codes'}",PH797,2221,Chronic obstructive pulmonary disease (COPD) Primary care,1
2479,6358,2022-01-17T14:00:08.308940Z,2801,3835,1,2801,3781,168837,3921361000006112,Emphysema of lung,{},1,6358,Chronic obstructive pulmonary disease (COPD) Primary care - BREATHE recommended - 3,"{'id': 9, 'name': 'SNOMED  CT codes', 'description': 'SNOMED CT codes'}",PH797,2221,Chronic obstructive pulmonary disease (COPD) Primary care,1
2479,6358,2022-01-17T14:00:08.308940Z,2801,3835,1,2801,3781,168838,396108018,Bullous emphysema with collapse,{},1,6358,Chronic obstructive pulmonary disease (COPD) Primary care - BREATHE recommended - 3,"{'id': 9, 'name': 'SNOMED  CT codes', 'description': 'SNOMED CT codes'}",PH797,2221,Chronic obstructive pulmonary disease (COPD) Primary care,1
2479,6358,2022-01-17T14:00:08.308940Z,2801,3835,1,2801,3781,168839,396110016,Other emphysema NOS,{},1,6358,Chronic obstructive pulmonary disease (COPD) Primary care - BREATHE recommended - 3,"{'id': 9, 'name': 'SNOMED  CT codes', 'description': 'SNOMED CT codes'}",PH797,2221,Chronic obstructive pulmonary disease (COPD) Primary care,1
2479,6358,2022-01-17T14:00:08.308940Z,2801,3835,1,2801,3781,168840,424365019,Acute infective exacerbation of chronic obstructive airways disease,{},1,6358,Chronic obstructive pulmonary disease (COPD) Primary care - BREATHE recommended - 3,"{'id': 9, 'name': 'SNOMED  CT codes', 'description': 'SNOMED CT codes'}",PH797,2221,Chronic obstructive pulmonary disease (COPD) Primary care,1
2479,6358,2022-01-17T14:00:08.308940Z,2801,3835,1,2801,3781,168841,4510801000006114,End stage chronic obstructive pulmonary disease,{},1,6358,Chronic obstructive pulmonary disease (COPD) Primary care - BREATHE recommended - 3,"{'id': 9, 'name': 'SNOMED  CT codes', 'description': 'SNOMED CT codes'}",PH797,2221,Chronic obstructive pulmonary disease (COPD) Primary care,1
2479,6358,2022-01-17T14:00:08.308940Z,2801,3835,1,2801,3781,168842,457168017,Mild chronic obstructive pulmonary disease,{},1,6358,Chronic obstructive pulmonary disease (COPD) Primary care - BREATHE recommended - 3,"{'id': 9, 'name': 'SNOMED  CT codes', 'description': 'SNOMED CT codes'}",PH797,2221,Chronic obstructive pulmonary disease (COPD) Primary care,1
2479,6358,2022-01-17T14:00:08.308940Z,2801,3835,1,2801,3781,168843,457169013,Moderate chronic obstructive pulmonary disease,{},1,6358,Chronic obstructive pulmonary disease (COPD) Primary care - BREATHE recommended - 3,"{'id': 9, 'name': 'SNOMED  CT codes', 'description': 'SNOMED CT codes'}",PH797,2221,Chronic obstructive pulmonary disease (COPD) Primary care,1
2479,6358,2022-01-17T14:00:08.308940Z,2801,3835,1,2801,3781,168844,457171013,Severe chronic obstructive pulmonary disease,{},1,6358,Chronic obstructive pulmonary disease (COPD) Primary care - BREATHE recommended - 3,"{'id': 9, 'name': 'SNOMED  CT codes', 'description': 'SNOMED CT codes'}",PH797,2221,Chronic obstructive pulmonary disease (COPD) Primary care,1
2479,6358,2022-01-17T14:00:08.308940Z,2801,3835,1,2801,3781,168845,4732991000006119,Chronic bronchitis with emphysema,{},1,6358,Chronic obstructive pulmonary disease (COPD) Primary care - BREATHE recommended - 3,"{'id': 9, 'name': 'SNOMED  CT codes', 'description': 'SNOMED CT codes'}",PH797,2221,Chronic obstructive pulmonary disease (COPD) Primary care,1
2479,6358,2022-01-17T14:00:08.308940Z,2801,3835,1,2801,3781,168846,4733001000006118,Bronchitis with airway obstruction,{},1,6358,Chronic obstructive pulmonary disease (COPD) Primary care - BREATHE recommended - 3,"{'id': 9, 'name': 'SNOMED  CT codes', 'description': 'SNOMED CT codes'}",PH797,2221,Chronic obstructive pulmonary disease (COPD) Primary care,1
2479,6358,2022-01-17T14:00:08.308940Z,2801,3835,1,2801,3781,168847,4733011000006115,COB - Chronic obstructive bronchitis,{},1,6358,Chronic obstructive pulmonary disease (COPD) Primary care - BREATHE recommended - 3,"{'id': 9, 'name': 'SNOMED  CT codes', 'description': 'SNOMED CT codes'}",PH797,2221,Chronic obstructive pulmonary disease (COPD) Primary care,1
2479,6358,2022-01-17T14:00:08.308940Z,2801,3835,1,2801,3781,168848,4733021000006111,Obstructive chronic bronchitis,{},1,6358,Chronic obstructive pulmonary disease (COPD) Primary care - BREATHE recommended - 3,"{'id': 9, 'name': 'SNOMED  CT codes', 'description': 'SNOMED CT codes'}",PH797,2221,Chronic obstructive pulmonary disease (COPD) Primary care,1
2479,6358,2022-01-17T14:00:08.308940Z,2801,3835,1,2801,3781,168849,4733031000006114,Chronic obstructive bronchitis,{},1,6358,Chronic obstructive pulmonary disease (COPD) Primary care - BREATHE recommended - 3,"{'id': 9, 'name': 'SNOMED  CT codes', 'description': 'SNOMED CT codes'}",PH797,2221,Chronic obstructive pulmonary disease (COPD) Primary care,1
2479,6358,2022-01-17T14:00:08.308940Z,2801,3835,1,2801,3781,168850,475431013,Chronic obstructive pulmonary disease,{},1,6358,Chronic obstructive pulmonary disease (COPD) Primary care - BREATHE recommended - 3,"{'id': 9, 'name': 'SNOMED  CT codes', 'description': 'SNOMED CT codes'}",PH797,2221,Chronic obstructive pulmonary disease (COPD) Primary care,1
2479,6358,2022-01-17T14:00:08.308940Z,2801,3835,1,2801,3781,168851,4781461000006117,Emphysematous bulla,{},1,6358,Chronic obstructive pulmonary disease (COPD) Primary care - BREATHE recommended - 3,"{'id': 9, 'name': 'SNOMED  CT codes', 'description': 'SNOMED CT codes'}",PH797,2221,Chronic obstructive pulmonary disease (COPD) Primary care,1
2479,6358,2022-01-17T14:00:08.308940Z,2801,3835,1,2801,3781,168852,4781471000006112,Bullous emphysema,{},1,6358,Chronic obstructive pulmonary disease (COPD) Primary care - BREATHE recommended - 3,"{'id': 9, 'name': 'SNOMED  CT codes', 'description': 'SNOMED CT codes'}",PH797,2221,Chronic obstructive pulmonary disease (COPD) Primary care,1
2479,6358,2022-01-17T14:00:08.308940Z,2801,3835,1,2801,3781,168853,508561017,Simple chronic bronchitis,{},1,6358,Chronic obstructive pulmonary disease (COPD) Primary care - BREATHE recommended - 3,"{'id': 9, 'name': 'SNOMED  CT codes', 'description': 'SNOMED CT codes'}",PH797,2221,Chronic obstructive pulmonary disease (COPD) Primary care,1
2479,6358,2022-01-17T14:00:08.308940Z,2801,3835,1,2801,3781,168854,508562012,Chronic catarrhal bronchitis,{},1,6358,Chronic obstructive pulmonary disease (COPD) Primary care - BREATHE recommended - 3,"{'id': 9, 'name': 'SNOMED  CT codes', 'description': 'SNOMED CT codes'}",PH797,2221,Chronic obstructive pulmonary disease (COPD) Primary care,1
2479,6358,2022-01-17T14:00:08.308940Z,2801,3835,1,2801,3781,168855,516801000000112,Very severe chronic obstructive pulmonary disease,{},1,6358,Chronic obstructive pulmonary disease (COPD) Primary care - BREATHE recommended - 3,"{'id': 9, 'name': 'SNOMED  CT codes', 'description': 'SNOMED CT codes'}",PH797,2221,Chronic obstructive pulmonary disease (COPD) Primary care,1
2479,6358,2022-01-17T14:00:08.308940Z,2801,3835,1,2801,3781,168856,553211000006119,"Chron obstruct pulmonary dis wth acute exacerbation, unspec",{},1,6358,Chronic obstructive pulmonary disease (COPD) Primary care - BREATHE recommended - 3,"{'id': 9, 'name': 'SNOMED  CT codes', 'description': 'SNOMED CT codes'}",PH797,2221,Chronic obstructive pulmonary disease (COPD) Primary care,1
2479,6358,2022-01-17T14:00:08.308940Z,2801,3835,1,2801,3781,168857,555471000006114,Chronic obstructive airways disease,{},1,6358,Chronic obstructive pulmonary disease (COPD) Primary care - BREATHE recommended - 3,"{'id': 9, 'name': 'SNOMED  CT codes', 'description': 'SNOMED CT codes'}",PH797,2221,Chronic obstructive pulmonary disease (COPD) Primary care,1
2479,6358,2022-01-17T14:00:08.308940Z,2801,3835,1,2801,3781,168858,640491000006111,Emphysema,{},1,6358,Chronic obstructive pulmonary disease (COPD) Primary care - BREATHE recommended - 3,"{'id': 9, 'name': 'SNOMED  CT codes', 'description': 'SNOMED CT codes'}",PH797,2221,Chronic obstructive pulmonary disease (COPD) Primary care,1
2479,6358,2022-01-17T14:00:08.308940Z,2801,3835,1,2801,3781,168859,845451000006118,COPD follow-up,{},1,6358,Chronic obstructive pulmonary disease (COPD) Primary care - BREATHE recommended - 3,"{'id': 9, 'name': 'SNOMED  CT codes', 'description': 'SNOMED CT codes'}",PH797,2221,Chronic obstructive pulmonary disease (COPD) Primary care,1
2479,6358,2022-01-17T14:00:08.308940Z,2801,3835,1,2801,3781,168860,851261000006116,"Chronic bronchitis, acute exac",{},1,6358,Chronic obstructive pulmonary disease (COPD) Primary care - BREATHE recommended - 3,"{'id': 9, 'name': 'SNOMED  CT codes', 'description': 'SNOMED CT codes'}",PH797,2221,Chronic obstructive pulmonary disease (COPD) Primary care,1
2479,6358,2022-01-17T14:00:08.308940Z,2801,3835,1,2801,3781,168861,909711000006111,[RFC] Chronic obstructive pulmonary disease (COPD),{},1,6358,Chronic obstructive pulmonary disease (COPD) Primary care - BREATHE recommended - 3,"{'id': 9, 'name': 'SNOMED  CT codes', 'description': 'SNOMED CT codes'}",PH797,2221,Chronic obstructive pulmonary disease (COPD) Primary care,1
2479,6358,2022-01-17T14:00:08.308940Z,2801,3835,1,2801,3781,168862,909721000006115,[RFC] Emphysema,{},1,6358,Chronic obstructive pulmonary disease (COPD) Primary care - BREATHE recommended - 3,"{'id': 9, 'name': 'SNOMED  CT codes', 'description': 'SNOMED CT codes'}",PH797,2221,Chronic obstructive pulmonary disease (COPD) Primary care,1
2479,6358,2022-01-17T14:00:08.308940Z,2801,3835,1,2801,3781,168863,9337016,Panlobular emphysema,{},1,6358,Chronic obstructive pulmonary disease (COPD) Primary care - BREATHE recommended - 3,"{'id': 9, 'name': 'SNOMED  CT codes', 'description': 'SNOMED CT codes'}",PH797,2221,Chronic obstructive pulmonary disease (COPD) Primary care,1
2479,6358,2022-01-17T14:00:08.308940Z,2801,3835,1,2801,3781,168864,940131000006118,COPD monitoring administration,{},1,6358,Chronic obstructive pulmonary disease (COPD) Primary care - BREATHE recommended - 3,"{'id': 9, 'name': 'SNOMED  CT codes', 'description': 'SNOMED CT codes'}",PH797,2221,Chronic obstructive pulmonary disease (COPD) Primary care,1
2479,6358,2022-01-17T14:00:08.308940Z,2801,3835,1,2801,3781,168865,940141000006111,COPD monitoring invite 1,{},1,6358,Chronic obstructive pulmonary disease (COPD) Primary care - BREATHE recommended - 3,"{'id': 9, 'name': 'SNOMED  CT codes', 'description': 'SNOMED CT codes'}",PH797,2221,Chronic obstructive pulmonary disease (COPD) Primary care,1
2479,6358,2022-01-17T14:00:08.308940Z,2801,3835,1,2801,3781,168866,940151000006113,COPD monitoring invite 2,{},1,6358,Chronic obstructive pulmonary disease (COPD) Primary care - BREATHE recommended - 3,"{'id': 9, 'name': 'SNOMED  CT codes', 'description': 'SNOMED CT codes'}",PH797,2221,Chronic obstructive pulmonary disease (COPD) Primary care,1
2479,6358,2022-01-17T14:00:08.308940Z,2801,3835,1,2801,3781,168867,940161000006110,COPD monitoring invite 3,{},1,6358,Chronic obstructive pulmonary disease (COPD) Primary care - BREATHE recommended - 3,"{'id': 9, 'name': 'SNOMED  CT codes', 'description': 'SNOMED CT codes'}",PH797,2221,Chronic obstructive pulmonary disease (COPD) Primary care,1
2479,6358,2022-01-17T14:00:08.308940Z,2801,3835,1,2801,3781,168868,967531000006119,Chronic obstructive pulmonary disease monitoring admin,{},1,6358,Chronic obstructive pulmonary disease (COPD) Primary care - BREATHE recommended - 3,"{'id': 9, 'name': 'SNOMED  CT codes', 'description': 'SNOMED CT codes'}",PH797,2221,Chronic obstructive pulmonary disease (COPD) Primary care,1
2482,6364,2022-01-17T14:00:14.475561Z,2804,3838,1,2804,3784,169260,396108018,Bullous emphysema with collapse,"{'SNOMED CT Concept ID': '266355005', 'SNOMED CT Description ID': '396108018', 'Read V2 Code': 'H320300', 'BREATHE Chronic bronchitis': '', 'BREATHE Emphysema': 'Y', 'BREATHE incident COPD': 'Y', 'BREATHE prevalent COPD': 'Y', 'BREATHE COPD exacerbations': '', 'BREATHE recommended': 'Y', 'Cambridge COPD_COD (QOF v44)': 'Y', 'LSHTM Data Compass 1601': 'Y', 'QOF v45 (2020-2021)': 'Y'}",1,6364,Chronic obstructive pulmonary disease (COPD) Primary care -  3,"{'id': 9, 'name': 'SNOMED  CT codes', 'description': 'SNOMED CT codes'}",PH797,2221,Chronic obstructive pulmonary disease (COPD) Primary care,1
2482,6364,2022-01-17T14:00:14.475561Z,2804,3838,1,2804,3784,169131,105519017,Chronic bronchitis,"{'SNOMED CT Concept ID': '63480004', 'SNOMED CT Description ID': '105519017', 'Read V2 Code': 'H31..00', 'BREATHE Chronic bronchitis': 'Y', 'BREATHE Emphysema': '', 'BREATHE incident COPD': 'Y', 'BREATHE prevalent COPD': 'Y', 'BREATHE COPD exacerbations': '', 'BREATHE recommended': 'Y', 'Cambridge COPD_COD (QOF v44)': 'Y', 'LSHTM Data Compass 1601': 'Y', 'QOF v45 (2020-2021)': 'Y'}",1,6364,Chronic obstructive pulmonary disease (COPD) Primary care -  3,"{'id': 9, 'name': 'SNOMED  CT codes', 'description': 'SNOMED CT codes'}",PH797,2221,Chronic obstructive pulmonary disease (COPD) Primary care,1
2482,6364,2022-01-17T14:00:14.475561Z,2804,3838,1,2804,3784,169132,113497011,Centrilobular emphysema,"{'SNOMED CT Concept ID': '68328006', 'SNOMED CT Description ID': '113497011', 'Read V2 Code': 'H322.00', 'BREATHE Chronic bronchitis': '', 'BREATHE Emphysema': 'Y', 'BREATHE incident COPD': 'Y', 'BREATHE prevalent COPD': 'Y', 'BREATHE COPD exacerbations': '', 'BREATHE recommended': 'Y', 'Cambridge COPD_COD (QOF v44)': 'Y', 'LSHTM Data Compass 1601': 'Y', 'QOF v45 (2020-2021)': 'Y'}",1,6364,Chronic obstructive pulmonary disease (COPD) Primary care -  3,"{'id': 9, 'name': 'SNOMED  CT codes', 'description': 'SNOMED CT codes'}",PH797,2221,Chronic obstructive pulmonary disease (COPD) Primary care,1
2482,6364,2022-01-17T14:00:14.475561Z,2804,3838,1,2804,3784,169133,11828571000006115,Bronchiolitis fibrosa obliterans,"{'SNOMED CT Concept ID': '40100001', 'SNOMED CT Description ID': '3636165018', 'Read V2 Code': '', 'BREATHE Chronic bronchitis': '', 'BREATHE Emphysema': '', 'BREATHE incident COPD': '', 'BREATHE prevalent COPD': '', 'BREATHE COPD exacerbations': '', 'BREATHE recommended': '', 'Cambridge COPD_COD (QOF v44)': 'Y', 'LSHTM Data Compass 1601': '', 'QOF v45 (2020-2021)': ''}",1,6364,Chronic obstructive pulmonary disease (COPD) Primary care -  3,"{'id': 9, 'name': 'SNOMED  CT codes', 'description': 'SNOMED CT codes'}",PH797,2221,Chronic obstructive pulmonary disease (COPD) Primary care,1
2482,6364,2022-01-17T14:00:14.475561Z,2804,3838,1,2804,3784,169134,1222334016,Other specified chronic obstructive pulmonary disease,"{'SNOMED CT Concept ID': '13645005', 'SNOMED CT Description ID': '475431013', 'Read V2 Code': 'H3y..11', 'BREATHE Chronic bronchitis': 'Y', 'BREATHE Emphysema': 'Y', 'BREATHE incident COPD': 'Y', 'BREATHE prevalent COPD': 'Y', 'BREATHE COPD exacerbations': '', 'BREATHE recommended': 'Y', 'Cambridge COPD_COD (QOF v44)': 'Y', 'LSHTM Data Compass 1601': 'Y', 'QOF v45 (2020-2021)': 'Y'}",1,6364,Chronic obstructive pulmonary disease (COPD) Primary care -  3,"{'id': 9, 'name': 'SNOMED  CT codes', 'description': 'SNOMED CT codes'}",PH797,2221,Chronic obstructive pulmonary disease (COPD) Primary care,1
2482,6364,2022-01-17T14:00:14.475561Z,2804,3838,1,2804,3784,169135,1222335015,Chronic obstructive pulmonary disease NOS,"{'SNOMED CT Concept ID': '13645005', 'SNOMED CT Description ID': '475431013', 'Read V2 Code': 'H3z..11', 'BREATHE Chronic bronchitis': 'Y', 'BREATHE Emphysema': 'Y', 'BREATHE incident COPD': 'Y', 'BREATHE prevalent COPD': 'Y', 'BREATHE COPD exacerbations': '', 'BREATHE recommended': 'Y', 'Cambridge COPD_COD (QOF v44)': 'Y', 'LSHTM Data Compass 1601': 'Y', 'QOF v45 (2020-2021)': 'Y'}",1,6364,Chronic obstructive pulmonary disease (COPD) Primary care -  3,"{'id': 9, 'name': 'SNOMED  CT codes', 'description': 'SNOMED CT codes'}",PH797,2221,Chronic obstructive pulmonary disease (COPD) Primary care,1
2482,6364,2022-01-17T14:00:14.475561Z,2804,3838,1,2804,3784,169136,1230190015,MacLeod's unilateral emphysema,"{'SNOMED CT Concept ID': '45145000', 'SNOMED CT Description ID': '1230190015', 'Read V2 Code': 'H32y200', 'BREATHE Chronic bronchitis': '', 'BREATHE Emphysema': '', 'BREATHE incident COPD': '', 'BREATHE prevalent COPD': '', 'BREATHE COPD exacerbations': '', 'BREATHE recommended': '', 'Cambridge COPD_COD (QOF v44)': 'Y', 'LSHTM Data Compass 1601': '', 'QOF v45 (2020-2021)': 'Y'}",1,6364,Chronic obstructive pulmonary disease (COPD) Primary care -  3,"{'id': 9, 'name': 'SNOMED  CT codes', 'description': 'SNOMED CT codes'}",PH797,2221,Chronic obstructive pulmonary disease (COPD) Primary care,1
2482,6364,2022-01-17T14:00:14.475561Z,2804,3838,1,2804,3784,169137,123588010,Mucopurulent chronic bronchitis,"{'SNOMED CT Concept ID': '74417001', 'SNOMED CT Description ID': '123588010', 'Read V2 Code': 'H311.00', 'BREATHE Chronic bronchitis': '', 'BREATHE Emphysema': '', 'BREATHE incident COPD': '', 'BREATHE prevalent COPD': '', 'BREATHE COPD exacerbations': '', 'BREATHE recommended': '', 'Cambridge COPD_COD (QOF v44)': 'Y', 'LSHTM Data Compass 1601': 'Y', 'QOF v45 (2020-2021)': 'Y'}",1,6364,Chronic obstructive pulmonary disease (COPD) Primary care -  3,"{'id': 9, 'name': 'SNOMED  CT codes', 'description': 'SNOMED CT codes'}",PH797,2221,Chronic obstructive pulmonary disease (COPD) Primary care,1
2482,6364,2022-01-17T14:00:14.475561Z,2804,3838,1,2804,3784,169138,12704691000006117,Interstitial emphysema,"{'SNOMED CT Concept ID': '77690003', 'SNOMED CT Description ID': '770361000006117', 'Read V2 Code': '', 'BREATHE Chronic bronchitis': '', 'BREATHE Emphysema': '', 'BREATHE incident COPD': '', 'BREATHE prevalent COPD': '', 'BREATHE COPD exacerbations': '', 'BREATHE recommended': '', 'Cambridge COPD_COD (QOF v44)': 'Y', 'LSHTM Data Compass 1601': '', 'QOF v45 (2020-2021)': ''}",1,6364,Chronic obstructive pulmonary disease (COPD) Primary care -  3,"{'id': 9, 'name': 'SNOMED  CT codes', 'description': 'SNOMED CT codes'}",PH797,2221,Chronic obstructive pulmonary disease (COPD) Primary care,1
2482,6364,2022-01-17T14:00:14.475561Z,2804,3838,1,2804,3784,169139,139979010,Fetid chronic bronchitis,"{'SNOMED CT Concept ID': '84409004', 'SNOMED CT Description ID': '506053014', 'Read V2 Code': 'H311100', 'BREATHE Chronic bronchitis': '', 'BREATHE Emphysema': '', 'BREATHE incident COPD': '', 'BREATHE prevalent COPD': '', 'BREATHE COPD exacerbations': '', 'BREATHE recommended': '', 'Cambridge COPD_COD (QOF v44)': 'Y', 'LSHTM Data Compass 1601': 'Y', 'QOF v45 (2020-2021)': 'Y'}",1,6364,Chronic obstructive pulmonary disease (COPD) Primary care -  3,"{'id': 9, 'name': 'SNOMED  CT codes', 'description': 'SNOMED CT codes'}",PH797,2221,Chronic obstructive pulmonary disease (COPD) Primary care,1
2482,6364,2022-01-17T14:00:14.475561Z,2804,3838,1,2804,3784,169140,1484924013,Chronic obstructive pulmonary disease monitoring,"{'SNOMED CT Concept ID': '390891009', 'SNOMED CT Description ID': '1484924013', 'Read V2 Code': '66YB.00', 'BREATHE Chronic bronchitis': 'Y', 'BREATHE Emphysema': 'Y', 'BREATHE incident COPD': 'Y', 'BREATHE prevalent COPD': 'Y', 'BREATHE COPD exacerbations': '', 'BREATHE recommended': 'Y', 'Cambridge COPD_COD (QOF v44)': '', 'LSHTM Data Compass 1601': 'Y', 'QOF v45 (2020-2021)': ''}",1,6364,Chronic obstructive pulmonary disease (COPD) Primary care -  3,"{'id': 9, 'name': 'SNOMED  CT codes', 'description': 'SNOMED CT codes'}",PH797,2221,Chronic obstructive pulmonary disease (COPD) Primary care,1
2482,6364,2022-01-17T14:00:14.475561Z,2804,3838,1,2804,3784,169141,1484971019,Chronic obstructive pulmonary disease monitoring due,"{'SNOMED CT Concept ID': '390941006', 'SNOMED CT Description ID': '1484971019', 'Read V2 Code': '66YD.00', 'BREATHE Chronic bronchitis': 'Y', 'BREATHE Emphysema': 'Y', 'BREATHE incident COPD': 'Y', 'BREATHE prevalent COPD': 'Y', 'BREATHE COPD exacerbations': '', 'BREATHE recommended': 'Y', 'Cambridge COPD_COD (QOF v44)': '', 'LSHTM Data Compass 1601': 'Y', 'QOF v45 (2020-2021)': ''}",1,6364,Chronic obstructive pulmonary disease (COPD) Primary care -  3,"{'id': 9, 'name': 'SNOMED  CT codes', 'description': 'SNOMED CT codes'}",PH797,2221,Chronic obstructive pulmonary disease (COPD) Primary care,1
2482,6364,2022-01-17T14:00:14.475561Z,2804,3838,1,2804,3784,169142,1488423019,Chronic obstructive pulmonary disease follow-up,"{'SNOMED CT Concept ID': '394702007', 'SNOMED CT Description ID': '1488423019', 'Read V2 Code': '66YL.00', 'BREATHE Chronic bronchitis': 'Y', 'BREATHE Emphysema': 'Y', 'BREATHE incident COPD': 'Y', 'BREATHE prevalent COPD': 'Y', 'BREATHE COPD exacerbations': '', 'BREATHE recommended': 'Y', 'Cambridge COPD_COD (QOF v44)': '', 'LSHTM Data Compass 1601': 'Y', 'QOF v45 (2020-2021)': ''}",1,6364,Chronic obstructive pulmonary disease (COPD) Primary care -  3,"{'id': 9, 'name': 'SNOMED  CT codes', 'description': 'SNOMED CT codes'}",PH797,2221,Chronic obstructive pulmonary disease (COPD) Primary care,1
2482,6364,2022-01-17T14:00:14.475561Z,2804,3838,1,2804,3784,169143,1488424013,Chronic obstructive pulmonary disease annual review,"{'SNOMED CT Concept ID': '394703002', 'SNOMED CT Description ID': '1488424013', 'Read V2 Code': '66YM.00', 'BREATHE Chronic bronchitis': 'Y', 'BREATHE Emphysema': 'Y', 'BREATHE incident COPD': 'Y', 'BREATHE prevalent COPD': 'Y', 'BREATHE COPD exacerbations': '', 'BREATHE recommended': 'Y', 'Cambridge COPD_COD (QOF v44)': '', 'LSHTM Data Compass 1601': 'Y', 'QOF v45 (2020-2021)': ''}",1,6364,Chronic obstructive pulmonary disease (COPD) Primary care -  3,"{'id': 9, 'name': 'SNOMED  CT codes', 'description': 'SNOMED CT codes'}",PH797,2221,Chronic obstructive pulmonary disease (COPD) Primary care,1
2482,6364,2022-01-17T14:00:14.475561Z,2804,3838,1,2804,3784,169144,1494601017,COAD follow-up,"{'SNOMED CT Concept ID': '394702007', 'SNOMED CT Description ID': '1494601017', 'Read V2 Code': '66YL.12', 'BREATHE Chronic bronchitis': 'Y', 'BREATHE Emphysema': 'Y', 'BREATHE incident COPD': 'Y', 'BREATHE prevalent COPD': 'Y', 'BREATHE COPD exacerbations': '', 'BREATHE recommended': 'Y', 'Cambridge COPD_COD (QOF v44)': '', 'LSHTM Data Compass 1601': 'Y', 'QOF v45 (2020-2021)': ''}",1,6364,Chronic obstructive pulmonary disease (COPD) Primary care -  3,"{'id': 9, 'name': 'SNOMED  CT codes', 'description': 'SNOMED CT codes'}",PH797,2221,Chronic obstructive pulmonary disease (COPD) Primary care,1
2482,6364,2022-01-17T14:00:14.475561Z,2804,3838,1,2804,3784,169145,1573111000000115,Issue of chronic obstructive pulmonary disease rescue pack,"{'SNOMED CT Concept ID': '718241000000107', 'SNOMED CT Description ID': '1573111000000115', 'Read V2 Code': '8BMW.00', 'BREATHE Chronic bronchitis': '', 'BREATHE Emphysema': '', 'BREATHE incident COPD': '', 'BREATHE prevalent COPD': '', 'BREATHE COPD exacerbations': '', 'BREATHE recommended': '', 'Cambridge COPD_COD (QOF v44)': '', 'LSHTM Data Compass 1601': 'Y', 'QOF v45 (2020-2021)': ''}",1,6364,Chronic obstructive pulmonary disease (COPD) Primary care -  3,"{'id': 9, 'name': 'SNOMED  CT codes', 'description': 'SNOMED CT codes'}",PH797,2221,Chronic obstructive pulmonary disease (COPD) Primary care,1
2482,6364,2022-01-17T14:00:14.475561Z,2804,3838,1,2804,3784,169173,1856501000006110,Chronic obstructive pulmonary disease monitoring secondary care,"{'SNOMED CT Concept ID': '1856501000006106', 'SNOMED CT Description ID': '1856501000006110', 'Read V2 Code': '', 'BREATHE Chronic bronchitis': '', 'BREATHE Emphysema': '', 'BREATHE incident COPD': '', 'BREATHE prevalent COPD': '', 'BREATHE COPD exacerbations': '', 'BREATHE recommended': 'Y', 'Cambridge COPD_COD (QOF v44)': '', 'LSHTM Data Compass 1601': 'Y', 'QOF v45 (2020-2021)': ''}",1,6364,Chronic obstructive pulmonary disease (COPD) Primary care -  3,"{'id': 9, 'name': 'SNOMED  CT codes', 'description': 'SNOMED CT codes'}",PH797,2221,Chronic obstructive pulmonary disease (COPD) Primary care,1
2482,6364,2022-01-17T14:00:14.475561Z,2804,3838,1,2804,3784,169174,1856571000006116,Chronic obstructive pulmonary disease severity,"{'SNOMED CT Concept ID': '1856571000006100', 'SNOMED CT Description ID': '1856571000006116', 'Read V2 Code': '', 'BREATHE Chronic bronchitis': '', 'BREATHE Emphysema': '', 'BREATHE incident COPD': '', 'BREATHE prevalent COPD': '', 'BREATHE COPD exacerbations': '', 'BREATHE recommended': '', 'Cambridge COPD_COD (QOF v44)': '', 'LSHTM Data Compass 1601': 'Y', 'QOF v45 (2020-2021)': ''}",1,6364,Chronic obstructive pulmonary disease (COPD) Primary care -  3,"{'id': 9, 'name': 'SNOMED  CT codes', 'description': 'SNOMED CT codes'}",PH797,2221,Chronic obstructive pulmonary disease (COPD) Primary care,1
2482,6364,2022-01-17T14:00:14.475561Z,2804,3838,1,2804,3784,169175,1856581000006118,Chronic obstructive pulmonary disease monitoring default,"{'SNOMED CT Concept ID': '1856581000006102', 'SNOMED CT Description ID': '1856581000006118', 'Read V2 Code': '', 'BREATHE Chronic bronchitis': 'Y', 'BREATHE Emphysema': 'Y', 'BREATHE incident COPD': 'Y', 'BREATHE prevalent COPD': 'Y', 'BREATHE COPD exacerbations': '', 'BREATHE recommended': 'Y', 'Cambridge COPD_COD (QOF v44)': '', 'LSHTM Data Compass 1601': 'Y', 'QOF v45 (2020-2021)': ''}",1,6364,Chronic obstructive pulmonary disease (COPD) Primary care -  3,"{'id': 9, 'name': 'SNOMED  CT codes', 'description': 'SNOMED CT codes'}",PH797,2221,Chronic obstructive pulmonary disease (COPD) Primary care,1
2482,6364,2022-01-17T14:00:14.475561Z,2804,3838,1,2804,3784,169176,1856591000006115,Chronic obstructive pulmonary disease follow-up assessment,"{'SNOMED CT Concept ID': '1856591000006104', 'SNOMED CT Description ID': '1856591000006115', 'Read V2 Code': '', 'BREATHE Chronic bronchitis': 'Y', 'BREATHE Emphysema': 'Y', 'BREATHE incident COPD': 'Y', 'BREATHE prevalent COPD': 'Y', 'BREATHE COPD exacerbations': '', 'BREATHE recommended': 'Y', 'Cambridge COPD_COD (QOF v44)': '', 'LSHTM Data Compass 1601': 'Y', 'QOF v45 (2020-2021)': ''}",1,6364,Chronic obstructive pulmonary disease (COPD) Primary care -  3,"{'id': 9, 'name': 'SNOMED  CT codes', 'description': 'SNOMED CT codes'}",PH797,2221,Chronic obstructive pulmonary disease (COPD) Primary care,1
2482,6364,2022-01-17T14:00:14.475561Z,2804,3838,1,2804,3784,169177,1865641000006112,"Dyspnoea,obstruction, smoking, exacerbation frequency index","{'SNOMED CT Concept ID': '845301000000103', 'SNOMED CT Description ID': '2192591000000114', 'Read V2 Code': '38Gb.00', 'BREATHE Chronic bronchitis': '', 'BREATHE Emphysema': '', 'BREATHE incident COPD': '', 'BREATHE prevalent COPD': '', 'BREATHE COPD exacerbations': '', 'BREATHE recommended': '', 'Cambridge COPD_COD (QOF v44)': '', 'LSHTM Data Compass 1601': 'Y', 'QOF v45 (2020-2021)': ''}",1,6364,Chronic obstructive pulmonary disease (COPD) Primary care -  3,"{'id': 9, 'name': 'SNOMED  CT codes', 'description': 'SNOMED CT codes'}",PH797,2221,Chronic obstructive pulmonary disease (COPD) Primary care,1
2482,6364,2022-01-17T14:00:14.475561Z,2804,3838,1,2804,3784,169178,1882371000006118,Shared care chronic obstructive pulmonary disease monitoring,"{'SNOMED CT Concept ID': '1882371000006102', 'SNOMED CT Description ID': '1882371000006118', 'Read V2 Code': '', 'BREATHE Chronic bronchitis': 'Y', 'BREATHE Emphysema': 'Y', 'BREATHE incident COPD': 'Y', 'BREATHE prevalent COPD': 'Y', 'BREATHE COPD exacerbations': '', 'BREATHE recommended': 'Y', 'Cambridge COPD_COD (QOF v44)': '', 'LSHTM Data Compass 1601': 'Y', 'QOF v45 (2020-2021)': ''}",1,6364,Chronic obstructive pulmonary disease (COPD) Primary care -  3,"{'id': 9, 'name': 'SNOMED  CT codes', 'description': 'SNOMED CT codes'}",PH797,2221,Chronic obstructive pulmonary disease (COPD) Primary care,1
2482,6364,2022-01-17T14:00:14.475561Z,2804,3838,1,2804,3784,169179,1885981000006112,Chronic obstructive pulmon dis wr self managem plan declined,"{'SNOMED CT Concept ID': '857811000000102', 'SNOMED CT Description ID': '2219921000000111', 'Read V2 Code': '8IEy.00', 'BREATHE Chronic bronchitis': '', 'BREATHE Emphysema': '', 'BREATHE incident COPD': '', 'BREATHE prevalent COPD': '', 'BREATHE COPD exacerbations': '', 'BREATHE recommended': '', 'Cambridge COPD_COD (QOF v44)': '', 'LSHTM Data Compass 1601': 'Y', 'QOF v45 (2020-2021)': ''}",1,6364,Chronic obstructive pulmonary disease (COPD) Primary care -  3,"{'id': 9, 'name': 'SNOMED  CT codes', 'description': 'SNOMED CT codes'}",PH797,2221,Chronic obstructive pulmonary disease (COPD) Primary care,1
2482,6364,2022-01-17T14:00:14.475561Z,2804,3838,1,2804,3784,169180,189761000000117,Chronic obstructive pulmonary disease monitoring 1st letter,"{'SNOMED CT Concept ID': '716241000000106', 'SNOMED CT Description ID': '1568801000000112', 'Read V2 Code': '9Oi0.00', 'BREATHE Chronic bronchitis': 'Y', 'BREATHE Emphysema': 'Y', 'BREATHE incident COPD': 'Y', 'BREATHE prevalent COPD': 'Y', 'BREATHE COPD exacerbations': '', 'BREATHE recommended': 'Y', 'Cambridge COPD_COD (QOF v44)': '', 'LSHTM Data Compass 1601': 'Y', 'QOF v45 (2020-2021)': ''}",1,6364,Chronic obstructive pulmonary disease (COPD) Primary care -  3,"{'id': 9, 'name': 'SNOMED  CT codes', 'description': 'SNOMED CT codes'}",PH797,2221,Chronic obstructive pulmonary disease (COPD) Primary care,1
2482,6364,2022-01-17T14:00:14.475561Z,2804,3838,1,2804,3784,169181,19421011,Interstitial emphysema,"{'SNOMED CT Concept ID': '77690003', 'SNOMED CT Description ID': '503646013', 'Read V2 Code': 'H581.00', 'BREATHE Chronic bronchitis': '', 'BREATHE Emphysema': '', 'BREATHE incident COPD': '', 'BREATHE prevalent COPD': '', 'BREATHE COPD exacerbations': '', 'BREATHE recommended': '', 'Cambridge COPD_COD (QOF v44)': 'Y', 'LSHTM Data Compass 1601': '', 'QOF v45 (2020-2021)': ''}",1,6364,Chronic obstructive pulmonary disease (COPD) Primary care -  3,"{'id': 9, 'name': 'SNOMED  CT codes', 'description': 'SNOMED CT codes'}",PH797,2221,Chronic obstructive pulmonary disease (COPD) Primary care,1
2482,6364,2022-01-17T14:00:14.475561Z,2804,3838,1,2804,3784,169182,1948051000006112,Asthma-chronic obstructive pulmonary disease overlap syndrom,"{'SNOMED CT Concept ID': '10692761000119107', 'SNOMED CT Description ID': '3046456013', 'Read V2 Code': 'H3B..00', 'BREATHE Chronic bronchitis': '', 'BREATHE Emphysema': '', 'BREATHE incident COPD': '', 'BREATHE prevalent COPD': '', 'BREATHE COPD exacerbations': '', 'BREATHE recommended': '', 'Cambridge COPD_COD (QOF v44)': 'Y', 'LSHTM Data Compass 1601': '', 'QOF v45 (2020-2021)': 'Y'}",1,6364,Chronic obstructive pulmonary disease (COPD) Primary care -  3,"{'id': 9, 'name': 'SNOMED  CT codes', 'description': 'SNOMED CT codes'}",PH797,2221,Chronic obstructive pulmonary disease (COPD) Primary care,1
2482,6364,2022-01-17T14:00:14.475561Z,2804,3838,1,2804,3784,169183,1970531000006111,COPD assessment test score - cough,"{'SNOMED CT Concept ID': '1970531000006107', 'SNOMED CT Description ID': '1970531000006111', 'Read V2 Code': '', 'BREATHE Chronic bronchitis': '', 'BREATHE Emphysema': '', 'BREATHE incident COPD': '', 'BREATHE prevalent COPD': '', 'BREATHE COPD exacerbations': '', 'BREATHE recommended': '', 'Cambridge COPD_COD (QOF v44)': '', 'LSHTM Data Compass 1601': 'Y', 'QOF v45 (2020-2021)': ''}",1,6364,Chronic obstructive pulmonary disease (COPD) Primary care -  3,"{'id': 9, 'name': 'SNOMED  CT codes', 'description': 'SNOMED CT codes'}",PH797,2221,Chronic obstructive pulmonary disease (COPD) Primary care,1
2482,6364,2022-01-17T14:00:14.475561Z,2804,3838,1,2804,3784,169184,1970541000006118,COPD assessment test score - phlegm (mucus),"{'SNOMED CT Concept ID': '1970541000006102', 'SNOMED CT Description ID': '1970541000006118', 'Read V2 Code': '', 'BREATHE Chronic bronchitis': '', 'BREATHE Emphysema': '', 'BREATHE incident COPD': '', 'BREATHE prevalent COPD': '', 'BREATHE COPD exacerbations': '', 'BREATHE recommended': '', 'Cambridge COPD_COD (QOF v44)': '', 'LSHTM Data Compass 1601': 'Y', 'QOF v45 (2020-2021)': ''}",1,6364,Chronic obstructive pulmonary disease (COPD) Primary care -  3,"{'id': 9, 'name': 'SNOMED  CT codes', 'description': 'SNOMED CT codes'}",PH797,2221,Chronic obstructive pulmonary disease (COPD) Primary care,1
2482,6364,2022-01-17T14:00:14.475561Z,2804,3838,1,2804,3784,169185,1970551000006116,COPD assessment test score - chest tightness,"{'SNOMED CT Concept ID': '1970551000006100', 'SNOMED CT Description ID': '1970551000006116', 'Read V2 Code': '', 'BREATHE Chronic bronchitis': '', 'BREATHE Emphysema': '', 'BREATHE incident COPD': '', 'BREATHE prevalent COPD': '', 'BREATHE COPD exacerbations': '', 'BREATHE recommended': '', 'Cambridge COPD_COD (QOF v44)': '', 'LSHTM Data Compass 1601': 'Y', 'QOF v45 (2020-2021)': ''}",1,6364,Chronic obstructive pulmonary disease (COPD) Primary care -  3,"{'id': 9, 'name': 'SNOMED  CT codes', 'description': 'SNOMED CT codes'}",PH797,2221,Chronic obstructive pulmonary disease (COPD) Primary care,1
2482,6364,2022-01-17T14:00:14.475561Z,2804,3838,1,2804,3784,169186,1970561000006119,COPD assessment test score - breathless walking up hill/stairs,"{'SNOMED CT Concept ID': '1970561000006103', 'SNOMED CT Description ID': '1970561000006119', 'Read V2 Code': '', 'BREATHE Chronic bronchitis': '', 'BREATHE Emphysema': '', 'BREATHE incident COPD': '', 'BREATHE prevalent COPD': '', 'BREATHE COPD exacerbations': '', 'BREATHE recommended': '', 'Cambridge COPD_COD (QOF v44)': '', 'LSHTM Data Compass 1601': 'Y', 'QOF v45 (2020-2021)': ''}",1,6364,Chronic obstructive pulmonary disease (COPD) Primary care -  3,"{'id': 9, 'name': 'SNOMED  CT codes', 'description': 'SNOMED CT codes'}",PH797,2221,Chronic obstructive pulmonary disease (COPD) Primary care,1
2482,6364,2022-01-17T14:00:14.475561Z,2804,3838,1,2804,3784,169187,1970571000006114,COPD assessment test score - activity limitation at home,"{'SNOMED CT Concept ID': '1970571000006105', 'SNOMED CT Description ID': '1970571000006114', 'Read V2 Code': '', 'BREATHE Chronic bronchitis': '', 'BREATHE Emphysema': '', 'BREATHE incident COPD': '', 'BREATHE prevalent COPD': '', 'BREATHE COPD exacerbations': '', 'BREATHE recommended': '', 'Cambridge COPD_COD (QOF v44)': '', 'LSHTM Data Compass 1601': 'Y', 'QOF v45 (2020-2021)': ''}",1,6364,Chronic obstructive pulmonary disease (COPD) Primary care -  3,"{'id': 9, 'name': 'SNOMED  CT codes', 'description': 'SNOMED CT codes'}",PH797,2221,Chronic obstructive pulmonary disease (COPD) Primary care,1
2482,6364,2022-01-17T14:00:14.475561Z,2804,3838,1,2804,3784,169188,1970581000006112,COPD assessment test score - confidence leaving home,"{'SNOMED CT Concept ID': '1970581000006108', 'SNOMED CT Description ID': '1970581000006112', 'Read V2 Code': '', 'BREATHE Chronic bronchitis': '', 'BREATHE Emphysema': '', 'BREATHE incident COPD': '', 'BREATHE prevalent COPD': '', 'BREATHE COPD exacerbations': '', 'BREATHE recommended': '', 'Cambridge COPD_COD (QOF v44)': '', 'LSHTM Data Compass 1601': 'Y', 'QOF v45 (2020-2021)': ''}",1,6364,Chronic obstructive pulmonary disease (COPD) Primary care -  3,"{'id': 9, 'name': 'SNOMED  CT codes', 'description': 'SNOMED CT codes'}",PH797,2221,Chronic obstructive pulmonary disease (COPD) Primary care,1
2482,6364,2022-01-17T14:00:14.475561Z,2804,3838,1,2804,3784,169189,1970591000006110,COPD assessment test score - sleeping soundly,"{'SNOMED CT Concept ID': '1970591000006106', 'SNOMED CT Description ID': '1970591000006110', 'Read V2 Code': '', 'BREATHE Chronic bronchitis': '', 'BREATHE Emphysema': '', 'BREATHE incident COPD': '', 'BREATHE prevalent COPD': '', 'BREATHE COPD exacerbations': '', 'BREATHE recommended': '', 'Cambridge COPD_COD (QOF v44)': '', 'LSHTM Data Compass 1601': 'Y', 'QOF v45 (2020-2021)': ''}",1,6364,Chronic obstructive pulmonary disease (COPD) Primary care -  3,"{'id': 9, 'name': 'SNOMED  CT codes', 'description': 'SNOMED CT codes'}",PH797,2221,Chronic obstructive pulmonary disease (COPD) Primary care,1
2482,6364,2022-01-17T14:00:14.475561Z,2804,3838,1,2804,3784,169190,1970601000006119,COPD assessment test score - energy,"{'SNOMED CT Concept ID': '1970601000006103', 'SNOMED CT Description ID': '1970601000006119', 'Read V2 Code': '', 'BREATHE Chronic bronchitis': '', 'BREATHE Emphysema': '', 'BREATHE incident COPD': '', 'BREATHE prevalent COPD': '', 'BREATHE COPD exacerbations': '', 'BREATHE recommended': '', 'Cambridge COPD_COD (QOF v44)': '', 'LSHTM Data Compass 1601': 'Y', 'QOF v45 (2020-2021)': ''}",1,6364,Chronic obstructive pulmonary disease (COPD) Primary care -  3,"{'id': 9, 'name': 'SNOMED  CT codes', 'description': 'SNOMED CT codes'}",PH797,2221,Chronic obstructive pulmonary disease (COPD) Primary care,1
2482,6364,2022-01-17T14:00:14.475561Z,2804,3838,1,2804,3784,169191,198471000000111,Chronic obstructive pulmonary disease monitoring 2nd letter,"{'SNOMED CT Concept ID': '717021000000106', 'SNOMED CT Description ID': '1569571000000113', 'Read V2 Code': '9Oi1.00', 'BREATHE Chronic bronchitis': 'Y', 'BREATHE Emphysema': 'Y', 'BREATHE incident COPD': 'Y', 'BREATHE prevalent COPD': 'Y', 'BREATHE COPD exacerbations': '', 'BREATHE recommended': 'Y', 'Cambridge COPD_COD (QOF v44)': '', 'LSHTM Data Compass 1601': 'Y', 'QOF v45 (2020-2021)': ''}",1,6364,Chronic obstructive pulmonary disease (COPD) Primary care -  3,"{'id': 9, 'name': 'SNOMED  CT codes', 'description': 'SNOMED CT codes'}",PH797,2221,Chronic obstructive pulmonary disease (COPD) Primary care,1
2482,6364,2022-01-17T14:00:14.475561Z,2804,3838,1,2804,3784,169192,199481000000116,Chronic obstructive pulmonary disease monitoring 3rd letter,"{'SNOMED CT Concept ID': '717521000000104', 'SNOMED CT Description ID': '1570061000000113', 'Read V2 Code': '9Oi2.00', 'BREATHE Chronic bronchitis': 'Y', 'BREATHE Emphysema': 'Y', 'BREATHE incident COPD': 'Y', 'BREATHE prevalent COPD': 'Y', 'BREATHE COPD exacerbations': '', 'BREATHE recommended': 'Y', 'Cambridge COPD_COD (QOF v44)': '', 'LSHTM Data Compass 1601': 'Y', 'QOF v45 (2020-2021)': ''}",1,6364,Chronic obstructive pulmonary disease (COPD) Primary care -  3,"{'id': 9, 'name': 'SNOMED  CT codes', 'description': 'SNOMED CT codes'}",PH797,2221,Chronic obstructive pulmonary disease (COPD) Primary care,1
2482,6364,2022-01-17T14:00:14.475561Z,2804,3838,1,2804,3784,169193,2009451000006113,Chronic obstructive pulmonary disease post discharge review,"{'SNOMED CT Concept ID': '2009451000006109', 'SNOMED CT Description ID': '2009451000006113', 'Read V2 Code': '', 'BREATHE Chronic bronchitis': 'Y', 'BREATHE Emphysema': 'Y', 'BREATHE incident COPD': 'Y', 'BREATHE prevalent COPD': 'Y', 'BREATHE COPD exacerbations': 'Y', 'BREATHE recommended': 'Y', 'Cambridge COPD_COD (QOF v44)': '', 'LSHTM Data Compass 1601': 'Y', 'QOF v45 (2020-2021)': ''}",1,6364,Chronic obstructive pulmonary disease (COPD) Primary care -  3,"{'id': 9, 'name': 'SNOMED  CT codes', 'description': 'SNOMED CT codes'}",PH797,2221,Chronic obstructive pulmonary disease (COPD) Primary care,1
2482,6364,2022-01-17T14:00:14.475561Z,2804,3838,1,2804,3784,169194,2009511000006113,Not suitable for step down change in COPD management plan,"{'SNOMED CT Concept ID': '2009511000006109', 'SNOMED CT Description ID': '2009511000006113', 'Read V2 Code': '', 'BREATHE Chronic bronchitis': '', 'BREATHE Emphysema': '', 'BREATHE incident COPD': '', 'BREATHE prevalent COPD': '', 'BREATHE COPD exacerbations': '', 'BREATHE recommended': '', 'Cambridge COPD_COD (QOF v44)': '', 'LSHTM Data Compass 1601': 'Y', 'QOF v45 (2020-2021)': ''}",1,6364,Chronic obstructive pulmonary disease (COPD) Primary care -  3,"{'id': 9, 'name': 'SNOMED  CT codes', 'description': 'SNOMED CT codes'}",PH797,2221,Chronic obstructive pulmonary disease (COPD) Primary care,1
2482,6364,2022-01-17T14:00:14.475561Z,2804,3838,1,2804,3784,169195,2010061000006113,Acute non-infective exacerbation of chronic obstructive pulmonary disease,"{'SNOMED CT Concept ID': '847091000000104', 'SNOMED CT Description ID': '2196421000000114', 'Read V2 Code': '', 'BREATHE Chronic bronchitis': 'Y', 'BREATHE Emphysema': 'Y', 'BREATHE incident COPD': 'Y', 'BREATHE prevalent COPD': 'Y', 'BREATHE COPD exacerbations': 'Y', 'BREATHE recommended': 'Y', 'Cambridge COPD_COD (QOF v44)': '', 'LSHTM Data Compass 1601': 'Y', 'QOF v45 (2020-2021)': ''}",1,6364,Chronic obstructive pulmonary disease (COPD) Primary care -  3,"{'id': 9, 'name': 'SNOMED  CT codes', 'description': 'SNOMED CT codes'}",PH797,2221,Chronic obstructive pulmonary disease (COPD) Primary care,1
2482,6364,2022-01-17T14:00:14.475561Z,2804,3838,1,2804,3784,169196,2152091000000112,Has chronic obstructive pulmonary disease care plan,"{'SNOMED CT Concept ID': '827571000000106', 'SNOMED CT Description ID': '2152091000000112', 'Read V2 Code': '8CMV.00', 'BREATHE Chronic bronchitis': '', 'BREATHE Emphysema': '', 'BREATHE incident COPD': '', 'BREATHE prevalent COPD': '', 'BREATHE COPD exacerbations': '', 'BREATHE recommended': '', 'Cambridge COPD_COD (QOF v44)': '', 'LSHTM Data Compass 1601': 'Y', 'QOF v45 (2020-2021)': ''}",1,6364,Chronic obstructive pulmonary disease (COPD) Primary care -  3,"{'id': 9, 'name': 'SNOMED  CT codes', 'description': 'SNOMED CT codes'}",PH797,2221,Chronic obstructive pulmonary disease (COPD) Primary care,1
2482,6364,2022-01-17T14:00:14.475561Z,2804,3838,1,2804,3784,169197,2160051010,Admit COPD emergency,"{'SNOMED CT Concept ID': '408501008', 'SNOMED CT Description ID': '3082901016', 'Read V2 Code': '8H2R.00', 'BREATHE Chronic bronchitis': 'Y', 'BREATHE Emphysema': 'Y', 'BREATHE incident COPD': 'Y', 'BREATHE prevalent COPD': 'Y', 'BREATHE COPD exacerbations': 'Y', 'BREATHE recommended': 'Y', 'Cambridge COPD_COD (QOF v44)': '', 'LSHTM Data Compass 1601': 'Y', 'QOF v45 (2020-2021)': ''}",1,6364,Chronic obstructive pulmonary disease (COPD) Primary care -  3,"{'id': 9, 'name': 'SNOMED  CT codes', 'description': 'SNOMED CT codes'}",PH797,2221,Chronic obstructive pulmonary disease (COPD) Primary care,1
2482,6364,2022-01-17T14:00:14.475561Z,2804,3838,1,2804,3784,169198,216596014,End stage chronic obstructive airways disease,"{'SNOMED CT Concept ID': '135836000', 'SNOMED CT Description ID': '216596014', 'Read V2 Code': 'H3A..00', 'BREATHE Chronic bronchitis': 'Y', 'BREATHE Emphysema': 'Y', 'BREATHE incident COPD': 'Y', 'BREATHE prevalent COPD': 'Y', 'BREATHE COPD exacerbations': '', 'BREATHE recommended': 'Y', 'Cambridge COPD_COD (QOF v44)': 'Y', 'LSHTM Data Compass 1601': 'Y', 'QOF v45 (2020-2021)': 'Y'}",1,6364,Chronic obstructive pulmonary disease (COPD) Primary care -  3,"{'id': 9, 'name': 'SNOMED  CT codes', 'description': 'SNOMED CT codes'}",PH797,2221,Chronic obstructive pulmonary disease (COPD) Primary care,1
2482,6364,2022-01-17T14:00:14.475561Z,2804,3838,1,2804,3784,169199,2199261000000110,Chronic obstructive pulmonary disease care pathway,"{'SNOMED CT Concept ID': '848431000000106', 'SNOMED CT Description ID': '2199261000000110', 'Read V2 Code': '8CMW500', 'BREATHE Chronic bronchitis': 'Y', 'BREATHE Emphysema': 'Y', 'BREATHE incident COPD': 'Y', 'BREATHE prevalent COPD': 'Y', 'BREATHE COPD exacerbations': '', 'BREATHE recommended': 'Y', 'Cambridge COPD_COD (QOF v44)': '', 'LSHTM Data Compass 1601': 'Y', 'QOF v45 (2020-2021)': ''}",1,6364,Chronic obstructive pulmonary disease (COPD) Primary care -  3,"{'id': 9, 'name': 'SNOMED  CT codes', 'description': 'SNOMED CT codes'}",PH797,2221,Chronic obstructive pulmonary disease (COPD) Primary care,1
2482,6364,2022-01-17T14:00:14.475561Z,2804,3838,1,2804,3784,169200,2219861000000114,Chronic obstructive pulmonary disease rescue pack declined,"{'SNOMED CT Concept ID': '857791000000103', 'SNOMED CT Description ID': '2219861000000114', 'Read V2 Code': '8IEZ.00', 'BREATHE Chronic bronchitis': '', 'BREATHE Emphysema': '', 'BREATHE incident COPD': '', 'BREATHE prevalent COPD': '', 'BREATHE COPD exacerbations': '', 'BREATHE recommended': '', 'Cambridge COPD_COD (QOF v44)': '', 'LSHTM Data Compass 1601': 'Y', 'QOF v45 (2020-2021)': ''}",1,6364,Chronic obstructive pulmonary disease (COPD) Primary care -  3,"{'id': 9, 'name': 'SNOMED  CT codes', 'description': 'SNOMED CT codes'}",PH797,2221,Chronic obstructive pulmonary disease (COPD) Primary care,1
2482,6364,2022-01-17T14:00:14.475561Z,2804,3838,1,2804,3784,169201,2240631000000119,Eosinophilic bronchitis,"{'SNOMED CT Concept ID': '866901000000103', 'SNOMED CT Description ID': '2240631000000119', 'Read V2 Code': 'H583200', 'BREATHE Chronic bronchitis': '', 'BREATHE Emphysema': '', 'BREATHE incident COPD': '', 'BREATHE prevalent COPD': '', 'BREATHE COPD exacerbations': '', 'BREATHE recommended': '', 'Cambridge COPD_COD (QOF v44)': 'Y', 'LSHTM Data Compass 1601': 'Y', 'QOF v45 (2020-2021)': 'Y'}",1,6364,Chronic obstructive pulmonary disease (COPD) Primary care -  3,"{'id': 9, 'name': 'SNOMED  CT codes', 'description': 'SNOMED CT codes'}",PH797,2221,Chronic obstructive pulmonary disease (COPD) Primary care,1
2482,6364,2022-01-17T14:00:14.475561Z,2804,3838,1,2804,3784,169202,2308511000000113,Shared care chronic obstructive pulmonary disease monitoring,"{'SNOMED CT Concept ID': '897311000000101', 'SNOMED CT Description ID': '2308511000000113', 'Read V2 Code': '66Yz200', 'BREATHE Chronic bronchitis': 'Y', 'BREATHE Emphysema': 'Y', 'BREATHE incident COPD': 'Y', 'BREATHE prevalent COPD': 'Y', 'BREATHE COPD exacerbations': '', 'BREATHE recommended': 'Y', 'Cambridge COPD_COD (QOF v44)': '', 'LSHTM Data Compass 1601': 'Y', 'QOF v45 (2020-2021)': ''}",1,6364,Chronic obstructive pulmonary disease (COPD) Primary care -  3,"{'id': 9, 'name': 'SNOMED  CT codes', 'description': 'SNOMED CT codes'}",PH797,2221,Chronic obstructive pulmonary disease (COPD) Primary care,1
2482,6364,2022-01-17T14:00:14.475561Z,2804,3838,1,2804,3784,169203,2423731000000115,Telehealth chronic obstructive pulmonary disease monitoring,"{'SNOMED CT Concept ID': '716358000', 'SNOMED CT Description ID': '3305683010', 'Read V2 Code': '66YB200', 'BREATHE Chronic bronchitis': 'Y', 'BREATHE Emphysema': 'Y', 'BREATHE incident COPD': 'Y', 'BREATHE prevalent COPD': 'Y', 'BREATHE COPD exacerbations': '', 'BREATHE recommended': 'Y', 'Cambridge COPD_COD (QOF v44)': '', 'LSHTM Data Compass 1601': 'Y', 'QOF v45 (2020-2021)': ''}",1,6364,Chronic obstructive pulmonary disease (COPD) Primary care -  3,"{'id': 9, 'name': 'SNOMED  CT codes', 'description': 'SNOMED CT codes'}",PH797,2221,Chronic obstructive pulmonary disease (COPD) Primary care,1
2482,6364,2022-01-17T14:00:14.475561Z,2804,3838,1,2804,3784,169204,2578881000006118,Panacinar emphysema,"{'SNOMED CT Concept ID': '4981000', 'SNOMED CT Description ID': '9336013', 'Read V2 Code': '', 'BREATHE Chronic bronchitis': '', 'BREATHE Emphysema': 'Y', 'BREATHE incident COPD': 'Y', 'BREATHE prevalent COPD': 'Y', 'BREATHE COPD exacerbations': '', 'BREATHE recommended': 'Y', 'Cambridge COPD_COD (QOF v44)': 'Y', 'LSHTM Data Compass 1601': '', 'QOF v45 (2020-2021)': 'Y'}",1,6364,Chronic obstructive pulmonary disease (COPD) Primary care -  3,"{'id': 9, 'name': 'SNOMED  CT codes', 'description': 'SNOMED CT codes'}",PH797,2221,Chronic obstructive pulmonary disease (COPD) Primary care,1
2482,6364,2022-01-17T14:00:14.475561Z,2804,3838,1,2804,3784,169205,2578901000006116,Vesicular emphysema,"{'SNOMED CT Concept ID': '4981000', 'SNOMED CT Description ID': '9338014', 'Read V2 Code': '', 'BREATHE Chronic bronchitis': '', 'BREATHE Emphysema': '', 'BREATHE incident COPD': '', 'BREATHE prevalent COPD': '', 'BREATHE COPD exacerbations': '', 'BREATHE recommended': '', 'Cambridge COPD_COD (QOF v44)': 'Y', 'LSHTM Data Compass 1601': '', 'QOF v45 (2020-2021)': 'Y'}",1,6364,Chronic obstructive pulmonary disease (COPD) Primary care -  3,"{'id': 9, 'name': 'SNOMED  CT codes', 'description': 'SNOMED CT codes'}",PH797,2221,Chronic obstructive pulmonary disease (COPD) Primary care,1
2482,6364,2022-01-17T14:00:14.475561Z,2804,3838,1,2804,3784,169206,2578911000006118,Alveolar emphysema of lung,"{'SNOMED CT Concept ID': '4981000', 'SNOMED CT Description ID': '9339018', 'Read V2 Code': '', 'BREATHE Chronic bronchitis': '', 'BREATHE Emphysema': '', 'BREATHE incident COPD': '', 'BREATHE prevalent COPD': '', 'BREATHE COPD exacerbations': '', 'BREATHE recommended': '', 'Cambridge COPD_COD (QOF v44)': 'Y', 'LSHTM Data Compass 1601': '', 'QOF v45 (2020-2021)': 'Y'}",1,6364,Chronic obstructive pulmonary disease (COPD) Primary care -  3,"{'id': 9, 'name': 'SNOMED  CT codes', 'description': 'SNOMED CT codes'}",PH797,2221,Chronic obstructive pulmonary disease (COPD) Primary care,1
2482,6364,2022-01-17T14:00:14.475561Z,2804,3838,1,2804,3784,169207,269761000006112,Obliterative bronchiolitis due to chemical fumes,"{'SNOMED CT Concept ID': '196027008', 'SNOMED CT Description ID': '301573017', 'Read V2 Code': 'H464100', 'BREATHE Chronic bronchitis': '', 'BREATHE Emphysema': '', 'BREATHE incident COPD': '', 'BREATHE prevalent COPD': '', 'BREATHE COPD exacerbations': '', 'BREATHE recommended': '', 'Cambridge COPD_COD (QOF v44)': 'Y', 'LSHTM Data Compass 1601': '', 'QOF v45 (2020-2021)': ''}",1,6364,Chronic obstructive pulmonary disease (COPD) Primary care -  3,"{'id': 9, 'name': 'SNOMED  CT codes', 'description': 'SNOMED CT codes'}",PH797,2221,Chronic obstructive pulmonary disease (COPD) Primary care,1
2482,6364,2022-01-17T14:00:14.475561Z,2804,3838,1,2804,3784,169208,27096010,Giant bullous emphysema,"{'SNOMED CT Concept ID': '16003001', 'SNOMED CT Description ID': '27096010', 'Read V2 Code': 'H320200', 'BREATHE Chronic bronchitis': '', 'BREATHE Emphysema': '', 'BREATHE incident COPD': '', 'BREATHE prevalent COPD': '', 'BREATHE COPD exacerbations': '', 'BREATHE recommended': '', 'Cambridge COPD_COD (QOF v44)': 'Y', 'LSHTM Data Compass 1601': 'Y', 'QOF v45 (2020-2021)': 'Y'}",1,6364,Chronic obstructive pulmonary disease (COPD) Primary care -  3,"{'id': 9, 'name': 'SNOMED  CT codes', 'description': 'SNOMED CT codes'}",PH797,2221,Chronic obstructive pulmonary disease (COPD) Primary care,1
2482,6364,2022-01-17T14:00:14.475561Z,2804,3838,1,2804,3784,169209,2716231000006114,Chronic obstructive lung disease,"{'SNOMED CT Concept ID': '13645005', 'SNOMED CT Description ID': '23287019', 'Read V2 Code': '', 'BREATHE Chronic bronchitis': 'Y', 'BREATHE Emphysema': 'Y', 'BREATHE incident COPD': 'Y', 'BREATHE prevalent COPD': 'Y', 'BREATHE COPD exacerbations': '', 'BREATHE recommended': 'Y', 'Cambridge COPD_COD (QOF v44)': 'Y', 'LSHTM Data Compass 1601': '', 'QOF v45 (2020-2021)': 'Y'}",1,6364,Chronic obstructive pulmonary disease (COPD) Primary care -  3,"{'id': 9, 'name': 'SNOMED  CT codes', 'description': 'SNOMED CT codes'}",PH797,2221,Chronic obstructive pulmonary disease (COPD) Primary care,1
2482,6364,2022-01-17T14:00:14.475561Z,2804,3838,1,2804,3784,169210,2716241000006116,Chronic airway obstruction,"{'SNOMED CT Concept ID': '13645005', 'SNOMED CT Description ID': '475419011', 'Read V2 Code': '', 'BREATHE Chronic bronchitis': '', 'BREATHE Emphysema': '', 'BREATHE incident COPD': '', 'BREATHE prevalent COPD': '', 'BREATHE COPD exacerbations': '', 'BREATHE recommended': '', 'Cambridge COPD_COD (QOF v44)': 'Y', 'LSHTM Data Compass 1601': '', 'QOF v45 (2020-2021)': 'Y'}",1,6364,Chronic obstructive pulmonary disease (COPD) Primary care -  3,"{'id': 9, 'name': 'SNOMED  CT codes', 'description': 'SNOMED CT codes'}",PH797,2221,Chronic obstructive pulmonary disease (COPD) Primary care,1
2482,6364,2022-01-17T14:00:14.475561Z,2804,3838,1,2804,3784,169211,2716251000006119,Chronic irreversible airway obstruction,"{'SNOMED CT Concept ID': '13645005', 'SNOMED CT Description ID': '475420017', 'Read V2 Code': '', 'BREATHE Chronic bronchitis': '', 'BREATHE Emphysema': '', 'BREATHE incident COPD': '', 'BREATHE prevalent COPD': '', 'BREATHE COPD exacerbations': '', 'BREATHE recommended': '', 'Cambridge COPD_COD (QOF v44)': 'Y', 'LSHTM Data Compass 1601': '', 'QOF v45 (2020-2021)': 'Y'}",1,6364,Chronic obstructive pulmonary disease (COPD) Primary care -  3,"{'id': 9, 'name': 'SNOMED  CT codes', 'description': 'SNOMED CT codes'}",PH797,2221,Chronic obstructive pulmonary disease (COPD) Primary care,1
2482,6364,2022-01-17T14:00:14.475561Z,2804,3838,1,2804,3784,169216,2716311000006112,CAL - Chronic airflow limitation,"{'SNOMED CT Concept ID': '13645005', 'SNOMED CT Description ID': '475426011', 'Read V2 Code': '', 'BREATHE Chronic bronchitis': '', 'BREATHE Emphysema': '', 'BREATHE incident COPD': '', 'BREATHE prevalent COPD': '', 'BREATHE COPD exacerbations': '', 'BREATHE recommended': '', 'Cambridge COPD_COD (QOF v44)': 'Y', 'LSHTM Data Compass 1601': '', 'QOF v45 (2020-2021)': 'Y'}",1,6364,Chronic obstructive pulmonary disease (COPD) Primary care -  3,"{'id': 9, 'name': 'SNOMED  CT codes', 'description': 'SNOMED CT codes'}",PH797,2221,Chronic obstructive pulmonary disease (COPD) Primary care,1
2482,6364,2022-01-17T14:00:14.475561Z,2804,3838,1,2804,3784,169217,2716321000006116,COPD - Chronic obstructive pulmonary disease,"{'SNOMED CT Concept ID': '13645005', 'SNOMED CT Description ID': '475427019', 'Read V2 Code': '', 'BREATHE Chronic bronchitis': 'Y', 'BREATHE Emphysema': 'Y', 'BREATHE incident COPD': 'Y', 'BREATHE prevalent COPD': 'Y', 'BREATHE COPD exacerbations': '', 'BREATHE recommended': 'Y', 'Cambridge COPD_COD (QOF v44)': 'Y', 'LSHTM Data Compass 1601': '', 'QOF v45 (2020-2021)': 'Y'}",1,6364,Chronic obstructive pulmonary disease (COPD) Primary care -  3,"{'id': 9, 'name': 'SNOMED  CT codes', 'description': 'SNOMED CT codes'}",PH797,2221,Chronic obstructive pulmonary disease (COPD) Primary care,1
2482,6364,2022-01-17T14:00:14.475561Z,2804,3838,1,2804,3784,169218,2716341000006111,Chronic airway disease,"{'SNOMED CT Concept ID': '13645005', 'SNOMED CT Description ID': '475429016', 'Read V2 Code': '', 'BREATHE Chronic bronchitis': '', 'BREATHE Emphysema': '', 'BREATHE incident COPD': '', 'BREATHE prevalent COPD': '', 'BREATHE COPD exacerbations': '', 'BREATHE recommended': '', 'Cambridge COPD_COD (QOF v44)': 'Y', 'LSHTM Data Compass 1601': '', 'QOF v45 (2020-2021)': 'Y'}",1,6364,Chronic obstructive pulmonary disease (COPD) Primary care -  3,"{'id': 9, 'name': 'SNOMED  CT codes', 'description': 'SNOMED CT codes'}",PH797,2221,Chronic obstructive pulmonary disease (COPD) Primary care,1
2482,6364,2022-01-17T14:00:14.475561Z,2804,3838,1,2804,3784,169219,2716351000006113,COLD - Chronic obstructive lung disease,"{'SNOMED CT Concept ID': '13645005', 'SNOMED CT Description ID': '475430014', 'Read V2 Code': '', 'BREATHE Chronic bronchitis': 'Y', 'BREATHE Emphysema': 'Y', 'BREATHE incident COPD': 'Y', 'BREATHE prevalent COPD': 'Y', 'BREATHE COPD exacerbations': '', 'BREATHE recommended': 'Y', 'Cambridge COPD_COD (QOF v44)': 'Y', 'LSHTM Data Compass 1601': '', 'QOF v45 (2020-2021)': 'Y'}",1,6364,Chronic obstructive pulmonary disease (COPD) Primary care -  3,"{'id': 9, 'name': 'SNOMED  CT codes', 'description': 'SNOMED CT codes'}",PH797,2221,Chronic obstructive pulmonary disease (COPD) Primary care,1
2482,6364,2022-01-17T14:00:14.475561Z,2804,3838,1,2804,3784,169220,285100019,Emphysematous bronchitis,"{'SNOMED CT Concept ID': '185086009', 'SNOMED CT Description ID': '285100019', 'Read V2 Code': 'H312100', 'BREATHE Chronic bronchitis': 'Y', 'BREATHE Emphysema': 'Y', 'BREATHE incident COPD': 'Y', 'BREATHE prevalent COPD': 'Y', 'BREATHE COPD exacerbations': '', 'BREATHE recommended': 'Y', 'Cambridge COPD_COD (QOF v44)': 'Y', 'LSHTM Data Compass 1601': 'Y', 'QOF v45 (2020-2021)': 'Y'}",1,6364,Chronic obstructive pulmonary disease (COPD) Primary care -  3,"{'id': 9, 'name': 'SNOMED  CT codes', 'description': 'SNOMED CT codes'}",PH797,2221,Chronic obstructive pulmonary disease (COPD) Primary care,1
2482,6364,2022-01-17T14:00:14.475561Z,2804,3838,1,2804,3784,169221,285104011,Obstructive chronic bronchitis,"{'SNOMED CT Concept ID': '185086009', 'SNOMED CT Description ID': '285100019', 'Read V2 Code': 'H312.00', 'BREATHE Chronic bronchitis': 'Y', 'BREATHE Emphysema': '', 'BREATHE incident COPD': 'Y', 'BREATHE prevalent COPD': 'Y', 'BREATHE COPD exacerbations': '', 'BREATHE recommended': 'Y', 'Cambridge COPD_COD (QOF v44)': 'Y', 'LSHTM Data Compass 1601': 'Y', 'QOF v45 (2020-2021)': 'Y'}",1,6364,Chronic obstructive pulmonary disease (COPD) Primary care -  3,"{'id': 9, 'name': 'SNOMED  CT codes', 'description': 'SNOMED CT codes'}",PH797,2221,Chronic obstructive pulmonary disease (COPD) Primary care,1
2482,6364,2022-01-17T14:00:14.475561Z,2804,3838,1,2804,3784,169222,299001000000116,Chronic obstructive pulmonary disease disturbs sleep,"{'SNOMED CT Concept ID': '198401000000104', 'SNOMED CT Description ID': '299001000000116', 'Read V2 Code': '66Yg.00', 'BREATHE Chronic bronchitis': 'Y', 'BREATHE Emphysema': 'Y', 'BREATHE incident COPD': 'Y', 'BREATHE prevalent COPD': 'Y', 'BREATHE COPD exacerbations': '', 'BREATHE recommended': 'Y', 'Cambridge COPD_COD (QOF v44)': '', 'LSHTM Data Compass 1601': 'Y', 'QOF v45 (2020-2021)': ''}",1,6364,Chronic obstructive pulmonary disease (COPD) Primary care -  3,"{'id': 9, 'name': 'SNOMED  CT codes', 'description': 'SNOMED CT codes'}",PH797,2221,Chronic obstructive pulmonary disease (COPD) Primary care,1
2482,6364,2022-01-17T14:00:14.475561Z,2804,3838,1,2804,3784,169223,299031000000110,Chronic obstructive pulmonary disease does not disturb sleep,"{'SNOMED CT Concept ID': '198411000000102', 'SNOMED CT Description ID': '299031000000110', 'Read V2 Code': '66Yh.00', 'BREATHE Chronic bronchitis': 'Y', 'BREATHE Emphysema': 'Y', 'BREATHE incident COPD': 'Y', 'BREATHE prevalent COPD': 'Y', 'BREATHE COPD exacerbations': '', 'BREATHE recommended': 'Y', 'Cambridge COPD_COD (QOF v44)': '', 'LSHTM Data Compass 1601': 'Y', 'QOF v45 (2020-2021)': ''}",1,6364,Chronic obstructive pulmonary disease (COPD) Primary care -  3,"{'id': 9, 'name': 'SNOMED  CT codes', 'description': 'SNOMED CT codes'}",PH797,2221,Chronic obstructive pulmonary disease (COPD) Primary care,1
2482,6364,2022-01-17T14:00:14.475561Z,2804,3838,1,2804,3784,169224,301127010,Obliterating fibrous bronchiolitis,"{'SNOMED CT Concept ID': '40100001', 'SNOMED CT Description ID': '66804014', 'Read V2 Code': 'H061400', 'BREATHE Chronic bronchitis': '', 'BREATHE Emphysema': '', 'BREATHE incident COPD': '', 'BREATHE prevalent COPD': '', 'BREATHE COPD exacerbations': '', 'BREATHE recommended': '', 'Cambridge COPD_COD (QOF v44)': 'Y', 'LSHTM Data Compass 1601': '', 'QOF v45 (2020-2021)': ''}",1,6364,Chronic obstructive pulmonary disease (COPD) Primary care -  3,"{'id': 9, 'name': 'SNOMED  CT codes', 'description': 'SNOMED CT codes'}",PH797,2221,Chronic obstructive pulmonary disease (COPD) Primary care,1
2482,6364,2022-01-17T14:00:14.475561Z,2804,3838,1,2804,3784,169225,301444018,Simple chronic bronchitis NOS,"{'SNOMED CT Concept ID': '61937009', 'SNOMED CT Description ID': '102938011', 'Read V2 Code': 'H310z00', 'BREATHE Chronic bronchitis': '', 'BREATHE Emphysema': '', 'BREATHE incident COPD': '', 'BREATHE prevalent COPD': '', 'BREATHE COPD exacerbations': '', 'BREATHE recommended': '', 'Cambridge COPD_COD (QOF v44)': 'Y', 'LSHTM Data Compass 1601': 'Y', 'QOF v45 (2020-2021)': 'Y'}",1,6364,Chronic obstructive pulmonary disease (COPD) Primary care -  3,"{'id': 9, 'name': 'SNOMED  CT codes', 'description': 'SNOMED CT codes'}",PH797,2221,Chronic obstructive pulmonary disease (COPD) Primary care,1
2482,6364,2022-01-17T14:00:14.475561Z,2804,3838,1,2804,3784,169226,301448015,Mucopurulent chronic bronchitis NOS,"{'SNOMED CT Concept ID': '74417001', 'SNOMED CT Description ID': '123588010', 'Read V2 Code': 'H311z00', 'BREATHE Chronic bronchitis': '', 'BREATHE Emphysema': '', 'BREATHE incident COPD': '', 'BREATHE prevalent COPD': '', 'BREATHE COPD exacerbations': '', 'BREATHE recommended': '', 'Cambridge COPD_COD (QOF v44)': 'Y', 'LSHTM Data Compass 1601': 'Y', 'QOF v45 (2020-2021)': 'Y'}",1,6364,Chronic obstructive pulmonary disease (COPD) Primary care -  3,"{'id': 9, 'name': 'SNOMED  CT codes', 'description': 'SNOMED CT codes'}",PH797,2221,Chronic obstructive pulmonary disease (COPD) Primary care,1
2482,6364,2022-01-17T14:00:14.475561Z,2804,3838,1,2804,3784,169227,301450011,Chronic asthmatic bronchitis,"{'SNOMED CT Concept ID': '195949008', 'SNOMED CT Description ID': '301450011', 'Read V2 Code': 'H312000', 'BREATHE Chronic bronchitis': '', 'BREATHE Emphysema': '', 'BREATHE incident COPD': '', 'BREATHE prevalent COPD': '', 'BREATHE COPD exacerbations': '', 'BREATHE recommended': '', 'Cambridge COPD_COD (QOF v44)': 'Y', 'LSHTM Data Compass 1601': '', 'QOF v45 (2020-2021)': 'Y'}",1,6364,Chronic obstructive pulmonary disease (COPD) Primary care -  3,"{'id': 9, 'name': 'SNOMED  CT codes', 'description': 'SNOMED CT codes'}",PH797,2221,Chronic obstructive pulmonary disease (COPD) Primary care,1
2482,6364,2022-01-17T14:00:14.475561Z,2804,3838,1,2804,3784,169228,301451010,Chronic wheezy bronchitis,"{'SNOMED CT Concept ID': '195949008', 'SNOMED CT Description ID': '301451010', 'Read V2 Code': 'H312011', 'BREATHE Chronic bronchitis': 'Y', 'BREATHE Emphysema': '', 'BREATHE incident COPD': 'Y', 'BREATHE prevalent COPD': 'Y', 'BREATHE COPD exacerbations': '', 'BREATHE recommended': 'Y', 'Cambridge COPD_COD (QOF v44)': 'Y', 'LSHTM Data Compass 1601': '', 'QOF v45 (2020-2021)': 'Y'}",1,6364,Chronic obstructive pulmonary disease (COPD) Primary care -  3,"{'id': 9, 'name': 'SNOMED  CT codes', 'description': 'SNOMED CT codes'}",PH797,2221,Chronic obstructive pulmonary disease (COPD) Primary care,1
2482,6364,2022-01-17T14:00:14.475561Z,2804,3838,1,2804,3784,169229,301453013,Acute exacerbation of chronic obstructive airways disease,"{'SNOMED CT Concept ID': '195951007', 'SNOMED CT Description ID': '301453013', 'Read V2 Code': 'H312200', 'BREATHE Chronic bronchitis': 'Y', 'BREATHE Emphysema': 'Y', 'BREATHE incident COPD': 'Y', 'BREATHE prevalent COPD': 'Y', 'BREATHE COPD exacerbations': 'Y', 'BREATHE recommended': 'Y', 'Cambridge COPD_COD (QOF v44)': '', 'LSHTM Data Compass 1601': 'Y', 'QOF v45 (2020-2021)': ''}",1,6364,Chronic obstructive pulmonary disease (COPD) Primary care -  3,"{'id': 9, 'name': 'SNOMED  CT codes', 'description': 'SNOMED CT codes'}",PH797,2221,Chronic obstructive pulmonary disease (COPD) Primary care,1
2482,6364,2022-01-17T14:00:14.475561Z,2804,3838,1,2804,3784,169230,301455018,Obstructive chronic bronchitis NOS,"{'SNOMED CT Concept ID': '185086009', 'SNOMED CT Description ID': '285100019', 'Read V2 Code': 'H312z00', 'BREATHE Chronic bronchitis': 'Y', 'BREATHE Emphysema': '', 'BREATHE incident COPD': 'Y', 'BREATHE prevalent COPD': 'Y', 'BREATHE COPD exacerbations': '', 'BREATHE recommended': 'Y', 'Cambridge COPD_COD (QOF v44)': 'Y', 'LSHTM Data Compass 1601': 'Y', 'QOF v45 (2020-2021)': 'Y'}",1,6364,Chronic obstructive pulmonary disease (COPD) Primary care -  3,"{'id': 9, 'name': 'SNOMED  CT codes', 'description': 'SNOMED CT codes'}",PH797,2221,Chronic obstructive pulmonary disease (COPD) Primary care,1
2482,6364,2022-01-17T14:00:14.475561Z,2804,3838,1,2804,3784,169231,301456017,Mixed simple and mucopurulent chronic bronchitis,"{'SNOMED CT Concept ID': '195953005', 'SNOMED CT Description ID': '301456017', 'Read V2 Code': 'H313.00', 'BREATHE Chronic bronchitis': '', 'BREATHE Emphysema': '', 'BREATHE incident COPD': '', 'BREATHE prevalent COPD': '', 'BREATHE COPD exacerbations': '', 'BREATHE recommended': '', 'Cambridge COPD_COD (QOF v44)': 'Y', 'LSHTM Data Compass 1601': 'Y', 'QOF v45 (2020-2021)': 'Y'}",1,6364,Chronic obstructive pulmonary disease (COPD) Primary care -  3,"{'id': 9, 'name': 'SNOMED  CT codes', 'description': 'SNOMED CT codes'}",PH797,2221,Chronic obstructive pulmonary disease (COPD) Primary care,1
2482,6364,2022-01-17T14:00:14.475561Z,2804,3838,1,2804,3784,169232,301457014,Other chronic bronchitis,"{'SNOMED CT Concept ID': '63480004', 'SNOMED CT Description ID': '105519017', 'Read V2 Code': 'H31y.00', 'BREATHE Chronic bronchitis': 'Y', 'BREATHE Emphysema': '', 'BREATHE incident COPD': 'Y', 'BREATHE prevalent COPD': 'Y', 'BREATHE COPD exacerbations': '', 'BREATHE recommended': 'Y', 'Cambridge COPD_COD (QOF v44)': 'Y', 'LSHTM Data Compass 1601': 'Y', 'QOF v45 (2020-2021)': 'Y'}",1,6364,Chronic obstructive pulmonary disease (COPD) Primary care -  3,"{'id': 9, 'name': 'SNOMED  CT codes', 'description': 'SNOMED CT codes'}",PH797,2221,Chronic obstructive pulmonary disease (COPD) Primary care,1
2482,6364,2022-01-17T14:00:14.475561Z,2804,3838,1,2804,3784,169233,301458016,Other chronic bronchitis NOS,"{'SNOMED CT Concept ID': '63480004', 'SNOMED CT Description ID': '105519017', 'Read V2 Code': 'H31yz00', 'BREATHE Chronic bronchitis': 'Y', 'BREATHE Emphysema': '', 'BREATHE incident COPD': 'Y', 'BREATHE prevalent COPD': 'Y', 'BREATHE COPD exacerbations': '', 'BREATHE recommended': 'Y', 'Cambridge COPD_COD (QOF v44)': 'Y', 'LSHTM Data Compass 1601': 'Y', 'QOF v45 (2020-2021)': 'Y'}",1,6364,Chronic obstructive pulmonary disease (COPD) Primary care -  3,"{'id': 9, 'name': 'SNOMED  CT codes', 'description': 'SNOMED CT codes'}",PH797,2221,Chronic obstructive pulmonary disease (COPD) Primary care,1
2482,6364,2022-01-17T14:00:14.475561Z,2804,3838,1,2804,3784,169234,301459012,Chronic bronchitis NOS,"{'SNOMED CT Concept ID': '63480004', 'SNOMED CT Description ID': '105519017', 'Read V2 Code': 'H31z.00', 'BREATHE Chronic bronchitis': 'Y', 'BREATHE Emphysema': '', 'BREATHE incident COPD': 'Y', 'BREATHE prevalent COPD': 'Y', 'BREATHE COPD exacerbations': '', 'BREATHE recommended': 'Y', 'Cambridge COPD_COD (QOF v44)': 'Y', 'LSHTM Data Compass 1601': 'Y', 'QOF v45 (2020-2021)': 'Y'}",1,6364,Chronic obstructive pulmonary disease (COPD) Primary care -  3,"{'id': 9, 'name': 'SNOMED  CT codes', 'description': 'SNOMED CT codes'}",PH797,2221,Chronic obstructive pulmonary disease (COPD) Primary care,1
2482,6364,2022-01-17T14:00:14.475561Z,2804,3838,1,2804,3784,169235,301460019,Chronic bullous emphysema,"{'SNOMED CT Concept ID': '195957006', 'SNOMED CT Description ID': '301460019', 'Read V2 Code': 'H320.00', 'BREATHE Chronic bronchitis': '', 'BREATHE Emphysema': 'Y', 'BREATHE incident COPD': 'Y', 'BREATHE prevalent COPD': 'Y', 'BREATHE COPD exacerbations': '', 'BREATHE recommended': 'Y', 'Cambridge COPD_COD (QOF v44)': 'Y', 'LSHTM Data Compass 1601': 'Y', 'QOF v45 (2020-2021)': 'Y'}",1,6364,Chronic obstructive pulmonary disease (COPD) Primary care -  3,"{'id': 9, 'name': 'SNOMED  CT codes', 'description': 'SNOMED CT codes'}",PH797,2221,Chronic obstructive pulmonary disease (COPD) Primary care,1
2482,6364,2022-01-17T14:00:14.475561Z,2804,3838,1,2804,3784,169236,301463017,Segmental bullous emphysema,"{'SNOMED CT Concept ID': '195958001', 'SNOMED CT Description ID': '301463017', 'Read V2 Code': 'H320000', 'BREATHE Chronic bronchitis': '', 'BREATHE Emphysema': 'Y', 'BREATHE incident COPD': 'Y', 'BREATHE prevalent COPD': 'Y', 'BREATHE COPD exacerbations': '', 'BREATHE recommended': 'Y', 'Cambridge COPD_COD (QOF v44)': 'Y', 'LSHTM Data Compass 1601': 'Y', 'QOF v45 (2020-2021)': 'Y'}",1,6364,Chronic obstructive pulmonary disease (COPD) Primary care -  3,"{'id': 9, 'name': 'SNOMED  CT codes', 'description': 'SNOMED CT codes'}",PH797,2221,Chronic obstructive pulmonary disease (COPD) Primary care,1
2482,6364,2022-01-17T14:00:14.475561Z,2804,3838,1,2804,3784,169237,301464011,Zonal bullous emphysema,"{'SNOMED CT Concept ID': '195959009', 'SNOMED CT Description ID': '301464011', 'Read V2 Code': 'H320100', 'BREATHE Chronic bronchitis': '', 'BREATHE Emphysema': 'Y', 'BREATHE incident COPD': 'Y', 'BREATHE prevalent COPD': 'Y', 'BREATHE COPD exacerbations': '', 'BREATHE recommended': 'Y', 'Cambridge COPD_COD (QOF v44)': 'Y', 'LSHTM Data Compass 1601': '', 'QOF v45 (2020-2021)': 'Y'}",1,6364,Chronic obstructive pulmonary disease (COPD) Primary care -  3,"{'id': 9, 'name': 'SNOMED  CT codes', 'description': 'SNOMED CT codes'}",PH797,2221,Chronic obstructive pulmonary disease (COPD) Primary care,1
2482,6364,2022-01-17T14:00:14.475561Z,2804,3838,1,2804,3784,169238,301468014,Chronic bullous emphysema NOS,"{'SNOMED CT Concept ID': '195957006', 'SNOMED CT Description ID': '301460019', 'Read V2 Code': 'H320z00', 'BREATHE Chronic bronchitis': '', 'BREATHE Emphysema': 'Y', 'BREATHE incident COPD': 'Y', 'BREATHE prevalent COPD': 'Y', 'BREATHE COPD exacerbations': '', 'BREATHE recommended': 'Y', 'Cambridge COPD_COD (QOF v44)': 'Y', 'LSHTM Data Compass 1601': 'Y', 'QOF v45 (2020-2021)': 'Y'}",1,6364,Chronic obstructive pulmonary disease (COPD) Primary care -  3,"{'id': 9, 'name': 'SNOMED  CT codes', 'description': 'SNOMED CT codes'}",PH797,2221,Chronic obstructive pulmonary disease (COPD) Primary care,1
2482,6364,2022-01-17T14:00:14.475561Z,2804,3838,1,2804,3784,169239,301469018,Other emphysema,"{'SNOMED CT Concept ID': '87433001', 'SNOMED CT Description ID': '144964015', 'Read V2 Code': 'H32y.00', 'BREATHE Chronic bronchitis': '', 'BREATHE Emphysema': 'Y', 'BREATHE incident COPD': 'Y', 'BREATHE prevalent COPD': 'Y', 'BREATHE COPD exacerbations': '', 'BREATHE recommended': 'Y', 'Cambridge COPD_COD (QOF v44)': 'Y', 'LSHTM Data Compass 1601': '', 'QOF v45 (2020-2021)': 'Y'}",1,6364,Chronic obstructive pulmonary disease (COPD) Primary care -  3,"{'id': 9, 'name': 'SNOMED  CT codes', 'description': 'SNOMED CT codes'}",PH797,2221,Chronic obstructive pulmonary disease (COPD) Primary care,1
2482,6364,2022-01-17T14:00:14.475561Z,2804,3838,1,2804,3784,169240,301470017,Acute vesicular emphysema,"{'SNOMED CT Concept ID': '195963002', 'SNOMED CT Description ID': '301470017', 'Read V2 Code': 'H32y000', 'BREATHE Chronic bronchitis': '', 'BREATHE Emphysema': '', 'BREATHE incident COPD': '', 'BREATHE prevalent COPD': '', 'BREATHE COPD exacerbations': '', 'BREATHE recommended': '', 'Cambridge COPD_COD (QOF v44)': 'Y', 'LSHTM Data Compass 1601': '', 'QOF v45 (2020-2021)': 'Y'}",1,6364,Chronic obstructive pulmonary disease (COPD) Primary care -  3,"{'id': 9, 'name': 'SNOMED  CT codes', 'description': 'SNOMED CT codes'}",PH797,2221,Chronic obstructive pulmonary disease (COPD) Primary care,1
2482,6364,2022-01-17T14:00:14.475561Z,2804,3838,1,2804,3784,169241,301477019,Emphysema NOS,"{'SNOMED CT Concept ID': '87433001', 'SNOMED CT Description ID': '144964015', 'Read V2 Code': 'H32z.00', 'BREATHE Chronic bronchitis': '', 'BREATHE Emphysema': 'Y', 'BREATHE incident COPD': 'Y', 'BREATHE prevalent COPD': 'Y', 'BREATHE COPD exacerbations': '', 'BREATHE recommended': '', 'Cambridge COPD_COD (QOF v44)': 'Y', 'LSHTM Data Compass 1601': 'Y', 'QOF v45 (2020-2021)': 'Y'}",1,6364,Chronic obstructive pulmonary disease (COPD) Primary care -  3,"{'id': 9, 'name': 'SNOMED  CT codes', 'description': 'SNOMED CT codes'}",PH797,2221,Chronic obstructive pulmonary disease (COPD) Primary care,1
2482,6364,2022-01-17T14:00:14.475561Z,2804,3838,1,2804,3784,169242,301539010,Other specified chronic obstructive airways disease,"{'SNOMED CT Concept ID': '13645005', 'SNOMED CT Description ID': '475428012', 'Read V2 Code': 'H3y..00', 'BREATHE Chronic bronchitis': 'Y', 'BREATHE Emphysema': 'Y', 'BREATHE incident COPD': 'Y', 'BREATHE prevalent COPD': 'Y', 'BREATHE COPD exacerbations': '', 'BREATHE recommended': 'Y', 'Cambridge COPD_COD (QOF v44)': 'Y', 'LSHTM Data Compass 1601': 'Y', 'QOF v45 (2020-2021)': 'Y'}",1,6364,Chronic obstructive pulmonary disease (COPD) Primary care -  3,"{'id': 9, 'name': 'SNOMED  CT codes', 'description': 'SNOMED CT codes'}",PH797,2221,Chronic obstructive pulmonary disease (COPD) Primary care,1
2482,6364,2022-01-17T14:00:14.475561Z,2804,3838,1,2804,3784,169243,301545019,Chronic obstructive airways disease NOS,"{'SNOMED CT Concept ID': '13645005', 'SNOMED CT Description ID': '475428012', 'Read V2 Code': 'H3z..00', 'BREATHE Chronic bronchitis': 'Y', 'BREATHE Emphysema': 'Y', 'BREATHE incident COPD': 'Y', 'BREATHE prevalent COPD': 'Y', 'BREATHE COPD exacerbations': '', 'BREATHE recommended': 'Y', 'Cambridge COPD_COD (QOF v44)': 'Y', 'LSHTM Data Compass 1601': 'Y', 'QOF v45 (2020-2021)': 'Y'}",1,6364,Chronic obstructive pulmonary disease (COPD) Primary care -  3,"{'id': 9, 'name': 'SNOMED  CT codes', 'description': 'SNOMED CT codes'}",PH797,2221,Chronic obstructive pulmonary disease (COPD) Primary care,1
2482,6364,2022-01-17T14:00:14.475561Z,2804,3838,1,2804,3784,169244,301572010,Chronic emphysema due to chemical fumes,"{'SNOMED CT Concept ID': '196026004', 'SNOMED CT Description ID': '301572010', 'Read V2 Code': 'H464000', 'BREATHE Chronic bronchitis': '', 'BREATHE Emphysema': '', 'BREATHE incident COPD': '', 'BREATHE prevalent COPD': '', 'BREATHE COPD exacerbations': '', 'BREATHE recommended': '', 'Cambridge COPD_COD (QOF v44)': 'Y', 'LSHTM Data Compass 1601': 'Y', 'QOF v45 (2020-2021)': 'Y'}",1,6364,Chronic obstructive pulmonary disease (COPD) Primary care -  3,"{'id': 9, 'name': 'SNOMED  CT codes', 'description': 'SNOMED CT codes'}",PH797,2221,Chronic obstructive pulmonary disease (COPD) Primary care,1
2482,6364,2022-01-17T14:00:14.475561Z,2804,3838,1,2804,3784,169245,301835010,[X]Other emphysema,"{'SNOMED CT Concept ID': '87433001', 'SNOMED CT Description ID': '144964015', 'Read V2 Code': 'Hyu3000', 'BREATHE Chronic bronchitis': '', 'BREATHE Emphysema': 'Y', 'BREATHE incident COPD': 'Y', 'BREATHE prevalent COPD': 'Y', 'BREATHE COPD exacerbations': '', 'BREATHE recommended': 'Y', 'Cambridge COPD_COD (QOF v44)': 'Y', 'LSHTM Data Compass 1601': '', 'QOF v45 (2020-2021)': 'Y'}",1,6364,Chronic obstructive pulmonary disease (COPD) Primary care -  3,"{'id': 9, 'name': 'SNOMED  CT codes', 'description': 'SNOMED CT codes'}",PH797,2221,Chronic obstructive pulmonary disease (COPD) Primary care,1
2482,6364,2022-01-17T14:00:14.475561Z,2804,3838,1,2804,3784,169246,301836011,[X]Other specified chronic obstructive pulmonary disease,"{'SNOMED CT Concept ID': '13645005', 'SNOMED CT Description ID': '475431013', 'Read V2 Code': 'Hyu3100', 'BREATHE Chronic bronchitis': 'Y', 'BREATHE Emphysema': 'Y', 'BREATHE incident COPD': 'Y', 'BREATHE prevalent COPD': 'Y', 'BREATHE COPD exacerbations': '', 'BREATHE recommended': 'Y', 'Cambridge COPD_COD (QOF v44)': 'Y', 'LSHTM Data Compass 1601': 'Y', 'QOF v45 (2020-2021)': 'Y'}",1,6364,Chronic obstructive pulmonary disease (COPD) Primary care -  3,"{'id': 9, 'name': 'SNOMED  CT codes', 'description': 'SNOMED CT codes'}",PH797,2221,Chronic obstructive pulmonary disease (COPD) Primary care,1
2482,6364,2022-01-17T14:00:14.475561Z,2804,3838,1,2804,3784,169247,305175014,"[X]Obstructive and reflux uropathy, unspecified","{'SNOMED CT Concept ID': '7163005', 'SNOMED CT Description ID': '12812019', 'Read V2 Code': 'Kyu1300', 'BREATHE Chronic bronchitis': '', 'BREATHE Emphysema': '', 'BREATHE incident COPD': '', 'BREATHE prevalent COPD': '', 'BREATHE COPD exacerbations': '', 'BREATHE recommended': '', 'Cambridge COPD_COD (QOF v44)': '', 'LSHTM Data Compass 1601': 'Y', 'QOF v45 (2020-2021)': ''}",1,6364,Chronic obstructive pulmonary disease (COPD) Primary care -  3,"{'id': 9, 'name': 'SNOMED  CT codes', 'description': 'SNOMED CT codes'}",PH797,2221,Chronic obstructive pulmonary disease (COPD) Primary care,1
2482,6364,2022-01-17T14:00:14.475561Z,2804,3838,1,2804,3784,169248,3145221000006111,Obliterative bronchiolitis,"{'SNOMED CT Concept ID': '40100001', 'SNOMED CT Description ID': '66804014', 'Read V2 Code': '', 'BREATHE Chronic bronchitis': '', 'BREATHE Emphysema': '', 'BREATHE incident COPD': '', 'BREATHE prevalent COPD': '', 'BREATHE COPD exacerbations': '', 'BREATHE recommended': '', 'Cambridge COPD_COD (QOF v44)': 'Y', 'LSHTM Data Compass 1601': '', 'QOF v45 (2020-2021)': ''}",1,6364,Chronic obstructive pulmonary disease (COPD) Primary care -  3,"{'id': 9, 'name': 'SNOMED  CT codes', 'description': 'SNOMED CT codes'}",PH797,2221,Chronic obstructive pulmonary disease (COPD) Primary care,1
2482,6364,2022-01-17T14:00:14.475561Z,2804,3838,1,2804,3784,169249,3145231000006114,OB - Obliterative bronchiolitis,"{'SNOMED CT Concept ID': '40100001', 'SNOMED CT Description ID': '492442017', 'Read V2 Code': '', 'BREATHE Chronic bronchitis': '', 'BREATHE Emphysema': '', 'BREATHE incident COPD': '', 'BREATHE prevalent COPD': '', 'BREATHE COPD exacerbations': '', 'BREATHE recommended': '', 'Cambridge COPD_COD (QOF v44)': 'Y', 'LSHTM Data Compass 1601': '', 'QOF v45 (2020-2021)': ''}",1,6364,Chronic obstructive pulmonary disease (COPD) Primary care -  3,"{'id': 9, 'name': 'SNOMED  CT codes', 'description': 'SNOMED CT codes'}",PH797,2221,Chronic obstructive pulmonary disease (COPD) Primary care,1
2482,6364,2022-01-17T14:00:14.475561Z,2804,3838,1,2804,3784,169250,3228301000006115,Unilateral emphysema,"{'SNOMED CT Concept ID': '45145000', 'SNOMED CT Description ID': '75281018', 'Read V2 Code': '', 'BREATHE Chronic bronchitis': '', 'BREATHE Emphysema': '', 'BREATHE incident COPD': '', 'BREATHE prevalent COPD': '', 'BREATHE COPD exacerbations': '', 'BREATHE recommended': '', 'Cambridge COPD_COD (QOF v44)': 'Y', 'LSHTM Data Compass 1601': '', 'QOF v45 (2020-2021)': 'Y'}",1,6364,Chronic obstructive pulmonary disease (COPD) Primary care -  3,"{'id': 9, 'name': 'SNOMED  CT codes', 'description': 'SNOMED CT codes'}",PH797,2221,Chronic obstructive pulmonary disease (COPD) Primary care,1
2482,6364,2022-01-17T14:00:14.475561Z,2804,3838,1,2804,3784,169251,3228311000006117,MacLeod's syndrome,"{'SNOMED CT Concept ID': '45145000', 'SNOMED CT Description ID': '75282013', 'Read V2 Code': '', 'BREATHE Chronic bronchitis': '', 'BREATHE Emphysema': '', 'BREATHE incident COPD': '', 'BREATHE prevalent COPD': '', 'BREATHE COPD exacerbations': '', 'BREATHE recommended': '', 'Cambridge COPD_COD (QOF v44)': 'Y', 'LSHTM Data Compass 1601': '', 'QOF v45 (2020-2021)': 'Y'}",1,6364,Chronic obstructive pulmonary disease (COPD) Primary care -  3,"{'id': 9, 'name': 'SNOMED  CT codes', 'description': 'SNOMED CT codes'}",PH797,2221,Chronic obstructive pulmonary disease (COPD) Primary care,1
2482,6364,2022-01-17T14:00:14.475561Z,2804,3838,1,2804,3784,169252,3228321000006113,Unilateral hyperlucent lung,"{'SNOMED CT Concept ID': '45145000', 'SNOMED CT Description ID': '75283015', 'Read V2 Code': '', 'BREATHE Chronic bronchitis': '', 'BREATHE Emphysema': '', 'BREATHE incident COPD': '', 'BREATHE prevalent COPD': '', 'BREATHE COPD exacerbations': '', 'BREATHE recommended': '', 'Cambridge COPD_COD (QOF v44)': 'Y', 'LSHTM Data Compass 1601': '', 'QOF v45 (2020-2021)': 'Y'}",1,6364,Chronic obstructive pulmonary disease (COPD) Primary care -  3,"{'id': 9, 'name': 'SNOMED  CT codes', 'description': 'SNOMED CT codes'}",PH797,2221,Chronic obstructive pulmonary disease (COPD) Primary care,1
2482,6364,2022-01-17T14:00:14.475561Z,2804,3838,1,2804,3784,169253,3228331000006111,Swyer-James syndrome,"{'SNOMED CT Concept ID': '45145000', 'SNOMED CT Description ID': '75284014', 'Read V2 Code': '', 'BREATHE Chronic bronchitis': '', 'BREATHE Emphysema': '', 'BREATHE incident COPD': '', 'BREATHE prevalent COPD': '', 'BREATHE COPD exacerbations': '', 'BREATHE recommended': '', 'Cambridge COPD_COD (QOF v44)': 'Y', 'LSHTM Data Compass 1601': '', 'QOF v45 (2020-2021)': 'Y'}",1,6364,Chronic obstructive pulmonary disease (COPD) Primary care -  3,"{'id': 9, 'name': 'SNOMED  CT codes', 'description': 'SNOMED CT codes'}",PH797,2221,Chronic obstructive pulmonary disease (COPD) Primary care,1
2482,6364,2022-01-17T14:00:14.475561Z,2804,3838,1,2804,3784,169254,3611791000006110,Centriacinar emphysema,"{'SNOMED CT Concept ID': '68328006', 'SNOMED CT Description ID': '113496019', 'Read V2 Code': '', 'BREATHE Chronic bronchitis': '', 'BREATHE Emphysema': '', 'BREATHE incident COPD': '', 'BREATHE prevalent COPD': '', 'BREATHE COPD exacerbations': '', 'BREATHE recommended': '', 'Cambridge COPD_COD (QOF v44)': 'Y', 'LSHTM Data Compass 1601': '', 'QOF v45 (2020-2021)': 'Y'}",1,6364,Chronic obstructive pulmonary disease (COPD) Primary care -  3,"{'id': 9, 'name': 'SNOMED  CT codes', 'description': 'SNOMED CT codes'}",PH797,2221,Chronic obstructive pulmonary disease (COPD) Primary care,1
2482,6364,2022-01-17T14:00:14.475561Z,2804,3838,1,2804,3784,169255,3764021000006117,Interstitial emphysema of lung,"{'SNOMED CT Concept ID': '77690003', 'SNOMED CT Description ID': '128944012', 'Read V2 Code': '', 'BREATHE Chronic bronchitis': '', 'BREATHE Emphysema': '', 'BREATHE incident COPD': '', 'BREATHE prevalent COPD': '', 'BREATHE COPD exacerbations': '', 'BREATHE recommended': '', 'Cambridge COPD_COD (QOF v44)': 'Y', 'LSHTM Data Compass 1601': '', 'QOF v45 (2020-2021)': ''}",1,6364,Chronic obstructive pulmonary disease (COPD) Primary care -  3,"{'id': 9, 'name': 'SNOMED  CT codes', 'description': 'SNOMED CT codes'}",PH797,2221,Chronic obstructive pulmonary disease (COPD) Primary care,1
2482,6364,2022-01-17T14:00:14.475561Z,2804,3838,1,2804,3784,169256,3764031000006119,Interstitial pulmonary emphysema,"{'SNOMED CT Concept ID': '77690003', 'SNOMED CT Description ID': '3764031000006119', 'Read V2 Code': '', 'BREATHE Chronic bronchitis': '', 'BREATHE Emphysema': '', 'BREATHE incident COPD': '', 'BREATHE prevalent COPD': '', 'BREATHE COPD exacerbations': '', 'BREATHE recommended': '', 'Cambridge COPD_COD (QOF v44)': 'Y', 'LSHTM Data Compass 1601': '', 'QOF v45 (2020-2021)': ''}",1,6364,Chronic obstructive pulmonary disease (COPD) Primary care -  3,"{'id': 9, 'name': 'SNOMED  CT codes', 'description': 'SNOMED CT codes'}",PH797,2221,Chronic obstructive pulmonary disease (COPD) Primary care,1
2482,6364,2022-01-17T14:00:14.475561Z,2804,3838,1,2804,3784,169304,966841000006111,Chronic obstructive pulmonary disease clini management plan,"{'SNOMED CT Concept ID': '736283006', 'SNOMED CT Description ID': '3517019016', 'Read V2 Code': '8CR1.00', 'BREATHE Chronic bronchitis': '', 'BREATHE Emphysema': '', 'BREATHE incident COPD': '', 'BREATHE prevalent COPD': '', 'BREATHE COPD exacerbations': '', 'BREATHE recommended': '', 'Cambridge COPD_COD (QOF v44)': '', 'LSHTM Data Compass 1601': 'Y', 'QOF v45 (2020-2021)': ''}",1,6364,Chronic obstructive pulmonary disease (COPD) Primary care -  3,"{'id': 9, 'name': 'SNOMED  CT codes', 'description': 'SNOMED CT codes'}",PH797,2221,Chronic obstructive pulmonary disease (COPD) Primary care,1
2482,6364,2022-01-17T14:00:14.475561Z,2804,3838,1,2804,3784,169305,967531000006119,Chronic obstructive pulmonary disease monitoring admin,"{'SNOMED CT Concept ID': '713731000000102', 'SNOMED CT Description ID': '1564971000000118', 'Read V2 Code': '9Oi..00', 'BREATHE Chronic bronchitis': 'Y', 'BREATHE Emphysema': 'Y', 'BREATHE incident COPD': 'Y', 'BREATHE prevalent COPD': 'Y', 'BREATHE COPD exacerbations': '', 'BREATHE recommended': 'Y', 'Cambridge COPD_COD (QOF v44)': '', 'LSHTM Data Compass 1601': 'Y', 'QOF v45 (2020-2021)': ''}",1,6364,Chronic obstructive pulmonary disease (COPD) Primary care -  3,"{'id': 9, 'name': 'SNOMED  CT codes', 'description': 'SNOMED CT codes'}",PH797,2221,Chronic obstructive pulmonary disease (COPD) Primary care,1
2482,6364,2022-01-17T14:00:14.475561Z,2804,3838,1,2804,3784,169306,967571000006116,Chronic obstructive pulmonary disease monitoring verb invite,"{'SNOMED CT Concept ID': '716281000000103', 'SNOMED CT Description ID': '1568831000000118', 'Read V2 Code': '9Oi3.00', 'BREATHE Chronic bronchitis': 'Y', 'BREATHE Emphysema': 'Y', 'BREATHE incident COPD': 'Y', 'BREATHE prevalent COPD': 'Y', 'BREATHE COPD exacerbations': '', 'BREATHE recommended': 'Y', 'Cambridge COPD_COD (QOF v44)': '', 'LSHTM Data Compass 1601': 'Y', 'QOF v45 (2020-2021)': ''}",1,6364,Chronic obstructive pulmonary disease (COPD) Primary care -  3,"{'id': 9, 'name': 'SNOMED  CT codes', 'description': 'SNOMED CT codes'}",PH797,2221,Chronic obstructive pulmonary disease (COPD) Primary care,1
2482,6364,2022-01-17T14:00:14.475561Z,2804,3838,1,2804,3784,169307,967581000006118,Chronic obstructive pulmonary disease monitor phone invite,"{'SNOMED CT Concept ID': '716901000000101', 'SNOMED CT Description ID': '1569451000000115', 'Read V2 Code': '9Oi4.00', 'BREATHE Chronic bronchitis': 'Y', 'BREATHE Emphysema': 'Y', 'BREATHE incident COPD': 'Y', 'BREATHE prevalent COPD': 'Y', 'BREATHE COPD exacerbations': '', 'BREATHE recommended': 'Y', 'Cambridge COPD_COD (QOF v44)': '', 'LSHTM Data Compass 1601': 'Y', 'QOF v45 (2020-2021)': ''}",1,6364,Chronic obstructive pulmonary disease (COPD) Primary care -  3,"{'id': 9, 'name': 'SNOMED  CT codes', 'description': 'SNOMED CT codes'}",PH797,2221,Chronic obstructive pulmonary disease (COPD) Primary care,1
2482,6364,2022-01-17T14:00:14.475561Z,2804,3838,1,2804,3784,169308,977891000006112,COPD accident and emergency attendance since last visit,"{'SNOMED CT Concept ID': '413845009', 'SNOMED CT Description ID': '2533538014', 'Read V2 Code': '66Yd.00', 'BREATHE Chronic bronchitis': 'Y', 'BREATHE Emphysema': 'Y', 'BREATHE incident COPD': 'Y', 'BREATHE prevalent COPD': 'Y', 'BREATHE COPD exacerbations': 'Y', 'BREATHE recommended': 'Y', 'Cambridge COPD_COD (QOF v44)': '', 'LSHTM Data Compass 1601': 'Y', 'QOF v45 (2020-2021)': ''}",1,6364,Chronic obstructive pulmonary disease (COPD) Primary care -  3,"{'id': 9, 'name': 'SNOMED  CT codes', 'description': 'SNOMED CT codes'}",PH797,2221,Chronic obstructive pulmonary disease (COPD) Primary care,1
2482,6364,2022-01-17T14:00:14.475561Z,2804,3838,1,2804,3784,169309,977901000006111,Emergency COPD admission since last appointment,"{'SNOMED CT Concept ID': '414087000', 'SNOMED CT Description ID': '2533539018', 'Read V2 Code': '66Ye.00', 'BREATHE Chronic bronchitis': 'Y', 'BREATHE Emphysema': 'Y', 'BREATHE incident COPD': 'Y', 'BREATHE prevalent COPD': 'Y', 'BREATHE COPD exacerbations': 'Y', 'BREATHE recommended': 'Y', 'Cambridge COPD_COD (QOF v44)': '', 'LSHTM Data Compass 1601': 'Y', 'QOF v45 (2020-2021)': ''}",1,6364,Chronic obstructive pulmonary disease (COPD) Primary care -  3,"{'id': 9, 'name': 'SNOMED  CT codes', 'description': 'SNOMED CT codes'}",PH797,2221,Chronic obstructive pulmonary disease (COPD) Primary care,1
2482,6364,2022-01-17T14:00:14.475561Z,2804,3838,1,2804,3784,169310,990641000006110,Chronic obst. pulm. dis. NOS,"{'SNOMED CT Concept ID': '13645005', 'SNOMED CT Description ID': '990641000006110', 'Read V2 Code': 'H3...99', 'BREATHE Chronic bronchitis': 'Y', 'BREATHE Emphysema': 'Y', 'BREATHE incident COPD': 'Y', 'BREATHE prevalent COPD': 'Y', 'BREATHE COPD exacerbations': '', 'BREATHE recommended': 'Y', 'Cambridge COPD_COD (QOF v44)': 'Y', 'LSHTM Data Compass 1601': '', 'QOF v45 (2020-2021)': 'Y'}",1,6364,Chronic obstructive pulmonary disease (COPD) Primary care -  3,"{'id': 9, 'name': 'SNOMED  CT codes', 'description': 'SNOMED CT codes'}",PH797,2221,Chronic obstructive pulmonary disease (COPD) Primary care,1
2482,6364,2022-01-17T14:00:14.475561Z,2804,3838,1,2804,3784,169311,990651000006112,Chr. airway obstruction NOS,"{'SNOMED CT Concept ID': '13645005', 'SNOMED CT Description ID': '990651000006112', 'Read V2 Code': 'H3...98', 'BREATHE Chronic bronchitis': 'Y', 'BREATHE Emphysema': 'Y', 'BREATHE incident COPD': 'Y', 'BREATHE prevalent COPD': 'Y', 'BREATHE COPD exacerbations': '', 'BREATHE recommended': 'Y', 'Cambridge COPD_COD (QOF v44)': 'Y', 'LSHTM Data Compass 1601': '', 'QOF v45 (2020-2021)': 'Y'}",1,6364,Chronic obstructive pulmonary disease (COPD) Primary care -  3,"{'id': 9, 'name': 'SNOMED  CT codes', 'description': 'SNOMED CT codes'}",PH797,2221,Chronic obstructive pulmonary disease (COPD) Primary care,1
2482,6364,2022-01-17T14:00:14.475561Z,2804,3838,1,2804,3784,169312,998281000006115,Multiple COPD emergency hospital admissions,"{'SNOMED CT Concept ID': '198901000000105', 'SNOMED CT Description ID': '300201000000114', 'Read V2 Code': '66Yi.00', 'BREATHE Chronic bronchitis': 'Y', 'BREATHE Emphysema': 'Y', 'BREATHE incident COPD': 'Y', 'BREATHE prevalent COPD': 'Y', 'BREATHE COPD exacerbations': 'Y', 'BREATHE recommended': 'Y', 'Cambridge COPD_COD (QOF v44)': '', 'LSHTM Data Compass 1601': 'Y', 'QOF v45 (2020-2021)': ''}",1,6364,Chronic obstructive pulmonary disease (COPD) Primary care -  3,"{'id': 9, 'name': 'SNOMED  CT codes', 'description': 'SNOMED CT codes'}",PH797,2221,Chronic obstructive pulmonary disease (COPD) Primary care,1
2482,6364,2022-01-17T14:00:14.475561Z,2804,3838,1,2804,3784,169313,No found code,Occupational bronchitis (disorder),"{'SNOMED CT Concept ID': '49691004', 'SNOMED CT Description ID': '', 'Read V2 Code': '', 'BREATHE Chronic bronchitis': '', 'BREATHE Emphysema': '', 'BREATHE incident COPD': '', 'BREATHE prevalent COPD': '', 'BREATHE COPD exacerbations': '', 'BREATHE recommended': '', 'Cambridge COPD_COD (QOF v44)': 'Y', 'LSHTM Data Compass 1601': '', 'QOF v45 (2020-2021)': 'Y'}",1,6364,Chronic obstructive pulmonary disease (COPD) Primary care -  3,"{'id': 9, 'name': 'SNOMED  CT codes', 'description': 'SNOMED CT codes'}",PH797,2221,Chronic obstructive pulmonary disease (COPD) Primary care,1
2484,6368,2022-01-17T14:00:17.881910Z,2806,3840,1,2806,3786,169315,J41.0,Simple chronic bronchitis,{},1,6368,Chronic obstructive pulmonary disease (COPD) Secondary care - BREATHE recommended - 2,"{'id': 4, 'name': 'ICD10 codes', 'description': 'ICD10 Codes'}",PH798,2222,Chronic obstructive pulmonary disease (COPD) Secondary care,0
2484,6368,2022-01-17T14:00:17.881910Z,2806,3840,1,2806,3786,169316,J42,Unspecified chronic bronchitis,{},1,6368,Chronic obstructive pulmonary disease (COPD) Secondary care - BREATHE recommended - 2,"{'id': 4, 'name': 'ICD10 codes', 'description': 'ICD10 Codes'}",PH798,2222,Chronic obstructive pulmonary disease (COPD) Secondary care,0
2484,6368,2022-01-17T14:00:17.881910Z,2806,3840,1,2806,3786,169317,J43,Emphysema,{},1,6368,Chronic obstructive pulmonary disease (COPD) Secondary care - BREATHE recommended - 2,"{'id': 4, 'name': 'ICD10 codes', 'description': 'ICD10 Codes'}",PH798,2222,Chronic obstructive pulmonary disease (COPD) Secondary care,0
2484,6368,2022-01-17T14:00:17.881910Z,2806,3840,1,2806,3786,169318,J43.1,Panlobular emphysema,{},1,6368,Chronic obstructive pulmonary disease (COPD) Secondary care - BREATHE recommended - 2,"{'id': 4, 'name': 'ICD10 codes', 'description': 'ICD10 Codes'}",PH798,2222,Chronic obstructive pulmonary disease (COPD) Secondary care,0
2484,6368,2022-01-17T14:00:17.881910Z,2806,3840,1,2806,3786,169319,J43.2,Centrilobular emphysema,{},1,6368,Chronic obstructive pulmonary disease (COPD) Secondary care - BREATHE recommended - 2,"{'id': 4, 'name': 'ICD10 codes', 'description': 'ICD10 Codes'}",PH798,2222,Chronic obstructive pulmonary disease (COPD) Secondary care,0
2484,6368,2022-01-17T14:00:17.881910Z,2806,3840,1,2806,3786,169320,J43.8,Other emphysema,{},1,6368,Chronic obstructive pulmonary disease (COPD) Secondary care - BREATHE recommended - 2,"{'id': 4, 'name': 'ICD10 codes', 'description': 'ICD10 Codes'}",PH798,2222,Chronic obstructive pulmonary disease (COPD) Secondary care,0
2484,6368,2022-01-17T14:00:17.881910Z,2806,3840,1,2806,3786,169321,J43.9,"Emphysema, unspecified",{},1,6368,Chronic obstructive pulmonary disease (COPD) Secondary care - BREATHE recommended - 2,"{'id': 4, 'name': 'ICD10 codes', 'description': 'ICD10 Codes'}",PH798,2222,Chronic obstructive pulmonary disease (COPD) Secondary care,0
2484,6368,2022-01-17T14:00:17.881910Z,2806,3840,1,2806,3786,169322,J44,Other chronic obstructive pulmonary disease,{},1,6368,Chronic obstructive pulmonary disease (COPD) Secondary care - BREATHE recommended - 2,"{'id': 4, 'name': 'ICD10 codes', 'description': 'ICD10 Codes'}",PH798,2222,Chronic obstructive pulmonary disease (COPD) Secondary care,0
2484,6368,2022-01-17T14:00:17.881910Z,2806,3840,1,2806,3786,169323,J44.0,Chronic obstructive pulmonary disease with acute lower respiratory infection,{},1,6368,Chronic obstructive pulmonary disease (COPD) Secondary care - BREATHE recommended - 2,"{'id': 4, 'name': 'ICD10 codes', 'description': 'ICD10 Codes'}",PH798,2222,Chronic obstructive pulmonary disease (COPD) Secondary care,0
2484,6368,2022-01-17T14:00:17.881910Z,2806,3840,1,2806,3786,169324,J44.1,"Chronic obstructive pulmonary disease with acute exacerbation, unspecified",{},1,6368,Chronic obstructive pulmonary disease (COPD) Secondary care - BREATHE recommended - 2,"{'id': 4, 'name': 'ICD10 codes', 'description': 'ICD10 Codes'}",PH798,2222,Chronic obstructive pulmonary disease (COPD) Secondary care,0
2482,6364,2022-01-17T14:00:14.475561Z,2804,3838,1,2804,3784,169261,396109014,Atrophic (senile) emphysema,"{'SNOMED CT Concept ID': '266356006', 'SNOMED CT Description ID': '396109014', 'Read V2 Code': 'H32y100', 'BREATHE Chronic bronchitis': '', 'BREATHE Emphysema': '', 'BREATHE incident COPD': '', 'BREATHE prevalent COPD': '', 'BREATHE COPD exacerbations': '', 'BREATHE recommended': '', 'Cambridge COPD_COD (QOF v44)': 'Y', 'LSHTM Data Compass 1601': '', 'QOF v45 (2020-2021)': 'Y'}",1,6364,Chronic obstructive pulmonary disease (COPD) Primary care -  3,"{'id': 9, 'name': 'SNOMED  CT codes', 'description': 'SNOMED CT codes'}",PH797,2221,Chronic obstructive pulmonary disease (COPD) Primary care,1
2482,6364,2022-01-17T14:00:14.475561Z,2804,3838,1,2804,3784,169262,396110016,Other emphysema NOS,"{'SNOMED CT Concept ID': '87433001', 'SNOMED CT Description ID': '144964015', 'Read V2 Code': 'H32yz00', 'BREATHE Chronic bronchitis': '', 'BREATHE Emphysema': 'Y', 'BREATHE incident COPD': 'Y', 'BREATHE prevalent COPD': 'Y', 'BREATHE COPD exacerbations': '', 'BREATHE recommended': 'Y', 'Cambridge COPD_COD (QOF v44)': 'Y', 'LSHTM Data Compass 1601': '', 'QOF v45 (2020-2021)': 'Y'}",1,6364,Chronic obstructive pulmonary disease (COPD) Primary care -  3,"{'id': 9, 'name': 'SNOMED  CT codes', 'description': 'SNOMED CT codes'}",PH797,2221,Chronic obstructive pulmonary disease (COPD) Primary care,1
2482,6364,2022-01-17T14:00:14.475561Z,2804,3838,1,2804,3784,169263,424365019,Acute infective exacerbation of chronic obstructive airways disease,"{'SNOMED CT Concept ID': '285381006', 'SNOMED CT Description ID': '424365019', 'Read V2 Code': '', 'BREATHE Chronic bronchitis': 'Y', 'BREATHE Emphysema': 'Y', 'BREATHE incident COPD': 'Y', 'BREATHE prevalent COPD': 'Y', 'BREATHE COPD exacerbations': 'Y', 'BREATHE recommended': 'Y', 'Cambridge COPD_COD (QOF v44)': '', 'LSHTM Data Compass 1601': 'Y', 'QOF v45 (2020-2021)': ''}",1,6364,Chronic obstructive pulmonary disease (COPD) Primary care -  3,"{'id': 9, 'name': 'SNOMED  CT codes', 'description': 'SNOMED CT codes'}",PH797,2221,Chronic obstructive pulmonary disease (COPD) Primary care,1
2482,6364,2022-01-17T14:00:14.475561Z,2804,3838,1,2804,3784,169264,4510801000006114,End stage chronic obstructive pulmonary disease,"{'SNOMED CT Concept ID': '135836000', 'SNOMED CT Description ID': '3034045017', 'Read V2 Code': '', 'BREATHE Chronic bronchitis': 'Y', 'BREATHE Emphysema': 'Y', 'BREATHE incident COPD': 'Y', 'BREATHE prevalent COPD': 'Y', 'BREATHE COPD exacerbations': '', 'BREATHE recommended': 'Y', 'Cambridge COPD_COD (QOF v44)': 'Y', 'LSHTM Data Compass 1601': '', 'QOF v45 (2020-2021)': 'Y'}",1,6364,Chronic obstructive pulmonary disease (COPD) Primary care -  3,"{'id': 9, 'name': 'SNOMED  CT codes', 'description': 'SNOMED CT codes'}",PH797,2221,Chronic obstructive pulmonary disease (COPD) Primary care,1
2482,6364,2022-01-17T14:00:14.475561Z,2804,3838,1,2804,3784,169265,457168017,Mild chronic obstructive pulmonary disease,"{'SNOMED CT Concept ID': '313296004', 'SNOMED CT Description ID': '457168017', 'Read V2 Code': 'H36..00', 'BREATHE Chronic bronchitis': 'Y', 'BREATHE Emphysema': 'Y', 'BREATHE incident COPD': 'Y', 'BREATHE prevalent COPD': 'Y', 'BREATHE COPD exacerbations': '', 'BREATHE recommended': 'Y', 'Cambridge COPD_COD (QOF v44)': 'Y', 'LSHTM Data Compass 1601': 'Y', 'QOF v45 (2020-2021)': 'Y'}",1,6364,Chronic obstructive pulmonary disease (COPD) Primary care -  3,"{'id': 9, 'name': 'SNOMED  CT codes', 'description': 'SNOMED CT codes'}",PH797,2221,Chronic obstructive pulmonary disease (COPD) Primary care,1
2482,6364,2022-01-17T14:00:14.475561Z,2804,3838,1,2804,3784,169266,457169013,Moderate chronic obstructive pulmonary disease,"{'SNOMED CT Concept ID': '313297008', 'SNOMED CT Description ID': '457169013', 'Read V2 Code': 'H37..00', 'BREATHE Chronic bronchitis': 'Y', 'BREATHE Emphysema': 'Y', 'BREATHE incident COPD': 'Y', 'BREATHE prevalent COPD': 'Y', 'BREATHE COPD exacerbations': '', 'BREATHE recommended': 'Y', 'Cambridge COPD_COD (QOF v44)': 'Y', 'LSHTM Data Compass 1601': 'Y', 'QOF v45 (2020-2021)': 'Y'}",1,6364,Chronic obstructive pulmonary disease (COPD) Primary care -  3,"{'id': 9, 'name': 'SNOMED  CT codes', 'description': 'SNOMED CT codes'}",PH797,2221,Chronic obstructive pulmonary disease (COPD) Primary care,1
2482,6364,2022-01-17T14:00:14.475561Z,2804,3838,1,2804,3784,169267,457171013,Severe chronic obstructive pulmonary disease,"{'SNOMED CT Concept ID': '313299006', 'SNOMED CT Description ID': '457171013', 'Read V2 Code': 'H38..00', 'BREATHE Chronic bronchitis': 'Y', 'BREATHE Emphysema': 'Y', 'BREATHE incident COPD': 'Y', 'BREATHE prevalent COPD': 'Y', 'BREATHE COPD exacerbations': '', 'BREATHE recommended': 'Y', 'Cambridge COPD_COD (QOF v44)': 'Y', 'LSHTM Data Compass 1601': 'Y', 'QOF v45 (2020-2021)': 'Y'}",1,6364,Chronic obstructive pulmonary disease (COPD) Primary care -  3,"{'id': 9, 'name': 'SNOMED  CT codes', 'description': 'SNOMED CT codes'}",PH797,2221,Chronic obstructive pulmonary disease (COPD) Primary care,1
2482,6364,2022-01-17T14:00:14.475561Z,2804,3838,1,2804,3784,169268,457581000006111,Acute interstitial emphysema,"{'SNOMED CT Concept ID': '77690003', 'SNOMED CT Description ID': '503646013', 'Read V2 Code': 'H32y111', 'BREATHE Chronic bronchitis': '', 'BREATHE Emphysema': '', 'BREATHE incident COPD': '', 'BREATHE prevalent COPD': '', 'BREATHE COPD exacerbations': '', 'BREATHE recommended': '', 'Cambridge COPD_COD (QOF v44)': 'Y', 'LSHTM Data Compass 1601': '', 'QOF v45 (2020-2021)': ''}",1,6364,Chronic obstructive pulmonary disease (COPD) Primary care -  3,"{'id': 9, 'name': 'SNOMED  CT codes', 'description': 'SNOMED CT codes'}",PH797,2221,Chronic obstructive pulmonary disease (COPD) Primary care,1
2482,6364,2022-01-17T14:00:14.475561Z,2804,3838,1,2804,3784,169269,4732991000006119,Chronic bronchitis with emphysema,"{'SNOMED CT Concept ID': '185086009', 'SNOMED CT Description ID': '285101015', 'Read V2 Code': '', 'BREATHE Chronic bronchitis': 'Y', 'BREATHE Emphysema': 'Y', 'BREATHE incident COPD': 'Y', 'BREATHE prevalent COPD': 'Y', 'BREATHE COPD exacerbations': '', 'BREATHE recommended': 'Y', 'Cambridge COPD_COD (QOF v44)': 'Y', 'LSHTM Data Compass 1601': '', 'QOF v45 (2020-2021)': 'Y'}",1,6364,Chronic obstructive pulmonary disease (COPD) Primary care -  3,"{'id': 9, 'name': 'SNOMED  CT codes', 'description': 'SNOMED CT codes'}",PH797,2221,Chronic obstructive pulmonary disease (COPD) Primary care,1
2482,6364,2022-01-17T14:00:14.475561Z,2804,3838,1,2804,3784,169270,4733001000006118,Bronchitis with airway obstruction,"{'SNOMED CT Concept ID': '185086009', 'SNOMED CT Description ID': '285102010', 'Read V2 Code': '', 'BREATHE Chronic bronchitis': 'Y', 'BREATHE Emphysema': '', 'BREATHE incident COPD': 'Y', 'BREATHE prevalent COPD': 'Y', 'BREATHE COPD exacerbations': '', 'BREATHE recommended': 'Y', 'Cambridge COPD_COD (QOF v44)': 'Y', 'LSHTM Data Compass 1601': '', 'QOF v45 (2020-2021)': 'Y'}",1,6364,Chronic obstructive pulmonary disease (COPD) Primary care -  3,"{'id': 9, 'name': 'SNOMED  CT codes', 'description': 'SNOMED CT codes'}",PH797,2221,Chronic obstructive pulmonary disease (COPD) Primary care,1
2482,6364,2022-01-17T14:00:14.475561Z,2804,3838,1,2804,3784,169271,4733011000006115,COB - Chronic obstructive bronchitis,"{'SNOMED CT Concept ID': '185086009', 'SNOMED CT Description ID': '285103017', 'Read V2 Code': '', 'BREATHE Chronic bronchitis': 'Y', 'BREATHE Emphysema': '', 'BREATHE incident COPD': 'Y', 'BREATHE prevalent COPD': 'Y', 'BREATHE COPD exacerbations': '', 'BREATHE recommended': 'Y', 'Cambridge COPD_COD (QOF v44)': 'Y', 'LSHTM Data Compass 1601': '', 'QOF v45 (2020-2021)': 'Y'}",1,6364,Chronic obstructive pulmonary disease (COPD) Primary care -  3,"{'id': 9, 'name': 'SNOMED  CT codes', 'description': 'SNOMED CT codes'}",PH797,2221,Chronic obstructive pulmonary disease (COPD) Primary care,1
2482,6364,2022-01-17T14:00:14.475561Z,2804,3838,1,2804,3784,169272,4733021000006111,Obstructive chronic bronchitis,"{'SNOMED CT Concept ID': '185086009', 'SNOMED CT Description ID': '285104011', 'Read V2 Code': '', 'BREATHE Chronic bronchitis': 'Y', 'BREATHE Emphysema': '', 'BREATHE incident COPD': 'Y', 'BREATHE prevalent COPD': 'Y', 'BREATHE COPD exacerbations': '', 'BREATHE recommended': 'Y', 'Cambridge COPD_COD (QOF v44)': 'Y', 'LSHTM Data Compass 1601': '', 'QOF v45 (2020-2021)': 'Y'}",1,6364,Chronic obstructive pulmonary disease (COPD) Primary care -  3,"{'id': 9, 'name': 'SNOMED  CT codes', 'description': 'SNOMED CT codes'}",PH797,2221,Chronic obstructive pulmonary disease (COPD) Primary care,1
2482,6364,2022-01-17T14:00:14.475561Z,2804,3838,1,2804,3784,169273,4733031000006114,Chronic obstructive bronchitis,"{'SNOMED CT Concept ID': '185086009', 'SNOMED CT Description ID': '2668815014', 'Read V2 Code': '', 'BREATHE Chronic bronchitis': 'Y', 'BREATHE Emphysema': '', 'BREATHE incident COPD': 'Y', 'BREATHE prevalent COPD': 'Y', 'BREATHE COPD exacerbations': '', 'BREATHE recommended': 'Y', 'Cambridge COPD_COD (QOF v44)': 'Y', 'LSHTM Data Compass 1601': '', 'QOF v45 (2020-2021)': 'Y'}",1,6364,Chronic obstructive pulmonary disease (COPD) Primary care -  3,"{'id': 9, 'name': 'SNOMED  CT codes', 'description': 'SNOMED CT codes'}",PH797,2221,Chronic obstructive pulmonary disease (COPD) Primary care,1
2482,6364,2022-01-17T14:00:14.475561Z,2804,3838,1,2804,3784,169274,475431013,Chronic obstructive pulmonary disease,"{'SNOMED CT Concept ID': '13645005', 'SNOMED CT Description ID': '475431013', 'Read V2 Code': 'H3...00', 'BREATHE Chronic bronchitis': 'Y', 'BREATHE Emphysema': '', 'BREATHE incident COPD': 'Y', 'BREATHE prevalent COPD': 'Y', 'BREATHE COPD exacerbations': '', 'BREATHE recommended': 'Y', 'Cambridge COPD_COD (QOF v44)': 'Y', 'LSHTM Data Compass 1601': 'Y', 'QOF v45 (2020-2021)': 'Y'}",1,6364,Chronic obstructive pulmonary disease (COPD) Primary care -  3,"{'id': 9, 'name': 'SNOMED  CT codes', 'description': 'SNOMED CT codes'}",PH797,2221,Chronic obstructive pulmonary disease (COPD) Primary care,1
2482,6364,2022-01-17T14:00:14.475561Z,2804,3838,1,2804,3784,169275,4781461000006117,Emphysematous bulla,"{'SNOMED CT Concept ID': '195957006', 'SNOMED CT Description ID': '301461015', 'Read V2 Code': '', 'BREATHE Chronic bronchitis': '', 'BREATHE Emphysema': 'Y', 'BREATHE incident COPD': 'Y', 'BREATHE prevalent COPD': 'Y', 'BREATHE COPD exacerbations': '', 'BREATHE recommended': 'Y', 'Cambridge COPD_COD (QOF v44)': 'Y', 'LSHTM Data Compass 1601': '', 'QOF v45 (2020-2021)': 'Y'}",1,6364,Chronic obstructive pulmonary disease (COPD) Primary care -  3,"{'id': 9, 'name': 'SNOMED  CT codes', 'description': 'SNOMED CT codes'}",PH797,2221,Chronic obstructive pulmonary disease (COPD) Primary care,1
2482,6364,2022-01-17T14:00:14.475561Z,2804,3838,1,2804,3784,169276,4781471000006112,Bullous emphysema,"{'SNOMED CT Concept ID': '195957006', 'SNOMED CT Description ID': '301462010', 'Read V2 Code': '', 'BREATHE Chronic bronchitis': '', 'BREATHE Emphysema': 'Y', 'BREATHE incident COPD': 'Y', 'BREATHE prevalent COPD': 'Y', 'BREATHE COPD exacerbations': '', 'BREATHE recommended': 'Y', 'Cambridge COPD_COD (QOF v44)': 'Y', 'LSHTM Data Compass 1601': '', 'QOF v45 (2020-2021)': 'Y'}",1,6364,Chronic obstructive pulmonary disease (COPD) Primary care -  3,"{'id': 9, 'name': 'SNOMED  CT codes', 'description': 'SNOMED CT codes'}",PH797,2221,Chronic obstructive pulmonary disease (COPD) Primary care,1
2482,6364,2022-01-17T14:00:14.475561Z,2804,3838,1,2804,3784,169277,4781821000006113,Chronic emphysema caused by chemical fumes,"{'SNOMED CT Concept ID': '196026004', 'SNOMED CT Description ID': '3296151011', 'Read V2 Code': '', 'BREATHE Chronic bronchitis': '', 'BREATHE Emphysema': '', 'BREATHE incident COPD': '', 'BREATHE prevalent COPD': '', 'BREATHE COPD exacerbations': '', 'BREATHE recommended': '', 'Cambridge COPD_COD (QOF v44)': 'Y', 'LSHTM Data Compass 1601': '', 'QOF v45 (2020-2021)': 'Y'}",1,6364,Chronic obstructive pulmonary disease (COPD) Primary care -  3,"{'id': 9, 'name': 'SNOMED  CT codes', 'description': 'SNOMED CT codes'}",PH797,2221,Chronic obstructive pulmonary disease (COPD) Primary care,1
2482,6364,2022-01-17T14:00:14.475561Z,2804,3838,1,2804,3784,169278,4781831000006111,Toxic bronchiolitis obliterans,"{'SNOMED CT Concept ID': '196027008', 'SNOMED CT Description ID': '301573017', 'Read V2 Code': '', 'BREATHE Chronic bronchitis': '', 'BREATHE Emphysema': '', 'BREATHE incident COPD': '', 'BREATHE prevalent COPD': '', 'BREATHE COPD exacerbations': '', 'BREATHE recommended': '', 'Cambridge COPD_COD (QOF v44)': 'Y', 'LSHTM Data Compass 1601': '', 'QOF v45 (2020-2021)': ''}",1,6364,Chronic obstructive pulmonary disease (COPD) Primary care -  3,"{'id': 9, 'name': 'SNOMED  CT codes', 'description': 'SNOMED CT codes'}",PH797,2221,Chronic obstructive pulmonary disease (COPD) Primary care,1
2482,6364,2022-01-17T14:00:14.475561Z,2804,3838,1,2804,3784,169279,4781841000006118,Chemical bronchiolitis obliterans,"{'SNOMED CT Concept ID': '196027008', 'SNOMED CT Description ID': '301574011', 'Read V2 Code': '', 'BREATHE Chronic bronchitis': '', 'BREATHE Emphysema': '', 'BREATHE incident COPD': '', 'BREATHE prevalent COPD': '', 'BREATHE COPD exacerbations': '', 'BREATHE recommended': '', 'Cambridge COPD_COD (QOF v44)': 'Y', 'LSHTM Data Compass 1601': '', 'QOF v45 (2020-2021)': ''}",1,6364,Chronic obstructive pulmonary disease (COPD) Primary care -  3,"{'id': 9, 'name': 'SNOMED  CT codes', 'description': 'SNOMED CT codes'}",PH797,2221,Chronic obstructive pulmonary disease (COPD) Primary care,1
2482,6364,2022-01-17T14:00:14.475561Z,2804,3838,1,2804,3784,169280,492443010,Bronchiolitis obliterans,"{'SNOMED CT Concept ID': '40100001', 'SNOMED CT Description ID': '492443010', 'Read V2 Code': 'H312300', 'BREATHE Chronic bronchitis': '', 'BREATHE Emphysema': '', 'BREATHE incident COPD': '', 'BREATHE prevalent COPD': '', 'BREATHE COPD exacerbations': '', 'BREATHE recommended': '', 'Cambridge COPD_COD (QOF v44)': 'Y', 'LSHTM Data Compass 1601': '', 'QOF v45 (2020-2021)': ''}",1,6364,Chronic obstructive pulmonary disease (COPD) Primary care -  3,"{'id': 9, 'name': 'SNOMED  CT codes', 'description': 'SNOMED CT codes'}",PH797,2221,Chronic obstructive pulmonary disease (COPD) Primary care,1
2482,6364,2022-01-17T14:00:14.475561Z,2804,3838,1,2804,3784,169281,506053014,Purulent chronic bronchitis,"{'SNOMED CT Concept ID': '84409004', 'SNOMED CT Description ID': '506053014', 'Read V2 Code': 'H311000', 'BREATHE Chronic bronchitis': '', 'BREATHE Emphysema': '', 'BREATHE incident COPD': '', 'BREATHE prevalent COPD': '', 'BREATHE COPD exacerbations': '', 'BREATHE recommended': '', 'Cambridge COPD_COD (QOF v44)': 'Y', 'LSHTM Data Compass 1601': 'Y', 'QOF v45 (2020-2021)': 'Y'}",1,6364,Chronic obstructive pulmonary disease (COPD) Primary care -  3,"{'id': 9, 'name': 'SNOMED  CT codes', 'description': 'SNOMED CT codes'}",PH797,2221,Chronic obstructive pulmonary disease (COPD) Primary care,1
2482,6364,2022-01-17T14:00:14.475561Z,2804,3838,1,2804,3784,169282,508561017,Simple chronic bronchitis,"{'SNOMED CT Concept ID': '61937009', 'SNOMED CT Description ID': '102938011', 'Read V2 Code': 'H310.00', 'BREATHE Chronic bronchitis': 'Y', 'BREATHE Emphysema': '', 'BREATHE incident COPD': 'Y', 'BREATHE prevalent COPD': 'Y', 'BREATHE COPD exacerbations': '', 'BREATHE recommended': 'Y', 'Cambridge COPD_COD (QOF v44)': 'Y', 'LSHTM Data Compass 1601': 'Y', 'QOF v45 (2020-2021)': 'Y'}",1,6364,Chronic obstructive pulmonary disease (COPD) Primary care -  3,"{'id': 9, 'name': 'SNOMED  CT codes', 'description': 'SNOMED CT codes'}",PH797,2221,Chronic obstructive pulmonary disease (COPD) Primary care,1
2482,6364,2022-01-17T14:00:14.475561Z,2804,3838,1,2804,3784,169283,508562012,Chronic catarrhal bronchitis,"{'SNOMED CT Concept ID': '89549007', 'SNOMED CT Description ID': '508562012', 'Read V2 Code': 'H310000', 'BREATHE Chronic bronchitis': 'Y', 'BREATHE Emphysema': '', 'BREATHE incident COPD': 'Y', 'BREATHE prevalent COPD': 'Y', 'BREATHE COPD exacerbations': '', 'BREATHE recommended': 'Y', 'Cambridge COPD_COD (QOF v44)': 'Y', 'LSHTM Data Compass 1601': 'Y', 'QOF v45 (2020-2021)': 'Y'}",1,6364,Chronic obstructive pulmonary disease (COPD) Primary care -  3,"{'id': 9, 'name': 'SNOMED  CT codes', 'description': 'SNOMED CT codes'}",PH797,2221,Chronic obstructive pulmonary disease (COPD) Primary care,1
2482,6364,2022-01-17T14:00:14.475561Z,2804,3838,1,2804,3784,169284,516801000000112,Very severe chronic obstructive pulmonary disease,"{'SNOMED CT Concept ID': '293991000000106', 'SNOMED CT Description ID': '516801000000112', 'Read V2 Code': 'H39..00', 'BREATHE Chronic bronchitis': 'Y', 'BREATHE Emphysema': 'Y', 'BREATHE incident COPD': 'Y', 'BREATHE prevalent COPD': 'Y', 'BREATHE COPD exacerbations': '', 'BREATHE recommended': 'Y', 'Cambridge COPD_COD (QOF v44)': 'Y', 'LSHTM Data Compass 1601': 'Y', 'QOF v45 (2020-2021)': 'Y'}",1,6364,Chronic obstructive pulmonary disease (COPD) Primary care -  3,"{'id': 9, 'name': 'SNOMED  CT codes', 'description': 'SNOMED CT codes'}",PH797,2221,Chronic obstructive pulmonary disease (COPD) Primary care,1
2482,6364,2022-01-17T14:00:14.475561Z,2804,3838,1,2804,3784,169285,553211000006119,"Chron obstruct pulmonary dis wth acute exacerbation, unspec","{'SNOMED CT Concept ID': '195951007', 'SNOMED CT Description ID': '301453013', 'Read V2 Code': 'H3y1.00', 'BREATHE Chronic bronchitis': 'Y', 'BREATHE Emphysema': 'Y', 'BREATHE incident COPD': 'Y', 'BREATHE prevalent COPD': 'Y', 'BREATHE COPD exacerbations': 'Y', 'BREATHE recommended': 'Y', 'Cambridge COPD_COD (QOF v44)': '', 'LSHTM Data Compass 1601': 'Y', 'QOF v45 (2020-2021)': ''}",1,6364,Chronic obstructive pulmonary disease (COPD) Primary care -  3,"{'id': 9, 'name': 'SNOMED  CT codes', 'description': 'SNOMED CT codes'}",PH797,2221,Chronic obstructive pulmonary disease (COPD) Primary care,1
2482,6364,2022-01-17T14:00:14.475561Z,2804,3838,1,2804,3784,169286,555471000006114,Chronic obstructive airways disease,"{'SNOMED CT Concept ID': '13645005', 'SNOMED CT Description ID': '475423015', 'Read V2 Code': 'H3...11', 'BREATHE Chronic bronchitis': 'Y', 'BREATHE Emphysema': 'Y', 'BREATHE incident COPD': 'Y', 'BREATHE prevalent COPD': 'Y', 'BREATHE COPD exacerbations': '', 'BREATHE recommended': 'Y', 'Cambridge COPD_COD (QOF v44)': 'Y', 'LSHTM Data Compass 1601': 'Y', 'QOF v45 (2020-2021)': 'Y'}",1,6364,Chronic obstructive pulmonary disease (COPD) Primary care -  3,"{'id': 9, 'name': 'SNOMED  CT codes', 'description': 'SNOMED CT codes'}",PH797,2221,Chronic obstructive pulmonary disease (COPD) Primary care,1
2482,6364,2022-01-17T14:00:14.475561Z,2804,3838,1,2804,3784,169287,640491000006111,Emphysema,"{'SNOMED CT Concept ID': '87433001', 'SNOMED CT Description ID': '144964015', 'Read V2 Code': 'H32..00', 'BREATHE Chronic bronchitis': '', 'BREATHE Emphysema': 'Y', 'BREATHE incident COPD': 'Y', 'BREATHE prevalent COPD': 'Y', 'BREATHE COPD exacerbations': '', 'BREATHE recommended': 'Y', 'Cambridge COPD_COD (QOF v44)': 'Y', 'LSHTM Data Compass 1601': 'Y', 'QOF v45 (2020-2021)': 'Y'}",1,6364,Chronic obstructive pulmonary disease (COPD) Primary care -  3,"{'id': 9, 'name': 'SNOMED  CT codes', 'description': 'SNOMED CT codes'}",PH797,2221,Chronic obstructive pulmonary disease (COPD) Primary care,1
2482,6364,2022-01-17T14:00:14.475561Z,2804,3838,1,2804,3784,169288,839001000006111,COPD self-management plan given,"{'SNOMED CT Concept ID': '390891009', 'SNOMED CT Description ID': '1484924013', 'Read V2 Code': '66YI.00', 'BREATHE Chronic bronchitis': '', 'BREATHE Emphysema': '', 'BREATHE incident COPD': '', 'BREATHE prevalent COPD': '', 'BREATHE COPD exacerbations': '', 'BREATHE recommended': '', 'Cambridge COPD_COD (QOF v44)': '', 'LSHTM Data Compass 1601': 'Y', 'QOF v45 (2020-2021)': ''}",1,6364,Chronic obstructive pulmonary disease (COPD) Primary care -  3,"{'id': 9, 'name': 'SNOMED  CT codes', 'description': 'SNOMED CT codes'}",PH797,2221,Chronic obstructive pulmonary disease (COPD) Primary care,1
2482,6364,2022-01-17T14:00:14.475561Z,2804,3838,1,2804,3784,169289,845451000006118,COPD follow-up,"{'SNOMED CT Concept ID': '394702007', 'SNOMED CT Description ID': '1488423019', 'Read V2 Code': '66YL.11', 'BREATHE Chronic bronchitis': 'Y', 'BREATHE Emphysema': 'Y', 'BREATHE incident COPD': 'Y', 'BREATHE prevalent COPD': 'Y', 'BREATHE COPD exacerbations': '', 'BREATHE recommended': 'Y', 'Cambridge COPD_COD (QOF v44)': '', 'LSHTM Data Compass 1601': 'Y', 'QOF v45 (2020-2021)': ''}",1,6364,Chronic obstructive pulmonary disease (COPD) Primary care -  3,"{'id': 9, 'name': 'SNOMED  CT codes', 'description': 'SNOMED CT codes'}",PH797,2221,Chronic obstructive pulmonary disease (COPD) Primary care,1
2482,6364,2022-01-17T14:00:14.475561Z,2804,3838,1,2804,3784,169290,851261000006116,"Chronic bronchitis, acute exac","{'SNOMED CT Concept ID': '851261000006100', 'SNOMED CT Description ID': '851261000006116', 'Read V2 Code': '', 'BREATHE Chronic bronchitis': 'Y', 'BREATHE Emphysema': '', 'BREATHE incident COPD': 'Y', 'BREATHE prevalent COPD': 'Y', 'BREATHE COPD exacerbations': 'Y', 'BREATHE recommended': 'Y', 'Cambridge COPD_COD (QOF v44)': '', 'LSHTM Data Compass 1601': 'Y', 'QOF v45 (2020-2021)': ''}",1,6364,Chronic obstructive pulmonary disease (COPD) Primary care -  3,"{'id': 9, 'name': 'SNOMED  CT codes', 'description': 'SNOMED CT codes'}",PH797,2221,Chronic obstructive pulmonary disease (COPD) Primary care,1
2482,6364,2022-01-17T14:00:14.475561Z,2804,3838,1,2804,3784,169291,87480013,Chronic tracheobronchitis,"{'SNOMED CT Concept ID': '52571006', 'SNOMED CT Description ID': '87480013', 'Read V2 Code': 'H31y100', 'BREATHE Chronic bronchitis': '', 'BREATHE Emphysema': '', 'BREATHE incident COPD': '', 'BREATHE prevalent COPD': '', 'BREATHE COPD exacerbations': '', 'BREATHE recommended': '', 'Cambridge COPD_COD (QOF v44)': 'Y', 'LSHTM Data Compass 1601': '', 'QOF v45 (2020-2021)': 'Y'}",1,6364,Chronic obstructive pulmonary disease (COPD) Primary care -  3,"{'id': 9, 'name': 'SNOMED  CT codes', 'description': 'SNOMED CT codes'}",PH797,2221,Chronic obstructive pulmonary disease (COPD) Primary care,1
2482,6364,2022-01-17T14:00:14.475561Z,2804,3838,1,2804,3784,169292,885281000006118,Mucopurulent chr. bronchitis,"{'SNOMED CT Concept ID': '74417001', 'SNOMED CT Description ID': '885281000006118', 'Read V2 Code': 'H311.99', 'BREATHE Chronic bronchitis': '', 'BREATHE Emphysema': '', 'BREATHE incident COPD': '', 'BREATHE prevalent COPD': '', 'BREATHE COPD exacerbations': '', 'BREATHE recommended': '', 'Cambridge COPD_COD (QOF v44)': 'Y', 'LSHTM Data Compass 1601': 'Y', 'QOF v45 (2020-2021)': 'Y'}",1,6364,Chronic obstructive pulmonary disease (COPD) Primary care -  3,"{'id': 9, 'name': 'SNOMED  CT codes', 'description': 'SNOMED CT codes'}",PH797,2221,Chronic obstructive pulmonary disease (COPD) Primary care,1
2482,6364,2022-01-17T14:00:14.475561Z,2804,3838,1,2804,3784,169293,907481000006118,[RFC] Bronchitis,"{'SNOMED CT Concept ID': '907481000006102', 'SNOMED CT Description ID': '907481000006118', 'Read V2 Code': '', 'BREATHE Chronic bronchitis': '', 'BREATHE Emphysema': '', 'BREATHE incident COPD': '', 'BREATHE prevalent COPD': '', 'BREATHE COPD exacerbations': '', 'BREATHE recommended': '', 'Cambridge COPD_COD (QOF v44)': '', 'LSHTM Data Compass 1601': 'Y', 'QOF v45 (2020-2021)': ''}",1,6364,Chronic obstructive pulmonary disease (COPD) Primary care -  3,"{'id': 9, 'name': 'SNOMED  CT codes', 'description': 'SNOMED CT codes'}",PH797,2221,Chronic obstructive pulmonary disease (COPD) Primary care,1
2482,6364,2022-01-17T14:00:14.475561Z,2804,3838,1,2804,3784,169294,909711000006111,[RFC] Chronic obstructive pulmonary disease (COPD),"{'SNOMED CT Concept ID': '909711000006107', 'SNOMED CT Description ID': '909711000006111', 'Read V2 Code': '', 'BREATHE Chronic bronchitis': 'Y', 'BREATHE Emphysema': 'Y', 'BREATHE incident COPD': 'Y', 'BREATHE prevalent COPD': 'Y', 'BREATHE COPD exacerbations': '', 'BREATHE recommended': 'Y', 'Cambridge COPD_COD (QOF v44)': '', 'LSHTM Data Compass 1601': 'Y', 'QOF v45 (2020-2021)': ''}",1,6364,Chronic obstructive pulmonary disease (COPD) Primary care -  3,"{'id': 9, 'name': 'SNOMED  CT codes', 'description': 'SNOMED CT codes'}",PH797,2221,Chronic obstructive pulmonary disease (COPD) Primary care,1
2482,6364,2022-01-17T14:00:14.475561Z,2804,3838,1,2804,3784,169295,909721000006115,[RFC] Emphysema,"{'SNOMED CT Concept ID': '909721000006104', 'SNOMED CT Description ID': '909721000006115', 'Read V2 Code': '', 'BREATHE Chronic bronchitis': '', 'BREATHE Emphysema': 'Y', 'BREATHE incident COPD': 'Y', 'BREATHE prevalent COPD': 'Y', 'BREATHE COPD exacerbations': '', 'BREATHE recommended': 'Y', 'Cambridge COPD_COD (QOF v44)': '', 'LSHTM Data Compass 1601': 'Y', 'QOF v45 (2020-2021)': ''}",1,6364,Chronic obstructive pulmonary disease (COPD) Primary care -  3,"{'id': 9, 'name': 'SNOMED  CT codes', 'description': 'SNOMED CT codes'}",PH797,2221,Chronic obstructive pulmonary disease (COPD) Primary care,1
2482,6364,2022-01-17T14:00:14.475561Z,2804,3838,1,2804,3784,169296,9317331000006113,Asthma-COPD overlap syndrome (ACOS),"{'SNOMED CT Concept ID': '10692761000119107', 'SNOMED CT Description ID': '3046475015', 'Read V2 Code': '', 'BREATHE Chronic bronchitis': '', 'BREATHE Emphysema': '', 'BREATHE incident COPD': '', 'BREATHE prevalent COPD': '', 'BREATHE COPD exacerbations': '', 'BREATHE recommended': '', 'Cambridge COPD_COD (QOF v44)': 'Y', 'LSHTM Data Compass 1601': '', 'QOF v45 (2020-2021)': 'Y'}",1,6364,Chronic obstructive pulmonary disease (COPD) Primary care -  3,"{'id': 9, 'name': 'SNOMED  CT codes', 'description': 'SNOMED CT codes'}",PH797,2221,Chronic obstructive pulmonary disease (COPD) Primary care,1
2482,6364,2022-01-17T14:00:14.475561Z,2804,3838,1,2804,3784,169297,9317341000006115,ACOS - asthma-chronic obstructive pulmonary disease overlap syndrome,"{'SNOMED CT Concept ID': '10692761000119107', 'SNOMED CT Description ID': '2496071000000117', 'Read V2 Code': '', 'BREATHE Chronic bronchitis': '', 'BREATHE Emphysema': '', 'BREATHE incident COPD': '', 'BREATHE prevalent COPD': '', 'BREATHE COPD exacerbations': '', 'BREATHE recommended': '', 'Cambridge COPD_COD (QOF v44)': 'Y', 'LSHTM Data Compass 1601': '', 'QOF v45 (2020-2021)': 'Y'}",1,6364,Chronic obstructive pulmonary disease (COPD) Primary care -  3,"{'id': 9, 'name': 'SNOMED  CT codes', 'description': 'SNOMED CT codes'}",PH797,2221,Chronic obstructive pulmonary disease (COPD) Primary care,1
2482,6364,2022-01-17T14:00:14.475561Z,2804,3838,1,2804,3784,169298,9337016,Panlobular emphysema,"{'SNOMED CT Concept ID': '4981000', 'SNOMED CT Description ID': '9337016', 'Read V2 Code': 'H321.00', 'BREATHE Chronic bronchitis': '', 'BREATHE Emphysema': 'Y', 'BREATHE incident COPD': 'Y', 'BREATHE prevalent COPD': 'Y', 'BREATHE COPD exacerbations': '', 'BREATHE recommended': 'Y', 'Cambridge COPD_COD (QOF v44)': 'Y', 'LSHTM Data Compass 1601': 'Y', 'QOF v45 (2020-2021)': 'Y'}",1,6364,Chronic obstructive pulmonary disease (COPD) Primary care -  3,"{'id': 9, 'name': 'SNOMED  CT codes', 'description': 'SNOMED CT codes'}",PH797,2221,Chronic obstructive pulmonary disease (COPD) Primary care,1
2482,6364,2022-01-17T14:00:14.475561Z,2804,3838,1,2804,3784,169299,939991000006112,COPD medication review,"{'SNOMED CT Concept ID': '939991000006108', 'SNOMED CT Description ID': '939991000006112', 'Read V2 Code': '', 'BREATHE Chronic bronchitis': '', 'BREATHE Emphysema': '', 'BREATHE incident COPD': '', 'BREATHE prevalent COPD': '', 'BREATHE COPD exacerbations': '', 'BREATHE recommended': '', 'Cambridge COPD_COD (QOF v44)': '', 'LSHTM Data Compass 1601': 'Y', 'QOF v45 (2020-2021)': ''}",1,6364,Chronic obstructive pulmonary disease (COPD) Primary care -  3,"{'id': 9, 'name': 'SNOMED  CT codes', 'description': 'SNOMED CT codes'}",PH797,2221,Chronic obstructive pulmonary disease (COPD) Primary care,1
2482,6364,2022-01-17T14:00:14.475561Z,2804,3838,1,2804,3784,169300,940131000006118,COPD monitoring administration,"{'SNOMED CT Concept ID': '940131000006102', 'SNOMED CT Description ID': '940131000006118', 'Read V2 Code': '', 'BREATHE Chronic bronchitis': 'Y', 'BREATHE Emphysema': 'Y', 'BREATHE incident COPD': 'Y', 'BREATHE prevalent COPD': 'Y', 'BREATHE COPD exacerbations': '', 'BREATHE recommended': 'Y', 'Cambridge COPD_COD (QOF v44)': '', 'LSHTM Data Compass 1601': 'Y', 'QOF v45 (2020-2021)': ''}",1,6364,Chronic obstructive pulmonary disease (COPD) Primary care -  3,"{'id': 9, 'name': 'SNOMED  CT codes', 'description': 'SNOMED CT codes'}",PH797,2221,Chronic obstructive pulmonary disease (COPD) Primary care,1
2482,6364,2022-01-17T14:00:14.475561Z,2804,3838,1,2804,3784,169146,161781000006116,Sawyer - Jones syndrome,"{'SNOMED CT Concept ID': '45145000', 'SNOMED CT Description ID': '75284014', 'Read V2 Code': 'H32yz11', 'BREATHE Chronic bronchitis': '', 'BREATHE Emphysema': '', 'BREATHE incident COPD': '', 'BREATHE prevalent COPD': '', 'BREATHE COPD exacerbations': '', 'BREATHE recommended': '', 'Cambridge COPD_COD (QOF v44)': 'Y', 'LSHTM Data Compass 1601': '', 'QOF v45 (2020-2021)': 'Y'}",1,6364,Chronic obstructive pulmonary disease (COPD) Primary care -  3,"{'id': 9, 'name': 'SNOMED  CT codes', 'description': 'SNOMED CT codes'}",PH797,2221,Chronic obstructive pulmonary disease (COPD) Primary care,1
2482,6364,2022-01-17T14:00:14.475561Z,2804,3838,1,2804,3784,169147,1656601000006119,COPD patient unsuitable for pulmonary rehabilitation,"{'SNOMED CT Concept ID': '1656601000006103', 'SNOMED CT Description ID': '1656601000006119', 'Read V2 Code': '', 'BREATHE Chronic bronchitis': '', 'BREATHE Emphysema': '', 'BREATHE incident COPD': '', 'BREATHE prevalent COPD': '', 'BREATHE COPD exacerbations': '', 'BREATHE recommended': '', 'Cambridge COPD_COD (QOF v44)': '', 'LSHTM Data Compass 1601': 'Y', 'QOF v45 (2020-2021)': ''}",1,6364,Chronic obstructive pulmonary disease (COPD) Primary care -  3,"{'id': 9, 'name': 'SNOMED  CT codes', 'description': 'SNOMED CT codes'}",PH797,2221,Chronic obstructive pulmonary disease (COPD) Primary care,1
2482,6364,2022-01-17T14:00:14.475561Z,2804,3838,1,2804,3784,169148,1683181000000112,Chronic obstructive pulmonary disease 3 monthly review,"{'SNOMED CT Concept ID': '760601000000107', 'SNOMED CT Description ID': '1683181000000112', 'Read V2 Code': '66YB000', 'BREATHE Chronic bronchitis': 'Y', 'BREATHE Emphysema': 'Y', 'BREATHE incident COPD': 'Y', 'BREATHE prevalent COPD': 'Y', 'BREATHE COPD exacerbations': '', 'BREATHE recommended': 'Y', 'Cambridge COPD_COD (QOF v44)': '', 'LSHTM Data Compass 1601': 'Y', 'QOF v45 (2020-2021)': ''}",1,6364,Chronic obstructive pulmonary disease (COPD) Primary care -  3,"{'id': 9, 'name': 'SNOMED  CT codes', 'description': 'SNOMED CT codes'}",PH797,2221,Chronic obstructive pulmonary disease (COPD) Primary care,1
2482,6364,2022-01-17T14:00:14.475561Z,2804,3838,1,2804,3784,169149,1683221000000119,Chronic obstructive pulmonary disease 6 monthly review,"{'SNOMED CT Concept ID': '760621000000103', 'SNOMED CT Description ID': '1683221000000119', 'Read V2 Code': '66YB100', 'BREATHE Chronic bronchitis': 'Y', 'BREATHE Emphysema': 'Y', 'BREATHE incident COPD': 'Y', 'BREATHE prevalent COPD': 'Y', 'BREATHE COPD exacerbations': '', 'BREATHE recommended': 'Y', 'Cambridge COPD_COD (QOF v44)': '', 'LSHTM Data Compass 1601': 'Y', 'QOF v45 (2020-2021)': ''}",1,6364,Chronic obstructive pulmonary disease (COPD) Primary care -  3,"{'id': 9, 'name': 'SNOMED  CT codes', 'description': 'SNOMED CT codes'}",PH797,2221,Chronic obstructive pulmonary disease (COPD) Primary care,1
2482,6364,2022-01-17T14:00:14.475561Z,2804,3838,1,2804,3784,169150,1699821000006113,At risk of chronic obstructive pulmonary diseas exacerbation,"{'SNOMED CT Concept ID': '383611000000102', 'SNOMED CT Description ID': '756761000000112', 'Read V2 Code': '14OX.00', 'BREATHE Chronic bronchitis': '', 'BREATHE Emphysema': '', 'BREATHE incident COPD': '', 'BREATHE prevalent COPD': '', 'BREATHE COPD exacerbations': '', 'BREATHE recommended': '', 'Cambridge COPD_COD (QOF v44)': '', 'LSHTM Data Compass 1601': 'Y', 'QOF v45 (2020-2021)': ''}",1,6364,Chronic obstructive pulmonary disease (COPD) Primary care -  3,"{'id': 9, 'name': 'SNOMED  CT codes', 'description': 'SNOMED CT codes'}",PH797,2221,Chronic obstructive pulmonary disease (COPD) Primary care,1
2482,6364,2022-01-17T14:00:14.475561Z,2804,3838,1,2804,3784,169151,1704531000006115,COPD patient unsuitable for pulmonary rehab - enh serv admin,"{'SNOMED CT Concept ID': '371611000000107', 'SNOMED CT Description ID': '1152601000000114', 'Read V2 Code': '9kf0.00', 'BREATHE Chronic bronchitis': '', 'BREATHE Emphysema': '', 'BREATHE incident COPD': '', 'BREATHE prevalent COPD': '', 'BREATHE COPD exacerbations': '', 'BREATHE recommended': '', 'Cambridge COPD_COD (QOF v44)': '', 'LSHTM Data Compass 1601': 'Y', 'QOF v45 (2020-2021)': ''}",1,6364,Chronic obstructive pulmonary disease (COPD) Primary care -  3,"{'id': 9, 'name': 'SNOMED  CT codes', 'description': 'SNOMED CT codes'}",PH797,2221,Chronic obstructive pulmonary disease (COPD) Primary care,1
2482,6364,2022-01-17T14:00:14.475561Z,2804,3838,1,2804,3784,169152,1704541000006113,COPD patient unsuitable for pulmonary rehabilitation,"{'SNOMED CT Concept ID': '371611000000107', 'SNOMED CT Description ID': '1152601000000114', 'Read V2 Code': '9kf0.11', 'BREATHE Chronic bronchitis': '', 'BREATHE Emphysema': '', 'BREATHE incident COPD': '', 'BREATHE prevalent COPD': '', 'BREATHE COPD exacerbations': '', 'BREATHE recommended': '', 'Cambridge COPD_COD (QOF v44)': '', 'LSHTM Data Compass 1601': 'Y', 'QOF v45 (2020-2021)': ''}",1,6364,Chronic obstructive pulmonary disease (COPD) Primary care -  3,"{'id': 9, 'name': 'SNOMED  CT codes', 'description': 'SNOMED CT codes'}",PH797,2221,Chronic obstructive pulmonary disease (COPD) Primary care,1
2482,6364,2022-01-17T14:00:14.475561Z,2804,3838,1,2804,3784,169153,1704551000006110,Referred for COPD structured smoking assessment,"{'SNOMED CT Concept ID': '375851000000108', 'SNOMED CT Description ID': '739301000000115', 'Read V2 Code': '9kf1.11', 'BREATHE Chronic bronchitis': '', 'BREATHE Emphysema': '', 'BREATHE incident COPD': '', 'BREATHE prevalent COPD': '', 'BREATHE COPD exacerbations': '', 'BREATHE recommended': '', 'Cambridge COPD_COD (QOF v44)': '', 'LSHTM Data Compass 1601': 'Y', 'QOF v45 (2020-2021)': ''}",1,6364,Chronic obstructive pulmonary disease (COPD) Primary care -  3,"{'id': 9, 'name': 'SNOMED  CT codes', 'description': 'SNOMED CT codes'}",PH797,2221,Chronic obstructive pulmonary disease (COPD) Primary care,1
2482,6364,2022-01-17T14:00:14.475561Z,2804,3838,1,2804,3784,169154,1704561000006112,Refer COPD structured smoking assessment - enhanc serv admin,"{'SNOMED CT Concept ID': '375851000000108', 'SNOMED CT Description ID': '739301000000115', 'Read V2 Code': '9kf1.00', 'BREATHE Chronic bronchitis': '', 'BREATHE Emphysema': '', 'BREATHE incident COPD': '', 'BREATHE prevalent COPD': '', 'BREATHE COPD exacerbations': '', 'BREATHE recommended': '', 'Cambridge COPD_COD (QOF v44)': '', 'LSHTM Data Compass 1601': 'Y', 'QOF v45 (2020-2021)': ''}",1,6364,Chronic obstructive pulmonary disease (COPD) Primary care -  3,"{'id': 9, 'name': 'SNOMED  CT codes', 'description': 'SNOMED CT codes'}",PH797,2221,Chronic obstructive pulmonary disease (COPD) Primary care,1
2482,6364,2022-01-17T14:00:14.475561Z,2804,3838,1,2804,3784,169155,1704571000006117,COPD structured smoking assessment declined - enh serv admin,"{'SNOMED CT Concept ID': '375911000000102', 'SNOMED CT Description ID': '739421000000116', 'Read V2 Code': '9kf2.00', 'BREATHE Chronic bronchitis': '', 'BREATHE Emphysema': '', 'BREATHE incident COPD': '', 'BREATHE prevalent COPD': '', 'BREATHE COPD exacerbations': '', 'BREATHE recommended': '', 'Cambridge COPD_COD (QOF v44)': '', 'LSHTM Data Compass 1601': 'Y', 'QOF v45 (2020-2021)': ''}",1,6364,Chronic obstructive pulmonary disease (COPD) Primary care -  3,"{'id': 9, 'name': 'SNOMED  CT codes', 'description': 'SNOMED CT codes'}",PH797,2221,Chronic obstructive pulmonary disease (COPD) Primary care,1
2482,6364,2022-01-17T14:00:14.475561Z,2804,3838,1,2804,3784,169156,1704581000006119,COPD structured smoking assessment declined,"{'SNOMED CT Concept ID': '375911000000102', 'SNOMED CT Description ID': '739421000000116', 'Read V2 Code': '9kf2.11', 'BREATHE Chronic bronchitis': '', 'BREATHE Emphysema': '', 'BREATHE incident COPD': '', 'BREATHE prevalent COPD': '', 'BREATHE COPD exacerbations': '', 'BREATHE recommended': '', 'Cambridge COPD_COD (QOF v44)': '', 'LSHTM Data Compass 1601': 'Y', 'QOF v45 (2020-2021)': ''}",1,6364,Chronic obstructive pulmonary disease (COPD) Primary care -  3,"{'id': 9, 'name': 'SNOMED  CT codes', 'description': 'SNOMED CT codes'}",PH797,2221,Chronic obstructive pulmonary disease (COPD) Primary care,1
2482,6364,2022-01-17T14:00:14.475561Z,2804,3838,1,2804,3784,169157,1724351000006112,Clinical COPD Questionnaire,"{'SNOMED CT Concept ID': '1724351000006108', 'SNOMED CT Description ID': '1724351000006112', 'Read V2 Code': '', 'BREATHE Chronic bronchitis': '', 'BREATHE Emphysema': '', 'BREATHE incident COPD': '', 'BREATHE prevalent COPD': '', 'BREATHE COPD exacerbations': '', 'BREATHE recommended': '', 'Cambridge COPD_COD (QOF v44)': '', 'LSHTM Data Compass 1601': 'Y', 'QOF v45 (2020-2021)': ''}",1,6364,Chronic obstructive pulmonary disease (COPD) Primary care -  3,"{'id': 9, 'name': 'SNOMED  CT codes', 'description': 'SNOMED CT codes'}",PH797,2221,Chronic obstructive pulmonary disease (COPD) Primary care,1
2482,6364,2022-01-17T14:00:14.475561Z,2804,3838,1,2804,3784,169158,1763751000006117,GP out of hours notified of COPD care plan,"{'SNOMED CT Concept ID': '1763751000006101', 'SNOMED CT Description ID': '1763751000006117', 'Read V2 Code': '', 'BREATHE Chronic bronchitis': '', 'BREATHE Emphysema': '', 'BREATHE incident COPD': '', 'BREATHE prevalent COPD': '', 'BREATHE COPD exacerbations': '', 'BREATHE recommended': '', 'Cambridge COPD_COD (QOF v44)': '', 'LSHTM Data Compass 1601': 'Y', 'QOF v45 (2020-2021)': ''}",1,6364,Chronic obstructive pulmonary disease (COPD) Primary care -  3,"{'id': 9, 'name': 'SNOMED  CT codes', 'description': 'SNOMED CT codes'}",PH797,2221,Chronic obstructive pulmonary disease (COPD) Primary care,1
2482,6364,2022-01-17T14:00:14.475561Z,2804,3838,1,2804,3784,169159,1771201000006116,Chronic obstructive pulmonary disease multidisciplinary review,"{'SNOMED CT Concept ID': '1771201000006100', 'SNOMED CT Description ID': '1771201000006116', 'Read V2 Code': '', 'BREATHE Chronic bronchitis': 'Y', 'BREATHE Emphysema': 'Y', 'BREATHE incident COPD': 'Y', 'BREATHE prevalent COPD': 'Y', 'BREATHE COPD exacerbations': '', 'BREATHE recommended': 'Y', 'Cambridge COPD_COD (QOF v44)': '', 'LSHTM Data Compass 1601': 'Y', 'QOF v45 (2020-2021)': ''}",1,6364,Chronic obstructive pulmonary disease (COPD) Primary care -  3,"{'id': 9, 'name': 'SNOMED  CT codes', 'description': 'SNOMED CT codes'}",PH797,2221,Chronic obstructive pulmonary disease (COPD) Primary care,1
2482,6364,2022-01-17T14:00:14.475561Z,2804,3838,1,2804,3784,169160,1771441000006118,COPD patient experience discussed,"{'SNOMED CT Concept ID': '1771441000006102', 'SNOMED CT Description ID': '1771441000006118', 'Read V2 Code': '', 'BREATHE Chronic bronchitis': '', 'BREATHE Emphysema': '', 'BREATHE incident COPD': '', 'BREATHE prevalent COPD': '', 'BREATHE COPD exacerbations': '', 'BREATHE recommended': '', 'Cambridge COPD_COD (QOF v44)': '', 'LSHTM Data Compass 1601': 'Y', 'QOF v45 (2020-2021)': ''}",1,6364,Chronic obstructive pulmonary disease (COPD) Primary care -  3,"{'id': 9, 'name': 'SNOMED  CT codes', 'description': 'SNOMED CT codes'}",PH797,2221,Chronic obstructive pulmonary disease (COPD) Primary care,1
2482,6364,2022-01-17T14:00:14.475561Z,2804,3838,1,2804,3784,169161,1780380013,Chronic obstructive pulmonary disease monitoring by nurse,"{'SNOMED CT Concept ID': '401184000', 'SNOMED CT Description ID': '1780380013', 'Read V2 Code': '66YS.00', 'BREATHE Chronic bronchitis': 'Y', 'BREATHE Emphysema': 'Y', 'BREATHE incident COPD': 'Y', 'BREATHE prevalent COPD': 'Y', 'BREATHE COPD exacerbations': '', 'BREATHE recommended': 'Y', 'Cambridge COPD_COD (QOF v44)': '', 'LSHTM Data Compass 1601': 'Y', 'QOF v45 (2020-2021)': ''}",1,6364,Chronic obstructive pulmonary disease (COPD) Primary care -  3,"{'id': 9, 'name': 'SNOMED  CT codes', 'description': 'SNOMED CT codes'}",PH797,2221,Chronic obstructive pulmonary disease (COPD) Primary care,1
2482,6364,2022-01-17T14:00:14.475561Z,2804,3838,1,2804,3784,169162,1780381012,Chronic obstructive pulmonary disease monitoring by doctor,"{'SNOMED CT Concept ID': '401185004', 'SNOMED CT Description ID': '1780381012', 'Read V2 Code': '66YT.00', 'BREATHE Chronic bronchitis': 'Y', 'BREATHE Emphysema': 'Y', 'BREATHE incident COPD': 'Y', 'BREATHE prevalent COPD': 'Y', 'BREATHE COPD exacerbations': '', 'BREATHE recommended': 'Y', 'Cambridge COPD_COD (QOF v44)': '', 'LSHTM Data Compass 1601': 'Y', 'QOF v45 (2020-2021)': ''}",1,6364,Chronic obstructive pulmonary disease (COPD) Primary care -  3,"{'id': 9, 'name': 'SNOMED  CT codes', 'description': 'SNOMED CT codes'}",PH797,2221,Chronic obstructive pulmonary disease (COPD) Primary care,1
2482,6364,2022-01-17T14:00:14.475561Z,2804,3838,1,2804,3784,169163,1785171000006113,GP OOH service notified of COPD care plan,"{'SNOMED CT Concept ID': '783631000000109', 'SNOMED CT Description ID': '1752261000000117', 'Read V2 Code': '9e03.00', 'BREATHE Chronic bronchitis': '', 'BREATHE Emphysema': '', 'BREATHE incident COPD': '', 'BREATHE prevalent COPD': '', 'BREATHE COPD exacerbations': '', 'BREATHE recommended': '', 'Cambridge COPD_COD (QOF v44)': '', 'LSHTM Data Compass 1601': 'Y', 'QOF v45 (2020-2021)': ''}",1,6364,Chronic obstructive pulmonary disease (COPD) Primary care -  3,"{'id': 9, 'name': 'SNOMED  CT codes', 'description': 'SNOMED CT codes'}",PH797,2221,Chronic obstructive pulmonary disease (COPD) Primary care,1
2482,6364,2022-01-17T14:00:14.475561Z,2804,3838,1,2804,3784,169164,1788021000006116,Chronic obstructive pulmonary disease rescue pack not indicated,"{'SNOMED CT Concept ID': '1788021000006100', 'SNOMED CT Description ID': '1788021000006116', 'Read V2 Code': '', 'BREATHE Chronic bronchitis': '', 'BREATHE Emphysema': '', 'BREATHE incident COPD': '', 'BREATHE prevalent COPD': '', 'BREATHE COPD exacerbations': '', 'BREATHE recommended': '', 'Cambridge COPD_COD (QOF v44)': '', 'LSHTM Data Compass 1601': 'Y', 'QOF v45 (2020-2021)': ''}",1,6364,Chronic obstructive pulmonary disease (COPD) Primary care -  3,"{'id': 9, 'name': 'SNOMED  CT codes', 'description': 'SNOMED CT codes'}",PH797,2221,Chronic obstructive pulmonary disease (COPD) Primary care,1
2482,6364,2022-01-17T14:00:14.475561Z,2804,3838,1,2804,3784,169165,1811661000006110,COPD self-management plan agreed,"{'SNOMED CT Concept ID': '811961000000106', 'SNOMED CT Description ID': '2117851000000118', 'Read V2 Code': '661M300', 'BREATHE Chronic bronchitis': '', 'BREATHE Emphysema': '', 'BREATHE incident COPD': '', 'BREATHE prevalent COPD': '', 'BREATHE COPD exacerbations': '', 'BREATHE recommended': '', 'Cambridge COPD_COD (QOF v44)': '', 'LSHTM Data Compass 1601': 'Y', 'QOF v45 (2020-2021)': ''}",1,6364,Chronic obstructive pulmonary disease (COPD) Primary care -  3,"{'id': 9, 'name': 'SNOMED  CT codes', 'description': 'SNOMED CT codes'}",PH797,2221,Chronic obstructive pulmonary disease (COPD) Primary care,1
2482,6364,2022-01-17T14:00:14.475561Z,2804,3838,1,2804,3784,169166,1811741000006117,COPD self-management plan review,"{'SNOMED CT Concept ID': '810951000000101', 'SNOMED CT Description ID': '2115731000000110', 'Read V2 Code': '661N300', 'BREATHE Chronic bronchitis': '', 'BREATHE Emphysema': '', 'BREATHE incident COPD': '', 'BREATHE prevalent COPD': '', 'BREATHE COPD exacerbations': '', 'BREATHE recommended': '', 'Cambridge COPD_COD (QOF v44)': '', 'LSHTM Data Compass 1601': 'Y', 'QOF v45 (2020-2021)': ''}",1,6364,Chronic obstructive pulmonary disease (COPD) Primary care -  3,"{'id': 9, 'name': 'SNOMED  CT codes', 'description': 'SNOMED CT codes'}",PH797,2221,Chronic obstructive pulmonary disease (COPD) Primary care,1
2482,6364,2022-01-17T14:00:14.475561Z,2804,3838,1,2804,3784,169167,1813871000006117,On chronic obstructive pulmonary disease supprtv cre pathway,"{'SNOMED CT Concept ID': '826111000000109', 'SNOMED CT Description ID': '2149041000000110', 'Read V2 Code': '9NgP.00', 'BREATHE Chronic bronchitis': 'Y', 'BREATHE Emphysema': 'Y', 'BREATHE incident COPD': 'Y', 'BREATHE prevalent COPD': 'Y', 'BREATHE COPD exacerbations': '', 'BREATHE recommended': 'Y', 'Cambridge COPD_COD (QOF v44)': '', 'LSHTM Data Compass 1601': 'Y', 'QOF v45 (2020-2021)': ''}",1,6364,Chronic obstructive pulmonary disease (COPD) Primary care -  3,"{'id': 9, 'name': 'SNOMED  CT codes', 'description': 'SNOMED CT codes'}",PH797,2221,Chronic obstructive pulmonary disease (COPD) Primary care,1
2482,6364,2022-01-17T14:00:14.475561Z,2804,3838,1,2804,3784,169168,1813881000006119,On COPD (chr obstruc pulmonary disease) supportv cre pathway,"{'SNOMED CT Concept ID': '826111000000109', 'SNOMED CT Description ID': '2155811000000119', 'Read V2 Code': '9NgP.11', 'BREATHE Chronic bronchitis': 'Y', 'BREATHE Emphysema': 'Y', 'BREATHE incident COPD': 'Y', 'BREATHE prevalent COPD': 'Y', 'BREATHE COPD exacerbations': '', 'BREATHE recommended': 'Y', 'Cambridge COPD_COD (QOF v44)': '', 'LSHTM Data Compass 1601': 'Y', 'QOF v45 (2020-2021)': ''}",1,6364,Chronic obstructive pulmonary disease (COPD) Primary care -  3,"{'id': 9, 'name': 'SNOMED  CT codes', 'description': 'SNOMED CT codes'}",PH797,2221,Chronic obstructive pulmonary disease (COPD) Primary care,1
2482,6364,2022-01-17T14:00:14.475561Z,2804,3838,1,2804,3784,169169,1823851000006119,Chronic obstructive pulmonary disease confirmed,"{'SNOMED CT Concept ID': '1823851000006103', 'SNOMED CT Description ID': '1823851000006119', 'Read V2 Code': '', 'BREATHE Chronic bronchitis': 'Y', 'BREATHE Emphysema': 'Y', 'BREATHE incident COPD': 'Y', 'BREATHE prevalent COPD': 'Y', 'BREATHE COPD exacerbations': '', 'BREATHE recommended': 'Y', 'Cambridge COPD_COD (QOF v44)': '', 'LSHTM Data Compass 1601': 'Y', 'QOF v45 (2020-2021)': ''}",1,6364,Chronic obstructive pulmonary disease (COPD) Primary care -  3,"{'id': 9, 'name': 'SNOMED  CT codes', 'description': 'SNOMED CT codes'}",PH797,2221,Chronic obstructive pulmonary disease (COPD) Primary care,1
2482,6364,2022-01-17T14:00:14.475561Z,2804,3838,1,2804,3784,169170,183191000006115,Recurrent wheezy bronchitis,"{'SNOMED CT Concept ID': '195949008', 'SNOMED CT Description ID': '301450011', 'Read V2 Code': 'H30..12', 'BREATHE Chronic bronchitis': '', 'BREATHE Emphysema': '', 'BREATHE incident COPD': '', 'BREATHE prevalent COPD': '', 'BREATHE COPD exacerbations': '', 'BREATHE recommended': '', 'Cambridge COPD_COD (QOF v44)': 'Y', 'LSHTM Data Compass 1601': '', 'QOF v45 (2020-2021)': 'Y'}",1,6364,Chronic obstructive pulmonary disease (COPD) Primary care -  3,"{'id': 9, 'name': 'SNOMED  CT codes', 'description': 'SNOMED CT codes'}",PH797,2221,Chronic obstructive pulmonary disease (COPD) Primary care,1
2482,6364,2022-01-17T14:00:14.475561Z,2804,3838,1,2804,3784,169171,1834611000006117,"Dyspnoea, airflow obstn, smoking stat, exacerbatn freq index","{'SNOMED CT Concept ID': '1834611000006101', 'SNOMED CT Description ID': '1834611000006117', 'Read V2 Code': '', 'BREATHE Chronic bronchitis': '', 'BREATHE Emphysema': '', 'BREATHE incident COPD': '', 'BREATHE prevalent COPD': '', 'BREATHE COPD exacerbations': '', 'BREATHE recommended': '', 'Cambridge COPD_COD (QOF v44)': '', 'LSHTM Data Compass 1601': 'Y', 'QOF v45 (2020-2021)': ''}",1,6364,Chronic obstructive pulmonary disease (COPD) Primary care -  3,"{'id': 9, 'name': 'SNOMED  CT codes', 'description': 'SNOMED CT codes'}",PH797,2221,Chronic obstructive pulmonary disease (COPD) Primary care,1
2482,6364,2022-01-17T14:00:14.475561Z,2804,3838,1,2804,3784,169172,1856491000006119,Chronic obstructive pulmonary disease monitoring in primary care,"{'SNOMED CT Concept ID': '1856491000006103', 'SNOMED CT Description ID': '1856491000006119', 'Read V2 Code': '', 'BREATHE Chronic bronchitis': 'Y', 'BREATHE Emphysema': 'Y', 'BREATHE incident COPD': 'Y', 'BREATHE prevalent COPD': 'Y', 'BREATHE COPD exacerbations': '', 'BREATHE recommended': 'Y', 'Cambridge COPD_COD (QOF v44)': '', 'LSHTM Data Compass 1601': 'Y', 'QOF v45 (2020-2021)': ''}",1,6364,Chronic obstructive pulmonary disease (COPD) Primary care -  3,"{'id': 9, 'name': 'SNOMED  CT codes', 'description': 'SNOMED CT codes'}",PH797,2221,Chronic obstructive pulmonary disease (COPD) Primary care,1
2482,6364,2022-01-17T14:00:14.475561Z,2804,3838,1,2804,3784,169212,2716261000006117,Chronic airflow obstruction,"{'SNOMED CT Concept ID': '13645005', 'SNOMED CT Description ID': '475421018', 'Read V2 Code': '', 'BREATHE Chronic bronchitis': '', 'BREATHE Emphysema': '', 'BREATHE incident COPD': '', 'BREATHE prevalent COPD': '', 'BREATHE COPD exacerbations': '', 'BREATHE recommended': '', 'Cambridge COPD_COD (QOF v44)': 'Y', 'LSHTM Data Compass 1601': '', 'QOF v45 (2020-2021)': 'Y'}",1,6364,Chronic obstructive pulmonary disease (COPD) Primary care -  3,"{'id': 9, 'name': 'SNOMED  CT codes', 'description': 'SNOMED CT codes'}",PH797,2221,Chronic obstructive pulmonary disease (COPD) Primary care,1
2482,6364,2022-01-17T14:00:14.475561Z,2804,3838,1,2804,3784,169213,2716271000006112,CAFL - Chronic airflow limitation,"{'SNOMED CT Concept ID': '13645005', 'SNOMED CT Description ID': '475422013', 'Read V2 Code': '', 'BREATHE Chronic bronchitis': '', 'BREATHE Emphysema': '', 'BREATHE incident COPD': '', 'BREATHE prevalent COPD': '', 'BREATHE COPD exacerbations': '', 'BREATHE recommended': '', 'Cambridge COPD_COD (QOF v44)': 'Y', 'LSHTM Data Compass 1601': '', 'QOF v45 (2020-2021)': 'Y'}",1,6364,Chronic obstructive pulmonary disease (COPD) Primary care -  3,"{'id': 9, 'name': 'SNOMED  CT codes', 'description': 'SNOMED CT codes'}",PH797,2221,Chronic obstructive pulmonary disease (COPD) Primary care,1
2482,6364,2022-01-17T14:00:14.475561Z,2804,3838,1,2804,3784,169214,2716291000006113,CAO - Chronic airflow obstruction,"{'SNOMED CT Concept ID': '13645005', 'SNOMED CT Description ID': '475424014', 'Read V2 Code': '', 'BREATHE Chronic bronchitis': '', 'BREATHE Emphysema': '', 'BREATHE incident COPD': '', 'BREATHE prevalent COPD': '', 'BREATHE COPD exacerbations': '', 'BREATHE recommended': '', 'Cambridge COPD_COD (QOF v44)': 'Y', 'LSHTM Data Compass 1601': '', 'QOF v45 (2020-2021)': 'Y'}",1,6364,Chronic obstructive pulmonary disease (COPD) Primary care -  3,"{'id': 9, 'name': 'SNOMED  CT codes', 'description': 'SNOMED CT codes'}",PH797,2221,Chronic obstructive pulmonary disease (COPD) Primary care,1
2482,6364,2022-01-17T14:00:14.475561Z,2804,3838,1,2804,3784,169215,2716301000006114,Chronic airflow limitation,"{'SNOMED CT Concept ID': '13645005', 'SNOMED CT Description ID': '475425010', 'Read V2 Code': '', 'BREATHE Chronic bronchitis': '', 'BREATHE Emphysema': '', 'BREATHE incident COPD': '', 'BREATHE prevalent COPD': '', 'BREATHE COPD exacerbations': '', 'BREATHE recommended': '', 'Cambridge COPD_COD (QOF v44)': 'Y', 'LSHTM Data Compass 1601': '', 'QOF v45 (2020-2021)': 'Y'}",1,6364,Chronic obstructive pulmonary disease (COPD) Primary care -  3,"{'id': 9, 'name': 'SNOMED  CT codes', 'description': 'SNOMED CT codes'}",PH797,2221,Chronic obstructive pulmonary disease (COPD) Primary care,1
2482,6364,2022-01-17T14:00:14.475561Z,2804,3838,1,2804,3784,169257,3873191000006110,Fetid chronic bronchitis,"{'SNOMED CT Concept ID': '84409004', 'SNOMED CT Description ID': '139979010', 'Read V2 Code': '', 'BREATHE Chronic bronchitis': '', 'BREATHE Emphysema': '', 'BREATHE incident COPD': '', 'BREATHE prevalent COPD': '', 'BREATHE COPD exacerbations': '', 'BREATHE recommended': '', 'Cambridge COPD_COD (QOF v44)': 'Y', 'LSHTM Data Compass 1601': '', 'QOF v45 (2020-2021)': 'Y'}",1,6364,Chronic obstructive pulmonary disease (COPD) Primary care -  3,"{'id': 9, 'name': 'SNOMED  CT codes', 'description': 'SNOMED CT codes'}",PH797,2221,Chronic obstructive pulmonary disease (COPD) Primary care,1
2482,6364,2022-01-17T14:00:14.475561Z,2804,3838,1,2804,3784,169258,3921361000006112,Emphysema of lung,"{'SNOMED CT Concept ID': '87433001', 'SNOMED CT Description ID': '144967010', 'Read V2 Code': '', 'BREATHE Chronic bronchitis': '', 'BREATHE Emphysema': 'Y', 'BREATHE incident COPD': 'Y', 'BREATHE prevalent COPD': 'Y', 'BREATHE COPD exacerbations': '', 'BREATHE recommended': 'Y', 'Cambridge COPD_COD (QOF v44)': 'Y', 'LSHTM Data Compass 1601': '', 'QOF v45 (2020-2021)': 'Y'}",1,6364,Chronic obstructive pulmonary disease (COPD) Primary care -  3,"{'id': 9, 'name': 'SNOMED  CT codes', 'description': 'SNOMED CT codes'}",PH797,2221,Chronic obstructive pulmonary disease (COPD) Primary care,1
2482,6364,2022-01-17T14:00:14.475561Z,2804,3838,1,2804,3784,169259,3955621000006112,Catarrhal bronchitis,"{'SNOMED CT Concept ID': '89549007', 'SNOMED CT Description ID': '148474017', 'Read V2 Code': '', 'BREATHE Chronic bronchitis': '', 'BREATHE Emphysema': '', 'BREATHE incident COPD': '', 'BREATHE prevalent COPD': '', 'BREATHE COPD exacerbations': '', 'BREATHE recommended': '', 'Cambridge COPD_COD (QOF v44)': 'Y', 'LSHTM Data Compass 1601': '', 'QOF v45 (2020-2021)': 'Y'}",1,6364,Chronic obstructive pulmonary disease (COPD) Primary care -  3,"{'id': 9, 'name': 'SNOMED  CT codes', 'description': 'SNOMED CT codes'}",PH797,2221,Chronic obstructive pulmonary disease (COPD) Primary care,1
2484,6368,2022-01-17T14:00:17.881910Z,2806,3840,1,2806,3786,169325,J44.8,Other specified chronic obstructive pulmonary disease,{},1,6368,Chronic obstructive pulmonary disease (COPD) Secondary care - BREATHE recommended - 2,"{'id': 4, 'name': 'ICD10 codes', 'description': 'ICD10 Codes'}",PH798,2222,Chronic obstructive pulmonary disease (COPD) Secondary care,0
2484,6368,2022-01-17T14:00:17.881910Z,2806,3840,1,2806,3786,169326,J44.9,"Chronic obstructive pulmonary disease, unspecified",{},1,6368,Chronic obstructive pulmonary disease (COPD) Secondary care - BREATHE recommended - 2,"{'id': 4, 'name': 'ICD10 codes', 'description': 'ICD10 Codes'}",PH798,2222,Chronic obstructive pulmonary disease (COPD) Secondary care,0
2482,6364,2022-01-17T14:00:14.475561Z,2804,3838,1,2804,3784,169301,940141000006111,COPD monitoring invite 1,"{'SNOMED CT Concept ID': '940141000006107', 'SNOMED CT Description ID': '940141000006111', 'Read V2 Code': '', 'BREATHE Chronic bronchitis': 'Y', 'BREATHE Emphysema': 'Y', 'BREATHE incident COPD': 'Y', 'BREATHE prevalent COPD': 'Y', 'BREATHE COPD exacerbations': '', 'BREATHE recommended': 'Y', 'Cambridge COPD_COD (QOF v44)': '', 'LSHTM Data Compass 1601': 'Y', 'QOF v45 (2020-2021)': ''}",1,6364,Chronic obstructive pulmonary disease (COPD) Primary care -  3,"{'id': 9, 'name': 'SNOMED  CT codes', 'description': 'SNOMED CT codes'}",PH797,2221,Chronic obstructive pulmonary disease (COPD) Primary care,1
2482,6364,2022-01-17T14:00:14.475561Z,2804,3838,1,2804,3784,169302,940151000006113,COPD monitoring invite 2,"{'SNOMED CT Concept ID': '940151000006109', 'SNOMED CT Description ID': '940151000006113', 'Read V2 Code': '', 'BREATHE Chronic bronchitis': 'Y', 'BREATHE Emphysema': 'Y', 'BREATHE incident COPD': 'Y', 'BREATHE prevalent COPD': 'Y', 'BREATHE COPD exacerbations': '', 'BREATHE recommended': 'Y', 'Cambridge COPD_COD (QOF v44)': '', 'LSHTM Data Compass 1601': 'Y', 'QOF v45 (2020-2021)': ''}",1,6364,Chronic obstructive pulmonary disease (COPD) Primary care -  3,"{'id': 9, 'name': 'SNOMED  CT codes', 'description': 'SNOMED CT codes'}",PH797,2221,Chronic obstructive pulmonary disease (COPD) Primary care,1
2482,6364,2022-01-17T14:00:14.475561Z,2804,3838,1,2804,3784,169303,940161000006110,COPD monitoring invite 3,"{'SNOMED CT Concept ID': '940161000006106', 'SNOMED CT Description ID': '940161000006110', 'Read V2 Code': '', 'BREATHE Chronic bronchitis': 'Y', 'BREATHE Emphysema': 'Y', 'BREATHE incident COPD': 'Y', 'BREATHE prevalent COPD': 'Y', 'BREATHE COPD exacerbations': '', 'BREATHE recommended': 'Y', 'Cambridge COPD_COD (QOF v44)': '', 'LSHTM Data Compass 1601': 'Y', 'QOF v45 (2020-2021)': ''}",1,6364,Chronic obstructive pulmonary disease (COPD) Primary care -  3,"{'id': 9, 'name': 'SNOMED  CT codes', 'description': 'SNOMED CT codes'}",PH797,2221,Chronic obstructive pulmonary disease (COPD) Primary care,1
2483,6366,2022-01-17T14:00:14.886689Z,2805,3839,1,2805,3785,169314,R95,Chronic obstructive pulmonary disease,"{'Jakobs et al., 2020': 'Y', 'Lokke et al., 2020': 'Y', 'Savran et al., 2020': 'Y', 'Nies et al., 2021': 'Y'}",1,6366,Chronic obstructive pulmonary disease (COPD) Primary care -  4,"{'id': 20, 'name': 'ICPC-2 codes', 'description': 'ICPC-2 codes'}",PH797,2221,Chronic obstructive pulmonary disease (COPD) Primary care,1
2480,6360,2022-01-17T14:00:10.339428Z,2802,3836,1,2802,3782,168915,14B3.11,H/O: bronchitis,"{'CPRD GOLD Med': '4519', 'BREATHE Chronic bronchitis': '', 'BREATHE Emphysema': '', 'BREATHE incident COPD': '', 'BREATHE prevalent COPD': '', 'BREATHE COPD exacerbations': '', 'BREATHE recommended': '', 'Validated, Quint et al., 2014': '', 'Cambridge COP087 (QOF 2012)': '', 'Cambridge COP151 (QOF 2012)': '', 'LSHTM Data Compass 340': '', 'LSHTM Data Compass 859': '', 'LSHTM Data Compass 1134': 'Y', 'LSHTM Data Compass 1600': '', 'LSHTM Data Compass 1682': '', 'LSHTM Data Compass 2036': 'Y', 'Manchester Clinical Codes 1 (QOF v24)': '', 'Manchester Clinical Codes 2 (QOF v5)': '', 'Manchester Clinical Codes 5 (Kontopantelis et al., 2014)': '', 'Manchester Clinical Codes 6 (Doran et al., 2011)': '', 'Manchester Clinical Codes 6_QOF (Doran et al., 2011)': '', 'Manchester Clinical Codes 9 (Kontopantelis et al., 2014)': '', 'Manchester Clinical Codes 21 (Kontopantelis et al., 2015)': '', 'Manchester Clinical Codes 26 (Reilly et al., 2015)': '', 'Manchester Clinical Codes 43 (Kontopantelis et al., 2012)': '', 'Manchester Clinical Codes 43_conservative (Kontopantelis et al., 2012)': '', 'Manchester Clinical Codes 43_QOF (Kontopantelis et al., 2012)': '', 'TargetCOPD_Emis (Jordan et al., 2016)': '', 'TargetCOPD_SystemOne (Jordan et al., 2016)': '', 'QOF v36 (2016-2017)': '', 'Chen et al., 2020': '', 'Cole et al., 2020': '', 'Kerkhof et al., 2020': '', 'Patel et al., 2020': '', 'Rockenschaub et al., 2020': ''}",1,6360,Chronic obstructive pulmonary disease (COPD) Primary care -  1,"{'id': 5, 'name': 'Read codes v2', 'description': 'Read codes v2'}",PH797,2221,Chronic obstructive pulmonary disease (COPD) Primary care,1
2480,6360,2022-01-17T14:00:10.339428Z,2802,3836,1,2802,3782,168916,14B3.12,History of chronic obstructive pulmonary disease,"{'CPRD GOLD Med': '103494', 'BREATHE Chronic bronchitis': '', 'BREATHE Emphysema': '', 'BREATHE incident COPD': '', 'BREATHE prevalent COPD': '', 'BREATHE COPD exacerbations': '', 'BREATHE recommended': '', 'Validated, Quint et al., 2014': '', 'Cambridge COP087 (QOF 2012)': 'Y', 'Cambridge COP151 (QOF 2012)': 'Y', 'LSHTM Data Compass 340': '', 'LSHTM Data Compass 859': '', 'LSHTM Data Compass 1134': 'Y', 'LSHTM Data Compass 1600': '', 'LSHTM Data Compass 1682': '', 'LSHTM Data Compass 2036': 'Y', 'Manchester Clinical Codes 1 (QOF v24)': '', 'Manchester Clinical Codes 2 (QOF v5)': '', 'Manchester Clinical Codes 5 (Kontopantelis et al., 2014)': '', 'Manchester Clinical Codes 6 (Doran et al., 2011)': '', 'Manchester Clinical Codes 6_QOF (Doran et al., 2011)': '', 'Manchester Clinical Codes 9 (Kontopantelis et al., 2014)': '', 'Manchester Clinical Codes 21 (Kontopantelis et al., 2015)': '', 'Manchester Clinical Codes 26 (Reilly et al., 2015)': '', 'Manchester Clinical Codes 43 (Kontopantelis et al., 2012)': '', 'Manchester Clinical Codes 43_conservative (Kontopantelis et al., 2012)': '', 'Manchester Clinical Codes 43_QOF (Kontopantelis et al., 2012)': '', 'TargetCOPD_Emis (Jordan et al., 2016)': '', 'TargetCOPD_SystemOne (Jordan et al., 2016)': '', 'QOF v36 (2016-2017)': '', 'Chen et al., 2020': '', 'Cole et al., 2020': '', 'Kerkhof et al., 2020': '', 'Patel et al., 2020': 'Y', 'Rockenschaub et al., 2020': ''}",1,6360,Chronic obstructive pulmonary disease (COPD) Primary care -  1,"{'id': 5, 'name': 'Read codes v2', 'description': 'Read codes v2'}",PH797,2221,Chronic obstructive pulmonary disease (COPD) Primary care,1
2480,6360,2022-01-17T14:00:10.339428Z,2802,3836,1,2802,3782,168917,14OX.00,At risk of chronic obstructive pulmonary diseas exacerbation,"{'CPRD GOLD Med': '96931', 'BREATHE Chronic bronchitis': '', 'BREATHE Emphysema': '', 'BREATHE incident COPD': '', 'BREATHE prevalent COPD': '', 'BREATHE COPD exacerbations': '', 'BREATHE recommended': '', 'Validated, Quint et al., 2014': '', 'Cambridge COP087 (QOF 2012)': 'Y', 'Cambridge COP151 (QOF 2012)': 'Y', 'LSHTM Data Compass 340': 'Y', 'LSHTM Data Compass 859': 'Y', 'LSHTM Data Compass 1134': 'Y', 'LSHTM Data Compass 1600': 'Y', 'LSHTM Data Compass 1682': 'Y', 'LSHTM Data Compass 2036': 'Y', 'Manchester Clinical Codes 1 (QOF v24)': '', 'Manchester Clinical Codes 2 (QOF v5)': '', 'Manchester Clinical Codes 5 (Kontopantelis et al., 2014)': '', 'Manchester Clinical Codes 6 (Doran et al., 2011)': '', 'Manchester Clinical Codes 6_QOF (Doran et al., 2011)': '', 'Manchester Clinical Codes 9 (Kontopantelis et al., 2014)': '', 'Manchester Clinical Codes 21 (Kontopantelis et al., 2015)': '', 'Manchester Clinical Codes 26 (Reilly et al., 2015)': '', 'Manchester Clinical Codes 43 (Kontopantelis et al., 2012)': '', 'Manchester Clinical Codes 43_conservative (Kontopantelis et al., 2012)': '', 'Manchester Clinical Codes 43_QOF (Kontopantelis et al., 2012)': '', 'TargetCOPD_Emis (Jordan et al., 2016)': '', 'TargetCOPD_SystemOne (Jordan et al., 2016)': '', 'QOF v36 (2016-2017)': '', 'Chen et al., 2020': 'Y', 'Cole et al., 2020': '', 'Kerkhof et al., 2020': '', 'Patel et al., 2020': '', 'Rockenschaub et al., 2020': ''}",1,6360,Chronic obstructive pulmonary disease (COPD) Primary care -  1,"{'id': 5, 'name': 'Read codes v2', 'description': 'Read codes v2'}",PH797,2221,Chronic obstructive pulmonary disease (COPD) Primary care,1
2480,6360,2022-01-17T14:00:10.339428Z,2802,3836,1,2802,3782,168918,1J71.00,Suspected chronic obstructive pulmonary disease,"{'CPRD GOLD Med': '19434', 'BREATHE Chronic bronchitis': '', 'BREATHE Emphysema': '', 'BREATHE incident COPD': '', 'BREATHE prevalent COPD': '', 'BREATHE COPD exacerbations': '', 'BREATHE recommended': '', 'Validated, Quint et al., 2014': '', 'Cambridge COP087 (QOF 2012)': '', 'Cambridge COP151 (QOF 2012)': '', 'LSHTM Data Compass 340': '', 'LSHTM Data Compass 859': '', 'LSHTM Data Compass 1134': 'Y', 'LSHTM Data Compass 1600': '', 'LSHTM Data Compass 1682': '', 'LSHTM Data Compass 2036': 'Y', 'Manchester Clinical Codes 1 (QOF v24)': '', 'Manchester Clinical Codes 2 (QOF v5)': '', 'Manchester Clinical Codes 5 (Kontopantelis et al., 2014)': '', 'Manchester Clinical Codes 6 (Doran et al., 2011)': '', 'Manchester Clinical Codes 6_QOF (Doran et al., 2011)': '', 'Manchester Clinical Codes 9 (Kontopantelis et al., 2014)': '', 'Manchester Clinical Codes 21 (Kontopantelis et al., 2015)': '', 'Manchester Clinical Codes 26 (Reilly et al., 2015)': '', 'Manchester Clinical Codes 43 (Kontopantelis et al., 2012)': '', 'Manchester Clinical Codes 43_conservative (Kontopantelis et al., 2012)': '', 'Manchester Clinical Codes 43_QOF (Kontopantelis et al., 2012)': '', 'TargetCOPD_Emis (Jordan et al., 2016)': '', 'TargetCOPD_SystemOne (Jordan et al., 2016)': '', 'QOF v36 (2016-2017)': '', 'Chen et al., 2020': '', 'Cole et al., 2020': '', 'Kerkhof et al., 2020': '', 'Patel et al., 2020': '', 'Rockenschaub et al., 2020': ''}",1,6360,Chronic obstructive pulmonary disease (COPD) Primary care -  1,"{'id': 5, 'name': 'Read codes v2', 'description': 'Read codes v2'}",PH797,2221,Chronic obstructive pulmonary disease (COPD) Primary care,1
2480,6360,2022-01-17T14:00:10.339428Z,2802,3836,1,2802,3782,168919,2126F00,Chronic obstructive pulmonary disease resolved,"{'CPRD GOLD Med': '109683', 'BREATHE Chronic bronchitis': '', 'BREATHE Emphysema': '', 'BREATHE incident COPD': '', 'BREATHE prevalent COPD': '', 'BREATHE COPD exacerbations': '', 'BREATHE recommended': '', 'Validated, Quint et al., 2014': '', 'Cambridge COP087 (QOF 2012)': '', 'Cambridge COP151 (QOF 2012)': '', 'LSHTM Data Compass 340': '', 'LSHTM Data Compass 859': '', 'LSHTM Data Compass 1134': 'Y', 'LSHTM Data Compass 1600': '', 'LSHTM Data Compass 1682': '', 'LSHTM Data Compass 2036': 'Y', 'Manchester Clinical Codes 1 (QOF v24)': '', 'Manchester Clinical Codes 2 (QOF v5)': '', 'Manchester Clinical Codes 5 (Kontopantelis et al., 2014)': '', 'Manchester Clinical Codes 6 (Doran et al., 2011)': '', 'Manchester Clinical Codes 6_QOF (Doran et al., 2011)': '', 'Manchester Clinical Codes 9 (Kontopantelis et al., 2014)': '', 'Manchester Clinical Codes 21 (Kontopantelis et al., 2015)': '', 'Manchester Clinical Codes 26 (Reilly et al., 2015)': '', 'Manchester Clinical Codes 43 (Kontopantelis et al., 2012)': '', 'Manchester Clinical Codes 43_conservative (Kontopantelis et al., 2012)': '', 'Manchester Clinical Codes 43_QOF (Kontopantelis et al., 2012)': '', 'TargetCOPD_Emis (Jordan et al., 2016)': '', 'TargetCOPD_SystemOne (Jordan et al., 2016)': '', 'QOF v36 (2016-2017)': '', 'Chen et al., 2020': '', 'Cole et al., 2020': '', 'Kerkhof et al., 2020': '', 'Patel et al., 2020': '', 'Rockenschaub et al., 2020': ''}",1,6360,Chronic obstructive pulmonary disease (COPD) Primary care -  1,"{'id': 5, 'name': 'Read codes v2', 'description': 'Read codes v2'}",PH797,2221,Chronic obstructive pulmonary disease (COPD) Primary care,1
2480,6360,2022-01-17T14:00:10.339428Z,2802,3836,1,2802,3782,168920,38Dd.00,Clinical chronic obstructive pulmonary disease questionnaire,"{'CPRD GOLD Med': '100877', 'BREATHE Chronic bronchitis': '', 'BREATHE Emphysema': '', 'BREATHE incident COPD': '', 'BREATHE prevalent COPD': '', 'BREATHE COPD exacerbations': '', 'BREATHE recommended': '', 'Validated, Quint et al., 2014': '', 'Cambridge COP087 (QOF 2012)': '', 'Cambridge COP151 (QOF 2012)': '', 'LSHTM Data Compass 340': '', 'LSHTM Data Compass 859': '', 'LSHTM Data Compass 1134': '', 'LSHTM Data Compass 1600': '', 'LSHTM Data Compass 1682': '', 'LSHTM Data Compass 2036': '', 'Manchester Clinical Codes 1 (QOF v24)': '', 'Manchester Clinical Codes 2 (QOF v5)': '', 'Manchester Clinical Codes 5 (Kontopantelis et al., 2014)': '', 'Manchester Clinical Codes 6 (Doran et al., 2011)': '', 'Manchester Clinical Codes 6_QOF (Doran et al., 2011)': '', 'Manchester Clinical Codes 9 (Kontopantelis et al., 2014)': '', 'Manchester Clinical Codes 21 (Kontopantelis et al., 2015)': '', 'Manchester Clinical Codes 26 (Reilly et al., 2015)': '', 'Manchester Clinical Codes 43 (Kontopantelis et al., 2012)': '', 'Manchester Clinical Codes 43_conservative (Kontopantelis et al., 2012)': '', 'Manchester Clinical Codes 43_QOF (Kontopantelis et al., 2012)': '', 'TargetCOPD_Emis (Jordan et al., 2016)': '', 'TargetCOPD_SystemOne (Jordan et al., 2016)': '', 'QOF v36 (2016-2017)': '', 'Chen et al., 2020': '', 'Cole et al., 2020': '', 'Kerkhof et al., 2020': '', 'Patel et al., 2020': 'Y', 'Rockenschaub et al., 2020': ''}",1,6360,Chronic obstructive pulmonary disease (COPD) Primary care -  1,"{'id': 5, 'name': 'Read codes v2', 'description': 'Read codes v2'}",PH797,2221,Chronic obstructive pulmonary disease (COPD) Primary care,1
2480,6360,2022-01-17T14:00:10.339428Z,2802,3836,1,2802,3782,168921,38Dg.00,Chronic obstructive pulmonary disease assessment test,"{'CPRD GOLD Med': '100237', 'BREATHE Chronic bronchitis': '', 'BREATHE Emphysema': '', 'BREATHE incident COPD': '', 'BREATHE prevalent COPD': '', 'BREATHE COPD exacerbations': '', 'BREATHE recommended': '', 'Validated, Quint et al., 2014': '', 'Cambridge COP087 (QOF 2012)': '', 'Cambridge COP151 (QOF 2012)': '', 'LSHTM Data Compass 340': '', 'LSHTM Data Compass 859': '', 'LSHTM Data Compass 1134': '', 'LSHTM Data Compass 1600': '', 'LSHTM Data Compass 1682': '', 'LSHTM Data Compass 2036': '', 'Manchester Clinical Codes 1 (QOF v24)': '', 'Manchester Clinical Codes 2 (QOF v5)': '', 'Manchester Clinical Codes 5 (Kontopantelis et al., 2014)': '', 'Manchester Clinical Codes 6 (Doran et al., 2011)': '', 'Manchester Clinical Codes 6_QOF (Doran et al., 2011)': '', 'Manchester Clinical Codes 9 (Kontopantelis et al., 2014)': '', 'Manchester Clinical Codes 21 (Kontopantelis et al., 2015)': '', 'Manchester Clinical Codes 26 (Reilly et al., 2015)': '', 'Manchester Clinical Codes 43 (Kontopantelis et al., 2012)': '', 'Manchester Clinical Codes 43_conservative (Kontopantelis et al., 2012)': '', 'Manchester Clinical Codes 43_QOF (Kontopantelis et al., 2012)': '', 'TargetCOPD_Emis (Jordan et al., 2016)': '', 'TargetCOPD_SystemOne (Jordan et al., 2016)': '', 'QOF v36 (2016-2017)': '', 'Chen et al., 2020': 'Y', 'Cole et al., 2020': '', 'Kerkhof et al., 2020': '', 'Patel et al., 2020': 'Y', 'Rockenschaub et al., 2020': ''}",1,6360,Chronic obstructive pulmonary disease (COPD) Primary care -  1,"{'id': 5, 'name': 'Read codes v2', 'description': 'Read codes v2'}",PH797,2221,Chronic obstructive pulmonary disease (COPD) Primary care,1
2480,6360,2022-01-17T14:00:10.339428Z,2802,3836,1,2802,3782,168922,661M300,COPD self-management plan agreed,"{'CPRD GOLD Med': '104117', 'BREATHE Chronic bronchitis': 'Y', 'BREATHE Emphysema': 'Y', 'BREATHE incident COPD': 'Y', 'BREATHE prevalent COPD': 'Y', 'BREATHE COPD exacerbations': '', 'BREATHE recommended': 'Y', 'Validated, Quint et al., 2014': '', 'Cambridge COP087 (QOF 2012)': '', 'Cambridge COP151 (QOF 2012)': '', 'LSHTM Data Compass 340': '', 'LSHTM Data Compass 859': '', 'LSHTM Data Compass 1134': 'Y', 'LSHTM Data Compass 1600': '', 'LSHTM Data Compass 1682': '', 'LSHTM Data Compass 2036': 'Y', 'Manchester Clinical Codes 1 (QOF v24)': '', 'Manchester Clinical Codes 2 (QOF v5)': '', 'Manchester Clinical Codes 5 (Kontopantelis et al., 2014)': '', 'Manchester Clinical Codes 6 (Doran et al., 2011)': '', 'Manchester Clinical Codes 6_QOF (Doran et al., 2011)': '', 'Manchester Clinical Codes 9 (Kontopantelis et al., 2014)': '', 'Manchester Clinical Codes 21 (Kontopantelis et al., 2015)': '', 'Manchester Clinical Codes 26 (Reilly et al., 2015)': '', 'Manchester Clinical Codes 43 (Kontopantelis et al., 2012)': '', 'Manchester Clinical Codes 43_conservative (Kontopantelis et al., 2012)': '', 'Manchester Clinical Codes 43_QOF (Kontopantelis et al., 2012)': '', 'TargetCOPD_Emis (Jordan et al., 2016)': '', 'TargetCOPD_SystemOne (Jordan et al., 2016)': '', 'QOF v36 (2016-2017)': '', 'Chen et al., 2020': 'Y', 'Cole et al., 2020': '', 'Kerkhof et al., 2020': '', 'Patel et al., 2020': 'Y', 'Rockenschaub et al., 2020': ''}",1,6360,Chronic obstructive pulmonary disease (COPD) Primary care -  1,"{'id': 5, 'name': 'Read codes v2', 'description': 'Read codes v2'}",PH797,2221,Chronic obstructive pulmonary disease (COPD) Primary care,1
2480,6360,2022-01-17T14:00:10.339428Z,2802,3836,1,2802,3782,168923,661N300,COPD self-management plan review,"{'CPRD GOLD Med': '104169', 'BREATHE Chronic bronchitis': 'Y', 'BREATHE Emphysema': 'Y', 'BREATHE incident COPD': 'Y', 'BREATHE prevalent COPD': 'Y', 'BREATHE COPD exacerbations': '', 'BREATHE recommended': 'Y', 'Validated, Quint et al., 2014': '', 'Cambridge COP087 (QOF 2012)': '', 'Cambridge COP151 (QOF 2012)': '', 'LSHTM Data Compass 340': '', 'LSHTM Data Compass 859': '', 'LSHTM Data Compass 1134': 'Y', 'LSHTM Data Compass 1600': '', 'LSHTM Data Compass 1682': '', 'LSHTM Data Compass 2036': 'Y', 'Manchester Clinical Codes 1 (QOF v24)': '', 'Manchester Clinical Codes 2 (QOF v5)': '', 'Manchester Clinical Codes 5 (Kontopantelis et al., 2014)': '', 'Manchester Clinical Codes 6 (Doran et al., 2011)': '', 'Manchester Clinical Codes 6_QOF (Doran et al., 2011)': '', 'Manchester Clinical Codes 9 (Kontopantelis et al., 2014)': '', 'Manchester Clinical Codes 21 (Kontopantelis et al., 2015)': '', 'Manchester Clinical Codes 26 (Reilly et al., 2015)': '', 'Manchester Clinical Codes 43 (Kontopantelis et al., 2012)': '', 'Manchester Clinical Codes 43_conservative (Kontopantelis et al., 2012)': '', 'Manchester Clinical Codes 43_QOF (Kontopantelis et al., 2012)': '', 'TargetCOPD_Emis (Jordan et al., 2016)': '', 'TargetCOPD_SystemOne (Jordan et al., 2016)': '', 'QOF v36 (2016-2017)': '', 'Chen et al., 2020': 'Y', 'Cole et al., 2020': '', 'Kerkhof et al., 2020': '', 'Patel et al., 2020': 'Y', 'Rockenschaub et al., 2020': ''}",1,6360,Chronic obstructive pulmonary disease (COPD) Primary care -  1,"{'id': 5, 'name': 'Read codes v2', 'description': 'Read codes v2'}",PH797,2221,Chronic obstructive pulmonary disease (COPD) Primary care,1
2480,6360,2022-01-17T14:00:10.339428Z,2802,3836,1,2802,3782,168924,6639.00,Home oxygen supply,"{'CPRD GOLD Med': '21855', 'BREATHE Chronic bronchitis': '', 'BREATHE Emphysema': '', 'BREATHE incident COPD': '', 'BREATHE prevalent COPD': '', 'BREATHE COPD exacerbations': '', 'BREATHE recommended': '', 'Validated, Quint et al., 2014': '', 'Cambridge COP087 (QOF 2012)': '', 'Cambridge COP151 (QOF 2012)': '', 'LSHTM Data Compass 340': '', 'LSHTM Data Compass 859': '', 'LSHTM Data Compass 1134': '', 'LSHTM Data Compass 1600': '', 'LSHTM Data Compass 1682': '', 'LSHTM Data Compass 2036': '', 'Manchester Clinical Codes 1 (QOF v24)': '', 'Manchester Clinical Codes 2 (QOF v5)': '', 'Manchester Clinical Codes 5 (Kontopantelis et al., 2014)': '', 'Manchester Clinical Codes 6 (Doran et al., 2011)': '', 'Manchester Clinical Codes 6_QOF (Doran et al., 2011)': '', 'Manchester Clinical Codes 9 (Kontopantelis et al., 2014)': '', 'Manchester Clinical Codes 21 (Kontopantelis et al., 2015)': '', 'Manchester Clinical Codes 26 (Reilly et al., 2015)': '', 'Manchester Clinical Codes 43 (Kontopantelis et al., 2012)': '', 'Manchester Clinical Codes 43_conservative (Kontopantelis et al., 2012)': '', 'Manchester Clinical Codes 43_QOF (Kontopantelis et al., 2012)': '', 'TargetCOPD_Emis (Jordan et al., 2016)': '', 'TargetCOPD_SystemOne (Jordan et al., 2016)': '', 'QOF v36 (2016-2017)': '', 'Chen et al., 2020': 'Y', 'Cole et al., 2020': '', 'Kerkhof et al., 2020': '', 'Patel et al., 2020': '', 'Rockenschaub et al., 2020': ''}",1,6360,Chronic obstructive pulmonary disease (COPD) Primary care -  1,"{'id': 5, 'name': 'Read codes v2', 'description': 'Read codes v2'}",PH797,2221,Chronic obstructive pulmonary disease (COPD) Primary care,1
2480,6360,2022-01-17T14:00:10.339428Z,2802,3836,1,2802,3782,168925,6639.11,Home oxygen supply started,"{'CPRD GOLD Med': '34472', 'BREATHE Chronic bronchitis': '', 'BREATHE Emphysema': '', 'BREATHE incident COPD': '', 'BREATHE prevalent COPD': '', 'BREATHE COPD exacerbations': '', 'BREATHE recommended': '', 'Validated, Quint et al., 2014': '', 'Cambridge COP087 (QOF 2012)': '', 'Cambridge COP151 (QOF 2012)': '', 'LSHTM Data Compass 340': '', 'LSHTM Data Compass 859': '', 'LSHTM Data Compass 1134': '', 'LSHTM Data Compass 1600': '', 'LSHTM Data Compass 1682': '', 'LSHTM Data Compass 2036': '', 'Manchester Clinical Codes 1 (QOF v24)': '', 'Manchester Clinical Codes 2 (QOF v5)': '', 'Manchester Clinical Codes 5 (Kontopantelis et al., 2014)': '', 'Manchester Clinical Codes 6 (Doran et al., 2011)': '', 'Manchester Clinical Codes 6_QOF (Doran et al., 2011)': '', 'Manchester Clinical Codes 9 (Kontopantelis et al., 2014)': '', 'Manchester Clinical Codes 21 (Kontopantelis et al., 2015)': '', 'Manchester Clinical Codes 26 (Reilly et al., 2015)': '', 'Manchester Clinical Codes 43 (Kontopantelis et al., 2012)': '', 'Manchester Clinical Codes 43_conservative (Kontopantelis et al., 2012)': '', 'Manchester Clinical Codes 43_QOF (Kontopantelis et al., 2012)': '', 'TargetCOPD_Emis (Jordan et al., 2016)': '', 'TargetCOPD_SystemOne (Jordan et al., 2016)': '', 'QOF v36 (2016-2017)': '', 'Chen et al., 2020': 'Y', 'Cole et al., 2020': '', 'Kerkhof et al., 2020': '', 'Patel et al., 2020': '', 'Rockenschaub et al., 2020': ''}",1,6360,Chronic obstructive pulmonary disease (COPD) Primary care -  1,"{'id': 5, 'name': 'Read codes v2', 'description': 'Read codes v2'}",PH797,2221,Chronic obstructive pulmonary disease (COPD) Primary care,1
2480,6360,2022-01-17T14:00:10.339428Z,2802,3836,1,2802,3782,168926,6639.12,Oxygen at home,"{'CPRD GOLD Med': '8417', 'BREATHE Chronic bronchitis': '', 'BREATHE Emphysema': '', 'BREATHE incident COPD': '', 'BREATHE prevalent COPD': '', 'BREATHE COPD exacerbations': '', 'BREATHE recommended': '', 'Validated, Quint et al., 2014': '', 'Cambridge COP087 (QOF 2012)': '', 'Cambridge COP151 (QOF 2012)': '', 'LSHTM Data Compass 340': '', 'LSHTM Data Compass 859': '', 'LSHTM Data Compass 1134': '', 'LSHTM Data Compass 1600': '', 'LSHTM Data Compass 1682': '', 'LSHTM Data Compass 2036': '', 'Manchester Clinical Codes 1 (QOF v24)': '', 'Manchester Clinical Codes 2 (QOF v5)': '', 'Manchester Clinical Codes 5 (Kontopantelis et al., 2014)': '', 'Manchester Clinical Codes 6 (Doran et al., 2011)': '', 'Manchester Clinical Codes 6_QOF (Doran et al., 2011)': '', 'Manchester Clinical Codes 9 (Kontopantelis et al., 2014)': '', 'Manchester Clinical Codes 21 (Kontopantelis et al., 2015)': '', 'Manchester Clinical Codes 26 (Reilly et al., 2015)': '', 'Manchester Clinical Codes 43 (Kontopantelis et al., 2012)': '', 'Manchester Clinical Codes 43_conservative (Kontopantelis et al., 2012)': '', 'Manchester Clinical Codes 43_QOF (Kontopantelis et al., 2012)': '', 'TargetCOPD_Emis (Jordan et al., 2016)': '', 'TargetCOPD_SystemOne (Jordan et al., 2016)': '', 'QOF v36 (2016-2017)': '', 'Chen et al., 2020': 'Y', 'Cole et al., 2020': '', 'Kerkhof et al., 2020': '', 'Patel et al., 2020': '', 'Rockenschaub et al., 2020': ''}",1,6360,Chronic obstructive pulmonary disease (COPD) Primary care -  1,"{'id': 5, 'name': 'Read codes v2', 'description': 'Read codes v2'}",PH797,2221,Chronic obstructive pulmonary disease (COPD) Primary care,1
2480,6360,2022-01-17T14:00:10.339428Z,2802,3836,1,2802,3782,168927,663E.00,Home oxygen supply stopped,"{'CPRD GOLD Med': '37030', 'BREATHE Chronic bronchitis': '', 'BREATHE Emphysema': '', 'BREATHE incident COPD': '', 'BREATHE prevalent COPD': '', 'BREATHE COPD exacerbations': '', 'BREATHE recommended': '', 'Validated, Quint et al., 2014': '', 'Cambridge COP087 (QOF 2012)': '', 'Cambridge COP151 (QOF 2012)': '', 'LSHTM Data Compass 340': '', 'LSHTM Data Compass 859': '', 'LSHTM Data Compass 1134': '', 'LSHTM Data Compass 1600': '', 'LSHTM Data Compass 1682': '', 'LSHTM Data Compass 2036': '', 'Manchester Clinical Codes 1 (QOF v24)': '', 'Manchester Clinical Codes 2 (QOF v5)': '', 'Manchester Clinical Codes 5 (Kontopantelis et al., 2014)': '', 'Manchester Clinical Codes 6 (Doran et al., 2011)': '', 'Manchester Clinical Codes 6_QOF (Doran et al., 2011)': '', 'Manchester Clinical Codes 9 (Kontopantelis et al., 2014)': '', 'Manchester Clinical Codes 21 (Kontopantelis et al., 2015)': '', 'Manchester Clinical Codes 26 (Reilly et al., 2015)': '', 'Manchester Clinical Codes 43 (Kontopantelis et al., 2012)': '', 'Manchester Clinical Codes 43_conservative (Kontopantelis et al., 2012)': '', 'Manchester Clinical Codes 43_QOF (Kontopantelis et al., 2012)': '', 'TargetCOPD_Emis (Jordan et al., 2016)': '', 'TargetCOPD_SystemOne (Jordan et al., 2016)': '', 'QOF v36 (2016-2017)': '', 'Chen et al., 2020': 'Y', 'Cole et al., 2020': '', 'Kerkhof et al., 2020': '', 'Patel et al., 2020': '', 'Rockenschaub et al., 2020': ''}",1,6360,Chronic obstructive pulmonary disease (COPD) Primary care -  1,"{'id': 5, 'name': 'Read codes v2', 'description': 'Read codes v2'}",PH797,2221,Chronic obstructive pulmonary disease (COPD) Primary care,1
2480,6360,2022-01-17T14:00:10.339428Z,2802,3836,1,2802,3782,168877,663K.00,Airways obstructn irreversible,"{'CPRD GOLD Med': '4084', 'BREATHE Chronic bronchitis': 'Y', 'BREATHE Emphysema': 'Y', 'BREATHE incident COPD': 'Y', 'BREATHE prevalent COPD': 'Y', 'BREATHE COPD exacerbations': '', 'BREATHE recommended': 'Y', 'Validated, Quint et al., 2014': 'Y', 'Cambridge COP087 (QOF 2012)': '', 'Cambridge COP151 (QOF 2012)': '', 'LSHTM Data Compass 340': '', 'LSHTM Data Compass 859': '', 'LSHTM Data Compass 1134': 'Y', 'LSHTM Data Compass 1600': '', 'LSHTM Data Compass 1682': '', 'LSHTM Data Compass 2036': 'Y', 'Manchester Clinical Codes 1 (QOF v24)': '', 'Manchester Clinical Codes 2 (QOF v5)': '', 'Manchester Clinical Codes 5 (Kontopantelis et al., 2014)': '', 'Manchester Clinical Codes 6 (Doran et al., 2011)': '', 'Manchester Clinical Codes 6_QOF (Doran et al., 2011)': '', 'Manchester Clinical Codes 9 (Kontopantelis et al., 2014)': '', 'Manchester Clinical Codes 21 (Kontopantelis et al., 2015)': '', 'Manchester Clinical Codes 26 (Reilly et al., 2015)': '', 'Manchester Clinical Codes 43 (Kontopantelis et al., 2012)': '', 'Manchester Clinical Codes 43_conservative (Kontopantelis et al., 2012)': '', 'Manchester Clinical Codes 43_QOF (Kontopantelis et al., 2012)': '', 'TargetCOPD_Emis (Jordan et al., 2016)': '', 'TargetCOPD_SystemOne (Jordan et al., 2016)': '', 'QOF v36 (2016-2017)': '', 'Chen et al., 2020': 'Y', 'Cole et al., 2020': '', 'Kerkhof et al., 2020': '', 'Patel et al., 2020': '', 'Rockenschaub et al., 2020': ''}",1,6360,Chronic obstructive pulmonary disease (COPD) Primary care -  1,"{'id': 5, 'name': 'Read codes v2', 'description': 'Read codes v2'}",PH797,2221,Chronic obstructive pulmonary disease (COPD) Primary care,1
2480,6360,2022-01-17T14:00:10.339428Z,2802,3836,1,2802,3782,168878,66YB.00,Chronic obstructive pulmonary disease monitoring,"{'CPRD GOLD Med': '9520', 'BREATHE Chronic bronchitis': 'Y', 'BREATHE Emphysema': 'Y', 'BREATHE incident COPD': 'Y', 'BREATHE prevalent COPD': 'Y', 'BREATHE COPD exacerbations': '', 'BREATHE recommended': 'Y', 'Validated, Quint et al., 2014': 'Y', 'Cambridge COP087 (QOF 2012)': '', 'Cambridge COP151 (QOF 2012)': '', 'LSHTM Data Compass 340': 'Y', 'LSHTM Data Compass 859': 'Y', 'LSHTM Data Compass 1134': 'Y', 'LSHTM Data Compass 1600': 'Y', 'LSHTM Data Compass 1682': 'Y', 'LSHTM Data Compass 2036': 'Y', 'Manchester Clinical Codes 1 (QOF v24)': '', 'Manchester Clinical Codes 2 (QOF v5)': '', 'Manchester Clinical Codes 5 (Kontopantelis et al., 2014)': '', 'Manchester Clinical Codes 6 (Doran et al., 2011)': 'Y', 'Manchester Clinical Codes 6_QOF (Doran et al., 2011)': '', 'Manchester Clinical Codes 9 (Kontopantelis et al., 2014)': '', 'Manchester Clinical Codes 21 (Kontopantelis et al., 2015)': '', 'Manchester Clinical Codes 26 (Reilly et al., 2015)': '', 'Manchester Clinical Codes 43 (Kontopantelis et al., 2012)': 'Y', 'Manchester Clinical Codes 43_conservative (Kontopantelis et al., 2012)': '', 'Manchester Clinical Codes 43_QOF (Kontopantelis et al., 2012)': '', 'TargetCOPD_Emis (Jordan et al., 2016)': '', 'TargetCOPD_SystemOne (Jordan et al., 2016)': '', 'QOF v36 (2016-2017)': '', 'Chen et al., 2020': 'Y', 'Cole et al., 2020': '', 'Kerkhof et al., 2020': '', 'Patel et al., 2020': 'Y', 'Rockenschaub et al., 2020': ''}",1,6360,Chronic obstructive pulmonary disease (COPD) Primary care -  1,"{'id': 5, 'name': 'Read codes v2', 'description': 'Read codes v2'}",PH797,2221,Chronic obstructive pulmonary disease (COPD) Primary care,1
2480,6360,2022-01-17T14:00:10.339428Z,2802,3836,1,2802,3782,168928,66YB000,Chronic obstructive pulmonary disease 3 monthly review,"{'CPRD GOLD Med': '102685', 'BREATHE Chronic bronchitis': 'Y', 'BREATHE Emphysema': 'Y', 'BREATHE incident COPD': 'Y', 'BREATHE prevalent COPD': 'Y', 'BREATHE COPD exacerbations': '', 'BREATHE recommended': 'Y', 'Validated, Quint et al., 2014': '', 'Cambridge COP087 (QOF 2012)': '', 'Cambridge COP151 (QOF 2012)': '', 'LSHTM Data Compass 340': 'Y', 'LSHTM Data Compass 859': 'Y', 'LSHTM Data Compass 1134': 'Y', 'LSHTM Data Compass 1600': 'Y', 'LSHTM Data Compass 1682': 'Y', 'LSHTM Data Compass 2036': 'Y', 'Manchester Clinical Codes 1 (QOF v24)': '', 'Manchester Clinical Codes 2 (QOF v5)': '', 'Manchester Clinical Codes 5 (Kontopantelis et al., 2014)': '', 'Manchester Clinical Codes 6 (Doran et al., 2011)': '', 'Manchester Clinical Codes 6_QOF (Doran et al., 2011)': '', 'Manchester Clinical Codes 9 (Kontopantelis et al., 2014)': '', 'Manchester Clinical Codes 21 (Kontopantelis et al., 2015)': '', 'Manchester Clinical Codes 26 (Reilly et al., 2015)': '', 'Manchester Clinical Codes 43 (Kontopantelis et al., 2012)': '', 'Manchester Clinical Codes 43_conservative (Kontopantelis et al., 2012)': '', 'Manchester Clinical Codes 43_QOF (Kontopantelis et al., 2012)': '', 'TargetCOPD_Emis (Jordan et al., 2016)': '', 'TargetCOPD_SystemOne (Jordan et al., 2016)': '', 'QOF v36 (2016-2017)': '', 'Chen et al., 2020': 'Y', 'Cole et al., 2020': '', 'Kerkhof et al., 2020': '', 'Patel et al., 2020': 'Y', 'Rockenschaub et al., 2020': ''}",1,6360,Chronic obstructive pulmonary disease (COPD) Primary care -  1,"{'id': 5, 'name': 'Read codes v2', 'description': 'Read codes v2'}",PH797,2221,Chronic obstructive pulmonary disease (COPD) Primary care,1
2480,6360,2022-01-17T14:00:10.339428Z,2802,3836,1,2802,3782,168929,66YB100,Chronic obstructive pulmonary disease 6 monthly review,"{'CPRD GOLD Med': '103007', 'BREATHE Chronic bronchitis': 'Y', 'BREATHE Emphysema': 'Y', 'BREATHE incident COPD': 'Y', 'BREATHE prevalent COPD': 'Y', 'BREATHE COPD exacerbations': '', 'BREATHE recommended': 'Y', 'Validated, Quint et al., 2014': '', 'Cambridge COP087 (QOF 2012)': '', 'Cambridge COP151 (QOF 2012)': '', 'LSHTM Data Compass 340': 'Y', 'LSHTM Data Compass 859': 'Y', 'LSHTM Data Compass 1134': 'Y', 'LSHTM Data Compass 1600': 'Y', 'LSHTM Data Compass 1682': 'Y', 'LSHTM Data Compass 2036': 'Y', 'Manchester Clinical Codes 1 (QOF v24)': '', 'Manchester Clinical Codes 2 (QOF v5)': '', 'Manchester Clinical Codes 5 (Kontopantelis et al., 2014)': '', 'Manchester Clinical Codes 6 (Doran et al., 2011)': '', 'Manchester Clinical Codes 6_QOF (Doran et al., 2011)': '', 'Manchester Clinical Codes 9 (Kontopantelis et al., 2014)': '', 'Manchester Clinical Codes 21 (Kontopantelis et al., 2015)': '', 'Manchester Clinical Codes 26 (Reilly et al., 2015)': '', 'Manchester Clinical Codes 43 (Kontopantelis et al., 2012)': '', 'Manchester Clinical Codes 43_conservative (Kontopantelis et al., 2012)': '', 'Manchester Clinical Codes 43_QOF (Kontopantelis et al., 2012)': '', 'TargetCOPD_Emis (Jordan et al., 2016)': '', 'TargetCOPD_SystemOne (Jordan et al., 2016)': '', 'QOF v36 (2016-2017)': '', 'Chen et al., 2020': 'Y', 'Cole et al., 2020': '', 'Kerkhof et al., 2020': '', 'Patel et al., 2020': 'Y', 'Rockenschaub et al., 2020': ''}",1,6360,Chronic obstructive pulmonary disease (COPD) Primary care -  1,"{'id': 5, 'name': 'Read codes v2', 'description': 'Read codes v2'}",PH797,2221,Chronic obstructive pulmonary disease (COPD) Primary care,1
2480,6360,2022-01-17T14:00:10.339428Z,2802,3836,1,2802,3782,168883,66YS.00,Chronic obstructive pulmonary disease monitoring by nurse,"{'CPRD GOLD Med': '26018', 'BREATHE Chronic bronchitis': 'Y', 'BREATHE Emphysema': 'Y', 'BREATHE incident COPD': 'Y', 'BREATHE prevalent COPD': 'Y', 'BREATHE COPD exacerbations': '', 'BREATHE recommended': 'Y', 'Validated, Quint et al., 2014': 'Y', 'Cambridge COP087 (QOF 2012)': '', 'Cambridge COP151 (QOF 2012)': '', 'LSHTM Data Compass 340': 'Y', 'LSHTM Data Compass 859': 'Y', 'LSHTM Data Compass 1134': 'Y', 'LSHTM Data Compass 1600': 'Y', 'LSHTM Data Compass 1682': 'Y', 'LSHTM Data Compass 2036': 'Y', 'Manchester Clinical Codes 1 (QOF v24)': '', 'Manchester Clinical Codes 2 (QOF v5)': '', 'Manchester Clinical Codes 5 (Kontopantelis et al., 2014)': '', 'Manchester Clinical Codes 6 (Doran et al., 2011)': 'Y', 'Manchester Clinical Codes 6_QOF (Doran et al., 2011)': '', 'Manchester Clinical Codes 9 (Kontopantelis et al., 2014)': '', 'Manchester Clinical Codes 21 (Kontopantelis et al., 2015)': '', 'Manchester Clinical Codes 26 (Reilly et al., 2015)': '', 'Manchester Clinical Codes 43 (Kontopantelis et al., 2012)': 'Y', 'Manchester Clinical Codes 43_conservative (Kontopantelis et al., 2012)': '', 'Manchester Clinical Codes 43_QOF (Kontopantelis et al., 2012)': '', 'TargetCOPD_Emis (Jordan et al., 2016)': '', 'TargetCOPD_SystemOne (Jordan et al., 2016)': '', 'QOF v36 (2016-2017)': '', 'Chen et al., 2020': 'Y', 'Cole et al., 2020': '', 'Kerkhof et al., 2020': '', 'Patel et al., 2020': 'Y', 'Rockenschaub et al., 2020': ''}",1,6360,Chronic obstructive pulmonary disease (COPD) Primary care -  1,"{'id': 5, 'name': 'Read codes v2', 'description': 'Read codes v2'}",PH797,2221,Chronic obstructive pulmonary disease (COPD) Primary care,1
2480,6360,2022-01-17T14:00:10.339428Z,2802,3836,1,2802,3782,168884,66YT.00,Chronic obstructive pulmonary disease monitoring by doctor,"{'CPRD GOLD Med': '45998', 'BREATHE Chronic bronchitis': 'Y', 'BREATHE Emphysema': 'Y', 'BREATHE incident COPD': 'Y', 'BREATHE prevalent COPD': 'Y', 'BREATHE COPD exacerbations': '', 'BREATHE recommended': 'Y', 'Validated, Quint et al., 2014': 'Y', 'Cambridge COP087 (QOF 2012)': '', 'Cambridge COP151 (QOF 2012)': '', 'LSHTM Data Compass 340': 'Y', 'LSHTM Data Compass 859': 'Y', 'LSHTM Data Compass 1134': 'Y', 'LSHTM Data Compass 1600': 'Y', 'LSHTM Data Compass 1682': 'Y', 'LSHTM Data Compass 2036': 'Y', 'Manchester Clinical Codes 1 (QOF v24)': '', 'Manchester Clinical Codes 2 (QOF v5)': '', 'Manchester Clinical Codes 5 (Kontopantelis et al., 2014)': '', 'Manchester Clinical Codes 6 (Doran et al., 2011)': 'Y', 'Manchester Clinical Codes 6_QOF (Doran et al., 2011)': '', 'Manchester Clinical Codes 9 (Kontopantelis et al., 2014)': '', 'Manchester Clinical Codes 21 (Kontopantelis et al., 2015)': '', 'Manchester Clinical Codes 26 (Reilly et al., 2015)': '', 'Manchester Clinical Codes 43 (Kontopantelis et al., 2012)': 'Y', 'Manchester Clinical Codes 43_conservative (Kontopantelis et al., 2012)': '', 'Manchester Clinical Codes 43_QOF (Kontopantelis et al., 2012)': '', 'TargetCOPD_Emis (Jordan et al., 2016)': '', 'TargetCOPD_SystemOne (Jordan et al., 2016)': '', 'QOF v36 (2016-2017)': '', 'Chen et al., 2020': 'Y', 'Cole et al., 2020': '', 'Kerkhof et al., 2020': '', 'Patel et al., 2020': 'Y', 'Rockenschaub et al., 2020': ''}",1,6360,Chronic obstructive pulmonary disease (COPD) Primary care -  1,"{'id': 5, 'name': 'Read codes v2', 'description': 'Read codes v2'}",PH797,2221,Chronic obstructive pulmonary disease (COPD) Primary care,1
2480,6360,2022-01-17T14:00:10.339428Z,2802,3836,1,2802,3782,168887,679V.00,Health education - chronic obstructive pulmonary disease,"{'CPRD GOLD Med': '42313', 'BREATHE Chronic bronchitis': 'Y', 'BREATHE Emphysema': 'Y', 'BREATHE incident COPD': 'Y', 'BREATHE prevalent COPD': 'Y', 'BREATHE COPD exacerbations': '', 'BREATHE recommended': 'Y', 'Validated, Quint et al., 2014': 'Y', 'Cambridge COP087 (QOF 2012)': '', 'Cambridge COP151 (QOF 2012)': '', 'LSHTM Data Compass 340': '', 'LSHTM Data Compass 859': '', 'LSHTM Data Compass 1134': '', 'LSHTM Data Compass 1600': '', 'LSHTM Data Compass 1682': '', 'LSHTM Data Compass 2036': '', 'Manchester Clinical Codes 1 (QOF v24)': '', 'Manchester Clinical Codes 2 (QOF v5)': '', 'Manchester Clinical Codes 5 (Kontopantelis et al., 2014)': '', 'Manchester Clinical Codes 6 (Doran et al., 2011)': '', 'Manchester Clinical Codes 6_QOF (Doran et al., 2011)': '', 'Manchester Clinical Codes 9 (Kontopantelis et al., 2014)': '', 'Manchester Clinical Codes 21 (Kontopantelis et al., 2015)': '', 'Manchester Clinical Codes 26 (Reilly et al., 2015)': '', 'Manchester Clinical Codes 43 (Kontopantelis et al., 2012)': '', 'Manchester Clinical Codes 43_conservative (Kontopantelis et al., 2012)': '', 'Manchester Clinical Codes 43_QOF (Kontopantelis et al., 2012)': '', 'TargetCOPD_Emis (Jordan et al., 2016)': '', 'TargetCOPD_SystemOne (Jordan et al., 2016)': '', 'QOF v36 (2016-2017)': '', 'Chen et al., 2020': 'Y', 'Cole et al., 2020': '', 'Kerkhof et al., 2020': '', 'Patel et al., 2020': 'Y', 'Rockenschaub et al., 2020': ''}",1,6360,Chronic obstructive pulmonary disease (COPD) Primary care -  1,"{'id': 5, 'name': 'Read codes v2', 'description': 'Read codes v2'}",PH797,2221,Chronic obstructive pulmonary disease (COPD) Primary care,1
2480,6360,2022-01-17T14:00:10.339428Z,2802,3836,1,2802,3782,168942,8BMa000,Chronic obstructiv pulmonary disease medication optimisation,"{'CPRD GOLD Med': '103678', 'BREATHE Chronic bronchitis': '', 'BREATHE Emphysema': '', 'BREATHE incident COPD': '', 'BREATHE prevalent COPD': '', 'BREATHE COPD exacerbations': '', 'BREATHE recommended': '', 'Validated, Quint et al., 2014': '', 'Cambridge COP087 (QOF 2012)': '', 'Cambridge COP151 (QOF 2012)': '', 'LSHTM Data Compass 340': '', 'LSHTM Data Compass 859': '', 'LSHTM Data Compass 1134': '', 'LSHTM Data Compass 1600': '', 'LSHTM Data Compass 1682': '', 'LSHTM Data Compass 2036': '', 'Manchester Clinical Codes 1 (QOF v24)': '', 'Manchester Clinical Codes 2 (QOF v5)': '', 'Manchester Clinical Codes 5 (Kontopantelis et al., 2014)': '', 'Manchester Clinical Codes 6 (Doran et al., 2011)': '', 'Manchester Clinical Codes 6_QOF (Doran et al., 2011)': '', 'Manchester Clinical Codes 9 (Kontopantelis et al., 2014)': '', 'Manchester Clinical Codes 21 (Kontopantelis et al., 2015)': '', 'Manchester Clinical Codes 26 (Reilly et al., 2015)': '', 'Manchester Clinical Codes 43 (Kontopantelis et al., 2012)': '', 'Manchester Clinical Codes 43_conservative (Kontopantelis et al., 2012)': '', 'Manchester Clinical Codes 43_QOF (Kontopantelis et al., 2012)': '', 'TargetCOPD_Emis (Jordan et al., 2016)': '', 'TargetCOPD_SystemOne (Jordan et al., 2016)': '', 'QOF v36 (2016-2017)': '', 'Chen et al., 2020': 'Y', 'Cole et al., 2020': '', 'Kerkhof et al., 2020': '', 'Patel et al., 2020': '', 'Rockenschaub et al., 2020': ''}",1,6360,Chronic obstructive pulmonary disease (COPD) Primary care -  1,"{'id': 5, 'name': 'Read codes v2', 'description': 'Read codes v2'}",PH797,2221,Chronic obstructive pulmonary disease (COPD) Primary care,1
2480,6360,2022-01-17T14:00:10.339428Z,2802,3836,1,2802,3782,168941,8BMW.00,Issue of chronic obstructive pulmonary disease rescue pack,"{'CPRD GOLD Med': '101042', 'BREATHE Chronic bronchitis': '', 'BREATHE Emphysema': '', 'BREATHE incident COPD': '', 'BREATHE prevalent COPD': '', 'BREATHE COPD exacerbations': '', 'BREATHE recommended': '', 'Validated, Quint et al., 2014': '', 'Cambridge COP087 (QOF 2012)': '', 'Cambridge COP151 (QOF 2012)': '', 'LSHTM Data Compass 340': 'Y', 'LSHTM Data Compass 859': 'Y', 'LSHTM Data Compass 1134': 'Y', 'LSHTM Data Compass 1600': 'Y', 'LSHTM Data Compass 1682': 'Y', 'LSHTM Data Compass 2036': 'Y', 'Manchester Clinical Codes 1 (QOF v24)': '', 'Manchester Clinical Codes 2 (QOF v5)': '', 'Manchester Clinical Codes 5 (Kontopantelis et al., 2014)': '', 'Manchester Clinical Codes 6 (Doran et al., 2011)': '', 'Manchester Clinical Codes 6_QOF (Doran et al., 2011)': '', 'Manchester Clinical Codes 9 (Kontopantelis et al., 2014)': '', 'Manchester Clinical Codes 21 (Kontopantelis et al., 2015)': '', 'Manchester Clinical Codes 26 (Reilly et al., 2015)': '', 'Manchester Clinical Codes 43 (Kontopantelis et al., 2012)': '', 'Manchester Clinical Codes 43_conservative (Kontopantelis et al., 2012)': '', 'Manchester Clinical Codes 43_QOF (Kontopantelis et al., 2012)': '', 'TargetCOPD_Emis (Jordan et al., 2016)': '', 'TargetCOPD_SystemOne (Jordan et al., 2016)': '', 'QOF v36 (2016-2017)': '', 'Chen et al., 2020': 'Y', 'Cole et al., 2020': '', 'Kerkhof et al., 2020': '', 'Patel et al., 2020': '', 'Rockenschaub et al., 2020': ''}",1,6360,Chronic obstructive pulmonary disease (COPD) Primary care -  1,"{'id': 5, 'name': 'Read codes v2', 'description': 'Read codes v2'}",PH797,2221,Chronic obstructive pulmonary disease (COPD) Primary care,1
2480,6360,2022-01-17T14:00:10.339428Z,2802,3836,1,2802,3782,168943,8CE6.00,Chronic obstructive pulmonary disease leaflet given,"{'CPRD GOLD Med': '19721', 'BREATHE Chronic bronchitis': '', 'BREATHE Emphysema': '', 'BREATHE incident COPD': '', 'BREATHE prevalent COPD': '', 'BREATHE COPD exacerbations': '', 'BREATHE recommended': '', 'Validated, Quint et al., 2014': '', 'Cambridge COP087 (QOF 2012)': '', 'Cambridge COP151 (QOF 2012)': '', 'LSHTM Data Compass 340': '', 'LSHTM Data Compass 859': '', 'LSHTM Data Compass 1134': 'Y', 'LSHTM Data Compass 1600': '', 'LSHTM Data Compass 1682': '', 'LSHTM Data Compass 2036': 'Y', 'Manchester Clinical Codes 1 (QOF v24)': '', 'Manchester Clinical Codes 2 (QOF v5)': '', 'Manchester Clinical Codes 5 (Kontopantelis et al., 2014)': '', 'Manchester Clinical Codes 6 (Doran et al., 2011)': '', 'Manchester Clinical Codes 6_QOF (Doran et al., 2011)': '', 'Manchester Clinical Codes 9 (Kontopantelis et al., 2014)': '', 'Manchester Clinical Codes 21 (Kontopantelis et al., 2015)': '', 'Manchester Clinical Codes 26 (Reilly et al., 2015)': '', 'Manchester Clinical Codes 43 (Kontopantelis et al., 2012)': '', 'Manchester Clinical Codes 43_conservative (Kontopantelis et al., 2012)': '', 'Manchester Clinical Codes 43_QOF (Kontopantelis et al., 2012)': '', 'TargetCOPD_Emis (Jordan et al., 2016)': '', 'TargetCOPD_SystemOne (Jordan et al., 2016)': '', 'QOF v36 (2016-2017)': '', 'Chen et al., 2020': '', 'Cole et al., 2020': '', 'Kerkhof et al., 2020': '', 'Patel et al., 2020': '', 'Rockenschaub et al., 2020': ''}",1,6360,Chronic obstructive pulmonary disease (COPD) Primary care -  1,"{'id': 5, 'name': 'Read codes v2', 'description': 'Read codes v2'}",PH797,2221,Chronic obstructive pulmonary disease (COPD) Primary care,1
2480,6360,2022-01-17T14:00:10.339428Z,2802,3836,1,2802,3782,168946,8CeD.00,Preferred place of care for next exacerbation of COPD,"{'CPRD GOLD Med': '103558', 'BREATHE Chronic bronchitis': '', 'BREATHE Emphysema': '', 'BREATHE incident COPD': '', 'BREATHE prevalent COPD': '', 'BREATHE COPD exacerbations': '', 'BREATHE recommended': '', 'Validated, Quint et al., 2014': '', 'Cambridge COP087 (QOF 2012)': '', 'Cambridge COP151 (QOF 2012)': '', 'LSHTM Data Compass 340': '', 'LSHTM Data Compass 859': '', 'LSHTM Data Compass 1134': 'Y', 'LSHTM Data Compass 1600': '', 'LSHTM Data Compass 1682': '', 'LSHTM Data Compass 2036': 'Y', 'Manchester Clinical Codes 1 (QOF v24)': '', 'Manchester Clinical Codes 2 (QOF v5)': '', 'Manchester Clinical Codes 5 (Kontopantelis et al., 2014)': '', 'Manchester Clinical Codes 6 (Doran et al., 2011)': '', 'Manchester Clinical Codes 6_QOF (Doran et al., 2011)': '', 'Manchester Clinical Codes 9 (Kontopantelis et al., 2014)': '', 'Manchester Clinical Codes 21 (Kontopantelis et al., 2015)': '', 'Manchester Clinical Codes 26 (Reilly et al., 2015)': '', 'Manchester Clinical Codes 43 (Kontopantelis et al., 2012)': '', 'Manchester Clinical Codes 43_conservative (Kontopantelis et al., 2012)': '', 'Manchester Clinical Codes 43_QOF (Kontopantelis et al., 2012)': '', 'TargetCOPD_Emis (Jordan et al., 2016)': '', 'TargetCOPD_SystemOne (Jordan et al., 2016)': '', 'QOF v36 (2016-2017)': '', 'Chen et al., 2020': 'Y', 'Cole et al., 2020': '', 'Kerkhof et al., 2020': '', 'Patel et al., 2020': '', 'Rockenschaub et al., 2020': ''}",1,6360,Chronic obstructive pulmonary disease (COPD) Primary care -  1,"{'id': 5, 'name': 'Read codes v2', 'description': 'Read codes v2'}",PH797,2221,Chronic obstructive pulmonary disease (COPD) Primary care,1
2480,6360,2022-01-17T14:00:10.339428Z,2802,3836,1,2802,3782,168944,8CMV.00,Has chronic obstructive pulmonary disease care plan,"{'CPRD GOLD Med': '104481', 'BREATHE Chronic bronchitis': '', 'BREATHE Emphysema': '', 'BREATHE incident COPD': '', 'BREATHE prevalent COPD': '', 'BREATHE COPD exacerbations': '', 'BREATHE recommended': '', 'Validated, Quint et al., 2014': '', 'Cambridge COP087 (QOF 2012)': '', 'Cambridge COP151 (QOF 2012)': '', 'LSHTM Data Compass 340': '', 'LSHTM Data Compass 859': '', 'LSHTM Data Compass 1134': 'Y', 'LSHTM Data Compass 1600': '', 'LSHTM Data Compass 1682': '', 'LSHTM Data Compass 2036': 'Y', 'Manchester Clinical Codes 1 (QOF v24)': '', 'Manchester Clinical Codes 2 (QOF v5)': '', 'Manchester Clinical Codes 5 (Kontopantelis et al., 2014)': '', 'Manchester Clinical Codes 6 (Doran et al., 2011)': '', 'Manchester Clinical Codes 6_QOF (Doran et al., 2011)': '', 'Manchester Clinical Codes 9 (Kontopantelis et al., 2014)': '', 'Manchester Clinical Codes 21 (Kontopantelis et al., 2015)': '', 'Manchester Clinical Codes 26 (Reilly et al., 2015)': '', 'Manchester Clinical Codes 43 (Kontopantelis et al., 2012)': '', 'Manchester Clinical Codes 43_conservative (Kontopantelis et al., 2012)': '', 'Manchester Clinical Codes 43_QOF (Kontopantelis et al., 2012)': '', 'TargetCOPD_Emis (Jordan et al., 2016)': '', 'TargetCOPD_SystemOne (Jordan et al., 2016)': '', 'QOF v36 (2016-2017)': '', 'Chen et al., 2020': 'Y', 'Cole et al., 2020': '', 'Kerkhof et al., 2020': '', 'Patel et al., 2020': 'Y', 'Rockenschaub et al., 2020': ''}",1,6360,Chronic obstructive pulmonary disease (COPD) Primary care -  1,"{'id': 5, 'name': 'Read codes v2', 'description': 'Read codes v2'}",PH797,2221,Chronic obstructive pulmonary disease (COPD) Primary care,1
2480,6360,2022-01-17T14:00:10.339428Z,2802,3836,1,2802,3782,168945,8CMW500,Chronic obstructive pulmonary disease care pathway,"{'CPRD GOLD Med': '105457', 'BREATHE Chronic bronchitis': 'Y', 'BREATHE Emphysema': 'Y', 'BREATHE incident COPD': 'Y', 'BREATHE prevalent COPD': 'Y', 'BREATHE COPD exacerbations': '', 'BREATHE recommended': 'Y', 'Validated, Quint et al., 2014': '', 'Cambridge COP087 (QOF 2012)': '', 'Cambridge COP151 (QOF 2012)': '', 'LSHTM Data Compass 340': '', 'LSHTM Data Compass 859': '', 'LSHTM Data Compass 1134': 'Y', 'LSHTM Data Compass 1600': '', 'LSHTM Data Compass 1682': '', 'LSHTM Data Compass 2036': 'Y', 'Manchester Clinical Codes 1 (QOF v24)': '', 'Manchester Clinical Codes 2 (QOF v5)': '', 'Manchester Clinical Codes 5 (Kontopantelis et al., 2014)': '', 'Manchester Clinical Codes 6 (Doran et al., 2011)': '', 'Manchester Clinical Codes 6_QOF (Doran et al., 2011)': '', 'Manchester Clinical Codes 9 (Kontopantelis et al., 2014)': '', 'Manchester Clinical Codes 21 (Kontopantelis et al., 2015)': '', 'Manchester Clinical Codes 26 (Reilly et al., 2015)': '', 'Manchester Clinical Codes 43 (Kontopantelis et al., 2012)': '', 'Manchester Clinical Codes 43_conservative (Kontopantelis et al., 2012)': '', 'Manchester Clinical Codes 43_QOF (Kontopantelis et al., 2012)': '', 'TargetCOPD_Emis (Jordan et al., 2016)': '', 'TargetCOPD_SystemOne (Jordan et al., 2016)': '', 'QOF v36 (2016-2017)': '', 'Chen et al., 2020': 'Y', 'Cole et al., 2020': '', 'Kerkhof et al., 2020': '', 'Patel et al., 2020': 'Y', 'Rockenschaub et al., 2020': ''}",1,6360,Chronic obstructive pulmonary disease (COPD) Primary care -  1,"{'id': 5, 'name': 'Read codes v2', 'description': 'Read codes v2'}",PH797,2221,Chronic obstructive pulmonary disease (COPD) Primary care,1
2480,6360,2022-01-17T14:00:10.339428Z,2802,3836,1,2802,3782,168888,8CR1.00,Chronic obstructive pulmonary disease clini management plan,"{'CPRD GOLD Med': '45777', 'BREATHE Chronic bronchitis': 'Y', 'BREATHE Emphysema': 'Y', 'BREATHE incident COPD': 'Y', 'BREATHE prevalent COPD': 'Y', 'BREATHE COPD exacerbations': 'Y', 'BREATHE recommended': 'Y', 'Validated, Quint et al., 2014': 'Y', 'Cambridge COP087 (QOF 2012)': '', 'Cambridge COP151 (QOF 2012)': '', 'LSHTM Data Compass 340': 'Y', 'LSHTM Data Compass 859': 'Y', 'LSHTM Data Compass 1134': 'Y', 'LSHTM Data Compass 1600': 'Y', 'LSHTM Data Compass 1682': 'Y', 'LSHTM Data Compass 2036': 'Y', 'Manchester Clinical Codes 1 (QOF v24)': '', 'Manchester Clinical Codes 2 (QOF v5)': '', 'Manchester Clinical Codes 5 (Kontopantelis et al., 2014)': '', 'Manchester Clinical Codes 6 (Doran et al., 2011)': '', 'Manchester Clinical Codes 6_QOF (Doran et al., 2011)': '', 'Manchester Clinical Codes 9 (Kontopantelis et al., 2014)': '', 'Manchester Clinical Codes 21 (Kontopantelis et al., 2015)': '', 'Manchester Clinical Codes 26 (Reilly et al., 2015)': '', 'Manchester Clinical Codes 43 (Kontopantelis et al., 2012)': '', 'Manchester Clinical Codes 43_conservative (Kontopantelis et al., 2012)': '', 'Manchester Clinical Codes 43_QOF (Kontopantelis et al., 2012)': '', 'TargetCOPD_Emis (Jordan et al., 2016)': '', 'TargetCOPD_SystemOne (Jordan et al., 2016)': '', 'QOF v36 (2016-2017)': '', 'Chen et al., 2020': '', 'Cole et al., 2020': '', 'Kerkhof et al., 2020': '', 'Patel et al., 2020': 'Y', 'Rockenschaub et al., 2020': ''}",1,6360,Chronic obstructive pulmonary disease (COPD) Primary care -  1,"{'id': 5, 'name': 'Read codes v2', 'description': 'Read codes v2'}",PH797,2221,Chronic obstructive pulmonary disease (COPD) Primary care,1
2480,6360,2022-01-17T14:00:10.339428Z,2802,3836,1,2802,3782,168947,8H2R.00,Admit COPD emergency,"{'CPRD GOLD Med': '11019', 'BREATHE Chronic bronchitis': 'Y', 'BREATHE Emphysema': 'Y', 'BREATHE incident COPD': '', 'BREATHE prevalent COPD': '', 'BREATHE COPD exacerbations': 'Y', 'BREATHE recommended': 'Y', 'Validated, Quint et al., 2014': '', 'Cambridge COP087 (QOF 2012)': '', 'Cambridge COP151 (QOF 2012)': '', 'LSHTM Data Compass 340': 'Y', 'LSHTM Data Compass 859': 'Y', 'LSHTM Data Compass 1134': 'Y', 'LSHTM Data Compass 1600': 'Y', 'LSHTM Data Compass 1682': 'Y', 'LSHTM Data Compass 2036': 'Y', 'Manchester Clinical Codes 1 (QOF v24)': '', 'Manchester Clinical Codes 2 (QOF v5)': '', 'Manchester Clinical Codes 5 (Kontopantelis et al., 2014)': '', 'Manchester Clinical Codes 6 (Doran et al., 2011)': 'Y', 'Manchester Clinical Codes 6_QOF (Doran et al., 2011)': '', 'Manchester Clinical Codes 9 (Kontopantelis et al., 2014)': '', 'Manchester Clinical Codes 21 (Kontopantelis et al., 2015)': '', 'Manchester Clinical Codes 26 (Reilly et al., 2015)': '', 'Manchester Clinical Codes 43 (Kontopantelis et al., 2012)': 'Y', 'Manchester Clinical Codes 43_conservative (Kontopantelis et al., 2012)': '', 'Manchester Clinical Codes 43_QOF (Kontopantelis et al., 2012)': '', 'TargetCOPD_Emis (Jordan et al., 2016)': '', 'TargetCOPD_SystemOne (Jordan et al., 2016)': '', 'QOF v36 (2016-2017)': '', 'Chen et al., 2020': 'Y', 'Cole et al., 2020': '', 'Kerkhof et al., 2020': '', 'Patel et al., 2020': 'Y', 'Rockenschaub et al., 2020': ''}",1,6360,Chronic obstructive pulmonary disease (COPD) Primary care -  1,"{'id': 5, 'name': 'Read codes v2', 'description': 'Read codes v2'}",PH797,2221,Chronic obstructive pulmonary disease (COPD) Primary care,1
2480,6360,2022-01-17T14:00:10.339428Z,2802,3836,1,2802,3782,168948,8Hkw.00,Referral to COPD community nursing team,"{'CPRD GOLD Med': '103758', 'BREATHE Chronic bronchitis': '', 'BREATHE Emphysema': '', 'BREATHE incident COPD': '', 'BREATHE prevalent COPD': '', 'BREATHE COPD exacerbations': '', 'BREATHE recommended': '', 'Validated, Quint et al., 2014': '', 'Cambridge COP087 (QOF 2012)': '', 'Cambridge COP151 (QOF 2012)': '', 'LSHTM Data Compass 340': '', 'LSHTM Data Compass 859': '', 'LSHTM Data Compass 1134': 'Y', 'LSHTM Data Compass 1600': '', 'LSHTM Data Compass 1682': '', 'LSHTM Data Compass 2036': 'Y', 'Manchester Clinical Codes 1 (QOF v24)': '', 'Manchester Clinical Codes 2 (QOF v5)': '', 'Manchester Clinical Codes 5 (Kontopantelis et al., 2014)': '', 'Manchester Clinical Codes 6 (Doran et al., 2011)': '', 'Manchester Clinical Codes 6_QOF (Doran et al., 2011)': '', 'Manchester Clinical Codes 9 (Kontopantelis et al., 2014)': '', 'Manchester Clinical Codes 21 (Kontopantelis et al., 2015)': '', 'Manchester Clinical Codes 26 (Reilly et al., 2015)': '', 'Manchester Clinical Codes 43 (Kontopantelis et al., 2012)': '', 'Manchester Clinical Codes 43_conservative (Kontopantelis et al., 2012)': '', 'Manchester Clinical Codes 43_QOF (Kontopantelis et al., 2012)': '', 'TargetCOPD_Emis (Jordan et al., 2016)': '', 'TargetCOPD_SystemOne (Jordan et al., 2016)': '', 'QOF v36 (2016-2017)': '', 'Chen et al., 2020': '', 'Cole et al., 2020': '', 'Kerkhof et al., 2020': '', 'Patel et al., 2020': 'Y', 'Rockenschaub et al., 2020': ''}",1,6360,Chronic obstructive pulmonary disease (COPD) Primary care -  1,"{'id': 5, 'name': 'Read codes v2', 'description': 'Read codes v2'}",PH797,2221,Chronic obstructive pulmonary disease (COPD) Primary care,1
2480,6360,2022-01-17T14:00:10.339428Z,2802,3836,1,2802,3782,168950,8IEy.00,Chronic obstructive pulmon dis wr self managem plan declined,"{'CPRD GOLD Med': '107877', 'BREATHE Chronic bronchitis': '', 'BREATHE Emphysema': '', 'BREATHE incident COPD': '', 'BREATHE prevalent COPD': '', 'BREATHE COPD exacerbations': '', 'BREATHE recommended': '', 'Validated, Quint et al., 2014': '', 'Cambridge COP087 (QOF 2012)': '', 'Cambridge COP151 (QOF 2012)': '', 'LSHTM Data Compass 340': '', 'LSHTM Data Compass 859': '', 'LSHTM Data Compass 1134': 'Y', 'LSHTM Data Compass 1600': '', 'LSHTM Data Compass 1682': '', 'LSHTM Data Compass 2036': 'Y', 'Manchester Clinical Codes 1 (QOF v24)': '', 'Manchester Clinical Codes 2 (QOF v5)': '', 'Manchester Clinical Codes 5 (Kontopantelis et al., 2014)': '', 'Manchester Clinical Codes 6 (Doran et al., 2011)': '', 'Manchester Clinical Codes 6_QOF (Doran et al., 2011)': '', 'Manchester Clinical Codes 9 (Kontopantelis et al., 2014)': '', 'Manchester Clinical Codes 21 (Kontopantelis et al., 2015)': '', 'Manchester Clinical Codes 26 (Reilly et al., 2015)': '', 'Manchester Clinical Codes 43 (Kontopantelis et al., 2012)': '', 'Manchester Clinical Codes 43_conservative (Kontopantelis et al., 2012)': '', 'Manchester Clinical Codes 43_QOF (Kontopantelis et al., 2012)': '', 'TargetCOPD_Emis (Jordan et al., 2016)': '', 'TargetCOPD_SystemOne (Jordan et al., 2016)': '', 'QOF v36 (2016-2017)': '', 'Chen et al., 2020': '', 'Cole et al., 2020': '', 'Kerkhof et al., 2020': '', 'Patel et al., 2020': '', 'Rockenschaub et al., 2020': ''}",1,6360,Chronic obstructive pulmonary disease (COPD) Primary care -  1,"{'id': 5, 'name': 'Read codes v2', 'description': 'Read codes v2'}",PH797,2221,Chronic obstructive pulmonary disease (COPD) Primary care,1
2480,6360,2022-01-17T14:00:10.339428Z,2802,3836,1,2802,3782,168949,8IEZ.00,Chronic obstructive pulmonary disease rescue pack declined,"{'CPRD GOLD Med': '106945', 'BREATHE Chronic bronchitis': '', 'BREATHE Emphysema': '', 'BREATHE incident COPD': '', 'BREATHE prevalent COPD': '', 'BREATHE COPD exacerbations': '', 'BREATHE recommended': '', 'Validated, Quint et al., 2014': '', 'Cambridge COP087 (QOF 2012)': '', 'Cambridge COP151 (QOF 2012)': '', 'LSHTM Data Compass 340': '', 'LSHTM Data Compass 859': '', 'LSHTM Data Compass 1134': 'Y', 'LSHTM Data Compass 1600': '', 'LSHTM Data Compass 1682': '', 'LSHTM Data Compass 2036': 'Y', 'Manchester Clinical Codes 1 (QOF v24)': '', 'Manchester Clinical Codes 2 (QOF v5)': '', 'Manchester Clinical Codes 5 (Kontopantelis et al., 2014)': '', 'Manchester Clinical Codes 6 (Doran et al., 2011)': '', 'Manchester Clinical Codes 6_QOF (Doran et al., 2011)': '', 'Manchester Clinical Codes 9 (Kontopantelis et al., 2014)': '', 'Manchester Clinical Codes 21 (Kontopantelis et al., 2015)': '', 'Manchester Clinical Codes 26 (Reilly et al., 2015)': '', 'Manchester Clinical Codes 43 (Kontopantelis et al., 2012)': '', 'Manchester Clinical Codes 43_conservative (Kontopantelis et al., 2012)': '', 'Manchester Clinical Codes 43_QOF (Kontopantelis et al., 2012)': '', 'TargetCOPD_Emis (Jordan et al., 2016)': '', 'TargetCOPD_SystemOne (Jordan et al., 2016)': '', 'QOF v36 (2016-2017)': '', 'Chen et al., 2020': '', 'Cole et al., 2020': '', 'Kerkhof et al., 2020': '', 'Patel et al., 2020': '', 'Rockenschaub et al., 2020': ''}",1,6360,Chronic obstructive pulmonary disease (COPD) Primary care -  1,"{'id': 5, 'name': 'Read codes v2', 'description': 'Read codes v2'}",PH797,2221,Chronic obstructive pulmonary disease (COPD) Primary care,1
2480,6360,2022-01-17T14:00:10.339428Z,2802,3836,1,2802,3782,168955,9e03.00,GP OOH service notified of COPD care plan,"{'CPRD GOLD Med': '104265', 'BREATHE Chronic bronchitis': '', 'BREATHE Emphysema': '', 'BREATHE incident COPD': '', 'BREATHE prevalent COPD': '', 'BREATHE COPD exacerbations': '', 'BREATHE recommended': '', 'Validated, Quint et al., 2014': '', 'Cambridge COP087 (QOF 2012)': '', 'Cambridge COP151 (QOF 2012)': '', 'LSHTM Data Compass 340': '', 'LSHTM Data Compass 859': '', 'LSHTM Data Compass 1134': 'Y', 'LSHTM Data Compass 1600': '', 'LSHTM Data Compass 1682': '', 'LSHTM Data Compass 2036': 'Y', 'Manchester Clinical Codes 1 (QOF v24)': '', 'Manchester Clinical Codes 2 (QOF v5)': '', 'Manchester Clinical Codes 5 (Kontopantelis et al., 2014)': '', 'Manchester Clinical Codes 6 (Doran et al., 2011)': '', 'Manchester Clinical Codes 6_QOF (Doran et al., 2011)': '', 'Manchester Clinical Codes 9 (Kontopantelis et al., 2014)': '', 'Manchester Clinical Codes 21 (Kontopantelis et al., 2015)': '', 'Manchester Clinical Codes 26 (Reilly et al., 2015)': '', 'Manchester Clinical Codes 43 (Kontopantelis et al., 2012)': '', 'Manchester Clinical Codes 43_conservative (Kontopantelis et al., 2012)': '', 'Manchester Clinical Codes 43_QOF (Kontopantelis et al., 2012)': '', 'TargetCOPD_Emis (Jordan et al., 2016)': '', 'TargetCOPD_SystemOne (Jordan et al., 2016)': '', 'QOF v36 (2016-2017)': '', 'Chen et al., 2020': '', 'Cole et al., 2020': '', 'Kerkhof et al., 2020': '', 'Patel et al., 2020': '', 'Rockenschaub et al., 2020': ''}",1,6360,Chronic obstructive pulmonary disease (COPD) Primary care -  1,"{'id': 5, 'name': 'Read codes v2', 'description': 'Read codes v2'}",PH797,2221,Chronic obstructive pulmonary disease (COPD) Primary care,1
2480,6360,2022-01-17T14:00:10.339428Z,2802,3836,1,2802,3782,168956,9kf0.00,COPD patient unsuitable for pulmonary rehab - enh serv admin,"{'CPRD GOLD Med': '99948', 'BREATHE Chronic bronchitis': '', 'BREATHE Emphysema': '', 'BREATHE incident COPD': '', 'BREATHE prevalent COPD': '', 'BREATHE COPD exacerbations': '', 'BREATHE recommended': '', 'Validated, Quint et al., 2014': '', 'Cambridge COP087 (QOF 2012)': '', 'Cambridge COP151 (QOF 2012)': '', 'LSHTM Data Compass 340': 'Y', 'LSHTM Data Compass 859': 'Y', 'LSHTM Data Compass 1134': 'Y', 'LSHTM Data Compass 1600': 'Y', 'LSHTM Data Compass 1682': 'Y', 'LSHTM Data Compass 2036': 'Y', 'Manchester Clinical Codes 1 (QOF v24)': '', 'Manchester Clinical Codes 2 (QOF v5)': '', 'Manchester Clinical Codes 5 (Kontopantelis et al., 2014)': '', 'Manchester Clinical Codes 6 (Doran et al., 2011)': '', 'Manchester Clinical Codes 6_QOF (Doran et al., 2011)': '', 'Manchester Clinical Codes 9 (Kontopantelis et al., 2014)': '', 'Manchester Clinical Codes 21 (Kontopantelis et al., 2015)': '', 'Manchester Clinical Codes 26 (Reilly et al., 2015)': '', 'Manchester Clinical Codes 43 (Kontopantelis et al., 2012)': '', 'Manchester Clinical Codes 43_conservative (Kontopantelis et al., 2012)': '', 'Manchester Clinical Codes 43_QOF (Kontopantelis et al., 2012)': '', 'TargetCOPD_Emis (Jordan et al., 2016)': '', 'TargetCOPD_SystemOne (Jordan et al., 2016)': '', 'QOF v36 (2016-2017)': '', 'Chen et al., 2020': '', 'Cole et al., 2020': '', 'Kerkhof et al., 2020': '', 'Patel et al., 2020': '', 'Rockenschaub et al., 2020': ''}",1,6360,Chronic obstructive pulmonary disease (COPD) Primary care -  1,"{'id': 5, 'name': 'Read codes v2', 'description': 'Read codes v2'}",PH797,2221,Chronic obstructive pulmonary disease (COPD) Primary care,1
2480,6360,2022-01-17T14:00:10.339428Z,2802,3836,1,2802,3782,168957,9kf0.11,COPD patient unsuitable for pulmonary rehabilitation,"{'CPRD GOLD Med': '103864', 'BREATHE Chronic bronchitis': '', 'BREATHE Emphysema': '', 'BREATHE incident COPD': '', 'BREATHE prevalent COPD': '', 'BREATHE COPD exacerbations': '', 'BREATHE recommended': '', 'Validated, Quint et al., 2014': '', 'Cambridge COP087 (QOF 2012)': '', 'Cambridge COP151 (QOF 2012)': '', 'LSHTM Data Compass 340': '', 'LSHTM Data Compass 859': '', 'LSHTM Data Compass 1134': 'Y', 'LSHTM Data Compass 1600': '', 'LSHTM Data Compass 1682': '', 'LSHTM Data Compass 2036': 'Y', 'Manchester Clinical Codes 1 (QOF v24)': '', 'Manchester Clinical Codes 2 (QOF v5)': '', 'Manchester Clinical Codes 5 (Kontopantelis et al., 2014)': '', 'Manchester Clinical Codes 6 (Doran et al., 2011)': '', 'Manchester Clinical Codes 6_QOF (Doran et al., 2011)': '', 'Manchester Clinical Codes 9 (Kontopantelis et al., 2014)': '', 'Manchester Clinical Codes 21 (Kontopantelis et al., 2015)': '', 'Manchester Clinical Codes 26 (Reilly et al., 2015)': '', 'Manchester Clinical Codes 43 (Kontopantelis et al., 2012)': '', 'Manchester Clinical Codes 43_conservative (Kontopantelis et al., 2012)': '', 'Manchester Clinical Codes 43_QOF (Kontopantelis et al., 2012)': '', 'TargetCOPD_Emis (Jordan et al., 2016)': '', 'TargetCOPD_SystemOne (Jordan et al., 2016)': '', 'QOF v36 (2016-2017)': '', 'Chen et al., 2020': '', 'Cole et al., 2020': '', 'Kerkhof et al., 2020': '', 'Patel et al., 2020': '', 'Rockenschaub et al., 2020': ''}",1,6360,Chronic obstructive pulmonary disease (COPD) Primary care -  1,"{'id': 5, 'name': 'Read codes v2', 'description': 'Read codes v2'}",PH797,2221,Chronic obstructive pulmonary disease (COPD) Primary care,1
2480,6360,2022-01-17T14:00:10.339428Z,2802,3836,1,2802,3782,168958,9kf1.00,Refer COPD structured smoking assessment - enhanc serv admin,"{'CPRD GOLD Med': '98284', 'BREATHE Chronic bronchitis': '', 'BREATHE Emphysema': '', 'BREATHE incident COPD': '', 'BREATHE prevalent COPD': '', 'BREATHE COPD exacerbations': '', 'BREATHE recommended': '', 'Validated, Quint et al., 2014': '', 'Cambridge COP087 (QOF 2012)': '', 'Cambridge COP151 (QOF 2012)': '', 'LSHTM Data Compass 340': 'Y', 'LSHTM Data Compass 859': 'Y', 'LSHTM Data Compass 1134': 'Y', 'LSHTM Data Compass 1600': 'Y', 'LSHTM Data Compass 1682': 'Y', 'LSHTM Data Compass 2036': 'Y', 'Manchester Clinical Codes 1 (QOF v24)': '', 'Manchester Clinical Codes 2 (QOF v5)': '', 'Manchester Clinical Codes 5 (Kontopantelis et al., 2014)': '', 'Manchester Clinical Codes 6 (Doran et al., 2011)': '', 'Manchester Clinical Codes 6_QOF (Doran et al., 2011)': '', 'Manchester Clinical Codes 9 (Kontopantelis et al., 2014)': '', 'Manchester Clinical Codes 21 (Kontopantelis et al., 2015)': '', 'Manchester Clinical Codes 26 (Reilly et al., 2015)': '', 'Manchester Clinical Codes 43 (Kontopantelis et al., 2012)': '', 'Manchester Clinical Codes 43_conservative (Kontopantelis et al., 2012)': '', 'Manchester Clinical Codes 43_QOF (Kontopantelis et al., 2012)': '', 'TargetCOPD_Emis (Jordan et al., 2016)': '', 'TargetCOPD_SystemOne (Jordan et al., 2016)': '', 'QOF v36 (2016-2017)': '', 'Chen et al., 2020': '', 'Cole et al., 2020': '', 'Kerkhof et al., 2020': '', 'Patel et al., 2020': 'Y', 'Rockenschaub et al., 2020': ''}",1,6360,Chronic obstructive pulmonary disease (COPD) Primary care -  1,"{'id': 5, 'name': 'Read codes v2', 'description': 'Read codes v2'}",PH797,2221,Chronic obstructive pulmonary disease (COPD) Primary care,1
2480,6360,2022-01-17T14:00:10.339428Z,2802,3836,1,2802,3782,168959,9kf1.11,Referred for COPD structured smoking assessment,"{'CPRD GOLD Med': '103400', 'BREATHE Chronic bronchitis': '', 'BREATHE Emphysema': '', 'BREATHE incident COPD': '', 'BREATHE prevalent COPD': '', 'BREATHE COPD exacerbations': '', 'BREATHE recommended': '', 'Validated, Quint et al., 2014': '', 'Cambridge COP087 (QOF 2012)': '', 'Cambridge COP151 (QOF 2012)': '', 'LSHTM Data Compass 340': 'Y', 'LSHTM Data Compass 859': 'Y', 'LSHTM Data Compass 1134': 'Y', 'LSHTM Data Compass 1600': 'Y', 'LSHTM Data Compass 1682': 'Y', 'LSHTM Data Compass 2036': 'Y', 'Manchester Clinical Codes 1 (QOF v24)': '', 'Manchester Clinical Codes 2 (QOF v5)': '', 'Manchester Clinical Codes 5 (Kontopantelis et al., 2014)': '', 'Manchester Clinical Codes 6 (Doran et al., 2011)': '', 'Manchester Clinical Codes 6_QOF (Doran et al., 2011)': '', 'Manchester Clinical Codes 9 (Kontopantelis et al., 2014)': '', 'Manchester Clinical Codes 21 (Kontopantelis et al., 2015)': '', 'Manchester Clinical Codes 26 (Reilly et al., 2015)': '', 'Manchester Clinical Codes 43 (Kontopantelis et al., 2012)': '', 'Manchester Clinical Codes 43_conservative (Kontopantelis et al., 2012)': '', 'Manchester Clinical Codes 43_QOF (Kontopantelis et al., 2012)': '', 'TargetCOPD_Emis (Jordan et al., 2016)': '', 'TargetCOPD_SystemOne (Jordan et al., 2016)': '', 'QOF v36 (2016-2017)': '', 'Chen et al., 2020': '', 'Cole et al., 2020': '', 'Kerkhof et al., 2020': '', 'Patel et al., 2020': '', 'Rockenschaub et al., 2020': ''}",1,6360,Chronic obstructive pulmonary disease (COPD) Primary care -  1,"{'id': 5, 'name': 'Read codes v2', 'description': 'Read codes v2'}",PH797,2221,Chronic obstructive pulmonary disease (COPD) Primary care,1
2480,6360,2022-01-17T14:00:10.339428Z,2802,3836,1,2802,3782,168960,9kf2.00,COPD structured smoking assessment declined - enh serv admin,"{'CPRD GOLD Med': '98283', 'BREATHE Chronic bronchitis': '', 'BREATHE Emphysema': '', 'BREATHE incident COPD': '', 'BREATHE prevalent COPD': '', 'BREATHE COPD exacerbations': '', 'BREATHE recommended': '', 'Validated, Quint et al., 2014': '', 'Cambridge COP087 (QOF 2012)': '', 'Cambridge COP151 (QOF 2012)': '', 'LSHTM Data Compass 340': 'Y', 'LSHTM Data Compass 859': 'Y', 'LSHTM Data Compass 1134': 'Y', 'LSHTM Data Compass 1600': 'Y', 'LSHTM Data Compass 1682': 'Y', 'LSHTM Data Compass 2036': 'Y', 'Manchester Clinical Codes 1 (QOF v24)': '', 'Manchester Clinical Codes 2 (QOF v5)': '', 'Manchester Clinical Codes 5 (Kontopantelis et al., 2014)': '', 'Manchester Clinical Codes 6 (Doran et al., 2011)': '', 'Manchester Clinical Codes 6_QOF (Doran et al., 2011)': '', 'Manchester Clinical Codes 9 (Kontopantelis et al., 2014)': '', 'Manchester Clinical Codes 21 (Kontopantelis et al., 2015)': '', 'Manchester Clinical Codes 26 (Reilly et al., 2015)': '', 'Manchester Clinical Codes 43 (Kontopantelis et al., 2012)': '', 'Manchester Clinical Codes 43_conservative (Kontopantelis et al., 2012)': '', 'Manchester Clinical Codes 43_QOF (Kontopantelis et al., 2012)': '', 'TargetCOPD_Emis (Jordan et al., 2016)': '', 'TargetCOPD_SystemOne (Jordan et al., 2016)': '', 'QOF v36 (2016-2017)': '', 'Chen et al., 2020': '', 'Cole et al., 2020': '', 'Kerkhof et al., 2020': '', 'Patel et al., 2020': '', 'Rockenschaub et al., 2020': ''}",1,6360,Chronic obstructive pulmonary disease (COPD) Primary care -  1,"{'id': 5, 'name': 'Read codes v2', 'description': 'Read codes v2'}",PH797,2221,Chronic obstructive pulmonary disease (COPD) Primary care,1
2480,6360,2022-01-17T14:00:10.339428Z,2802,3836,1,2802,3782,168961,9kf2.11,COPD structured smoking assessment declined,"{'CPRD GOLD Med': '103760', 'BREATHE Chronic bronchitis': '', 'BREATHE Emphysema': '', 'BREATHE incident COPD': '', 'BREATHE prevalent COPD': '', 'BREATHE COPD exacerbations': '', 'BREATHE recommended': '', 'Validated, Quint et al., 2014': '', 'Cambridge COP087 (QOF 2012)': '', 'Cambridge COP151 (QOF 2012)': '', 'LSHTM Data Compass 340': '', 'LSHTM Data Compass 859': '', 'LSHTM Data Compass 1134': 'Y', 'LSHTM Data Compass 1600': '', 'LSHTM Data Compass 1682': '', 'LSHTM Data Compass 2036': 'Y', 'Manchester Clinical Codes 1 (QOF v24)': '', 'Manchester Clinical Codes 2 (QOF v5)': '', 'Manchester Clinical Codes 5 (Kontopantelis et al., 2014)': '', 'Manchester Clinical Codes 6 (Doran et al., 2011)': '', 'Manchester Clinical Codes 6_QOF (Doran et al., 2011)': '', 'Manchester Clinical Codes 9 (Kontopantelis et al., 2014)': '', 'Manchester Clinical Codes 21 (Kontopantelis et al., 2015)': '', 'Manchester Clinical Codes 26 (Reilly et al., 2015)': '', 'Manchester Clinical Codes 43 (Kontopantelis et al., 2012)': '', 'Manchester Clinical Codes 43_conservative (Kontopantelis et al., 2012)': '', 'Manchester Clinical Codes 43_QOF (Kontopantelis et al., 2012)': '', 'TargetCOPD_Emis (Jordan et al., 2016)': '', 'TargetCOPD_SystemOne (Jordan et al., 2016)': '', 'QOF v36 (2016-2017)': '', 'Chen et al., 2020': '', 'Cole et al., 2020': '', 'Kerkhof et al., 2020': '', 'Patel et al., 2020': '', 'Rockenschaub et al., 2020': ''}",1,6360,Chronic obstructive pulmonary disease (COPD) Primary care -  1,"{'id': 5, 'name': 'Read codes v2', 'description': 'Read codes v2'}",PH797,2221,Chronic obstructive pulmonary disease (COPD) Primary care,1
2480,6360,2022-01-17T14:00:10.339428Z,2802,3836,1,2802,3782,168951,9N4W.00,DNA - Did not attend COPD clinic,"{'CPRD GOLD Med': '35303', 'BREATHE Chronic bronchitis': '', 'BREATHE Emphysema': '', 'BREATHE incident COPD': '', 'BREATHE prevalent COPD': '', 'BREATHE COPD exacerbations': '', 'BREATHE recommended': '', 'Validated, Quint et al., 2014': '', 'Cambridge COP087 (QOF 2012)': '', 'Cambridge COP151 (QOF 2012)': '', 'LSHTM Data Compass 340': '', 'LSHTM Data Compass 859': '', 'LSHTM Data Compass 1134': '', 'LSHTM Data Compass 1600': '', 'LSHTM Data Compass 1682': '', 'LSHTM Data Compass 2036': '', 'Manchester Clinical Codes 1 (QOF v24)': '', 'Manchester Clinical Codes 2 (QOF v5)': '', 'Manchester Clinical Codes 5 (Kontopantelis et al., 2014)': '', 'Manchester Clinical Codes 6 (Doran et al., 2011)': '', 'Manchester Clinical Codes 6_QOF (Doran et al., 2011)': '', 'Manchester Clinical Codes 9 (Kontopantelis et al., 2014)': '', 'Manchester Clinical Codes 21 (Kontopantelis et al., 2015)': '', 'Manchester Clinical Codes 26 (Reilly et al., 2015)': '', 'Manchester Clinical Codes 43 (Kontopantelis et al., 2012)': '', 'Manchester Clinical Codes 43_conservative (Kontopantelis et al., 2012)': '', 'Manchester Clinical Codes 43_QOF (Kontopantelis et al., 2012)': '', 'TargetCOPD_Emis (Jordan et al., 2016)': '', 'TargetCOPD_SystemOne (Jordan et al., 2016)': '', 'QOF v36 (2016-2017)': '', 'Chen et al., 2020': '', 'Cole et al., 2020': '', 'Kerkhof et al., 2020': '', 'Patel et al., 2020': 'Y', 'Rockenschaub et al., 2020': ''}",1,6360,Chronic obstructive pulmonary disease (COPD) Primary care -  1,"{'id': 5, 'name': 'Read codes v2', 'description': 'Read codes v2'}",PH797,2221,Chronic obstructive pulmonary disease (COPD) Primary care,1
2480,6360,2022-01-17T14:00:10.339428Z,2802,3836,1,2802,3782,168952,9NgP.00,On chronic obstructive pulmonary disease supprtv cre pathway,"{'CPRD GOLD Med': '104985', 'BREATHE Chronic bronchitis': '', 'BREATHE Emphysema': '', 'BREATHE incident COPD': '', 'BREATHE prevalent COPD': '', 'BREATHE COPD exacerbations': '', 'BREATHE recommended': '', 'Validated, Quint et al., 2014': '', 'Cambridge COP087 (QOF 2012)': '', 'Cambridge COP151 (QOF 2012)': '', 'LSHTM Data Compass 340': '', 'LSHTM Data Compass 859': '', 'LSHTM Data Compass 1134': 'Y', 'LSHTM Data Compass 1600': '', 'LSHTM Data Compass 1682': '', 'LSHTM Data Compass 2036': 'Y', 'Manchester Clinical Codes 1 (QOF v24)': '', 'Manchester Clinical Codes 2 (QOF v5)': '', 'Manchester Clinical Codes 5 (Kontopantelis et al., 2014)': '', 'Manchester Clinical Codes 6 (Doran et al., 2011)': '', 'Manchester Clinical Codes 6_QOF (Doran et al., 2011)': '', 'Manchester Clinical Codes 9 (Kontopantelis et al., 2014)': '', 'Manchester Clinical Codes 21 (Kontopantelis et al., 2015)': '', 'Manchester Clinical Codes 26 (Reilly et al., 2015)': '', 'Manchester Clinical Codes 43 (Kontopantelis et al., 2012)': '', 'Manchester Clinical Codes 43_conservative (Kontopantelis et al., 2012)': '', 'Manchester Clinical Codes 43_QOF (Kontopantelis et al., 2012)': '', 'TargetCOPD_Emis (Jordan et al., 2016)': '', 'TargetCOPD_SystemOne (Jordan et al., 2016)': '', 'QOF v36 (2016-2017)': '', 'Chen et al., 2020': '', 'Cole et al., 2020': '', 'Kerkhof et al., 2020': '', 'Patel et al., 2020': 'Y', 'Rockenschaub et al., 2020': ''}",1,6360,Chronic obstructive pulmonary disease (COPD) Primary care -  1,"{'id': 5, 'name': 'Read codes v2', 'description': 'Read codes v2'}",PH797,2221,Chronic obstructive pulmonary disease (COPD) Primary care,1
2480,6360,2022-01-17T14:00:10.339428Z,2802,3836,1,2802,3782,168953,9NgP.11,On COPD (chr obstruc pulmonary disease) supportv cre pathway,"{'CPRD GOLD Med': '104710', 'BREATHE Chronic bronchitis': '', 'BREATHE Emphysema': '', 'BREATHE incident COPD': '', 'BREATHE prevalent COPD': '', 'BREATHE COPD exacerbations': '', 'BREATHE recommended': '', 'Validated, Quint et al., 2014': '', 'Cambridge COP087 (QOF 2012)': '', 'Cambridge COP151 (QOF 2012)': '', 'LSHTM Data Compass 340': '', 'LSHTM Data Compass 859': '', 'LSHTM Data Compass 1134': 'Y', 'LSHTM Data Compass 1600': '', 'LSHTM Data Compass 1682': '', 'LSHTM Data Compass 2036': 'Y', 'Manchester Clinical Codes 1 (QOF v24)': '', 'Manchester Clinical Codes 2 (QOF v5)': '', 'Manchester Clinical Codes 5 (Kontopantelis et al., 2014)': '', 'Manchester Clinical Codes 6 (Doran et al., 2011)': '', 'Manchester Clinical Codes 6_QOF (Doran et al., 2011)': '', 'Manchester Clinical Codes 9 (Kontopantelis et al., 2014)': '', 'Manchester Clinical Codes 21 (Kontopantelis et al., 2015)': '', 'Manchester Clinical Codes 26 (Reilly et al., 2015)': '', 'Manchester Clinical Codes 43 (Kontopantelis et al., 2012)': '', 'Manchester Clinical Codes 43_conservative (Kontopantelis et al., 2012)': '', 'Manchester Clinical Codes 43_QOF (Kontopantelis et al., 2012)': '', 'TargetCOPD_Emis (Jordan et al., 2016)': '', 'TargetCOPD_SystemOne (Jordan et al., 2016)': '', 'QOF v36 (2016-2017)': '', 'Chen et al., 2020': '', 'Cole et al., 2020': '', 'Kerkhof et al., 2020': '', 'Patel et al., 2020': 'Y', 'Rockenschaub et al., 2020': ''}",1,6360,Chronic obstructive pulmonary disease (COPD) Primary care -  1,"{'id': 5, 'name': 'Read codes v2', 'description': 'Read codes v2'}",PH797,2221,Chronic obstructive pulmonary disease (COPD) Primary care,1
2480,6360,2022-01-17T14:00:10.339428Z,2802,3836,1,2802,3782,168954,9Nk7000,Seen in chronic obstructive pulmonary disease clinic,"{'CPRD GOLD Med': '106637', 'BREATHE Chronic bronchitis': '', 'BREATHE Emphysema': '', 'BREATHE incident COPD': '', 'BREATHE prevalent COPD': '', 'BREATHE COPD exacerbations': '', 'BREATHE recommended': '', 'Validated, Quint et al., 2014': '', 'Cambridge COP087 (QOF 2012)': '', 'Cambridge COP151 (QOF 2012)': '', 'LSHTM Data Compass 340': '', 'LSHTM Data Compass 859': '', 'LSHTM Data Compass 1134': 'Y', 'LSHTM Data Compass 1600': '', 'LSHTM Data Compass 1682': '', 'LSHTM Data Compass 2036': 'Y', 'Manchester Clinical Codes 1 (QOF v24)': '', 'Manchester Clinical Codes 2 (QOF v5)': '', 'Manchester Clinical Codes 5 (Kontopantelis et al., 2014)': '', 'Manchester Clinical Codes 6 (Doran et al., 2011)': '', 'Manchester Clinical Codes 6_QOF (Doran et al., 2011)': '', 'Manchester Clinical Codes 9 (Kontopantelis et al., 2014)': '', 'Manchester Clinical Codes 21 (Kontopantelis et al., 2015)': '', 'Manchester Clinical Codes 26 (Reilly et al., 2015)': '', 'Manchester Clinical Codes 43 (Kontopantelis et al., 2012)': '', 'Manchester Clinical Codes 43_conservative (Kontopantelis et al., 2012)': '', 'Manchester Clinical Codes 43_QOF (Kontopantelis et al., 2012)': '', 'TargetCOPD_Emis (Jordan et al., 2016)': '', 'TargetCOPD_SystemOne (Jordan et al., 2016)': '', 'QOF v36 (2016-2017)': '', 'Chen et al., 2020': '', 'Cole et al., 2020': '', 'Kerkhof et al., 2020': '', 'Patel et al., 2020': '', 'Rockenschaub et al., 2020': ''}",1,6360,Chronic obstructive pulmonary disease (COPD) Primary care -  1,"{'id': 5, 'name': 'Read codes v2', 'description': 'Read codes v2'}",PH797,2221,Chronic obstructive pulmonary disease (COPD) Primary care,1
2480,6360,2022-01-17T14:00:10.339428Z,2802,3836,1,2802,3782,168889,9Oi..00,Chronic obstructive pulmonary disease monitoring admin,"{'CPRD GOLD Med': '18792', 'BREATHE Chronic bronchitis': 'Y', 'BREATHE Emphysema': 'Y', 'BREATHE incident COPD': 'Y', 'BREATHE prevalent COPD': 'Y', 'BREATHE COPD exacerbations': '', 'BREATHE recommended': 'Y', 'Validated, Quint et al., 2014': 'Y', 'Cambridge COP087 (QOF 2012)': '', 'Cambridge COP151 (QOF 2012)': '', 'LSHTM Data Compass 340': 'Y', 'LSHTM Data Compass 859': 'Y', 'LSHTM Data Compass 1134': 'Y', 'LSHTM Data Compass 1600': 'Y', 'LSHTM Data Compass 1682': 'Y', 'LSHTM Data Compass 2036': 'Y', 'Manchester Clinical Codes 1 (QOF v24)': '', 'Manchester Clinical Codes 2 (QOF v5)': '', 'Manchester Clinical Codes 5 (Kontopantelis et al., 2014)': '', 'Manchester Clinical Codes 6 (Doran et al., 2011)': '', 'Manchester Clinical Codes 6_QOF (Doran et al., 2011)': '', 'Manchester Clinical Codes 9 (Kontopantelis et al., 2014)': '', 'Manchester Clinical Codes 21 (Kontopantelis et al., 2015)': '', 'Manchester Clinical Codes 26 (Reilly et al., 2015)': '', 'Manchester Clinical Codes 43 (Kontopantelis et al., 2012)': '', 'Manchester Clinical Codes 43_conservative (Kontopantelis et al., 2012)': '', 'Manchester Clinical Codes 43_QOF (Kontopantelis et al., 2012)': '', 'TargetCOPD_Emis (Jordan et al., 2016)': '', 'TargetCOPD_SystemOne (Jordan et al., 2016)': '', 'QOF v36 (2016-2017)': '', 'Chen et al., 2020': '', 'Cole et al., 2020': '', 'Kerkhof et al., 2020': '', 'Patel et al., 2020': 'Y', 'Rockenschaub et al., 2020': ''}",1,6360,Chronic obstructive pulmonary disease (COPD) Primary care -  1,"{'id': 5, 'name': 'Read codes v2', 'description': 'Read codes v2'}",PH797,2221,Chronic obstructive pulmonary disease (COPD) Primary care,1
2480,6360,2022-01-17T14:00:10.339428Z,2802,3836,1,2802,3782,168890,9Oi0.00,Chronic obstructive pulmonary disease monitoring 1st letter,"{'CPRD GOLD Med': '28755', 'BREATHE Chronic bronchitis': 'Y', 'BREATHE Emphysema': 'Y', 'BREATHE incident COPD': 'Y', 'BREATHE prevalent COPD': 'Y', 'BREATHE COPD exacerbations': '', 'BREATHE recommended': 'Y', 'Validated, Quint et al., 2014': 'Y', 'Cambridge COP087 (QOF 2012)': '', 'Cambridge COP151 (QOF 2012)': '', 'LSHTM Data Compass 340': 'Y', 'LSHTM Data Compass 859': 'Y', 'LSHTM Data Compass 1134': 'Y', 'LSHTM Data Compass 1600': 'Y', 'LSHTM Data Compass 1682': 'Y', 'LSHTM Data Compass 2036': 'Y', 'Manchester Clinical Codes 1 (QOF v24)': '', 'Manchester Clinical Codes 2 (QOF v5)': '', 'Manchester Clinical Codes 5 (Kontopantelis et al., 2014)': '', 'Manchester Clinical Codes 6 (Doran et al., 2011)': '', 'Manchester Clinical Codes 6_QOF (Doran et al., 2011)': '', 'Manchester Clinical Codes 9 (Kontopantelis et al., 2014)': '', 'Manchester Clinical Codes 21 (Kontopantelis et al., 2015)': '', 'Manchester Clinical Codes 26 (Reilly et al., 2015)': '', 'Manchester Clinical Codes 43 (Kontopantelis et al., 2012)': '', 'Manchester Clinical Codes 43_conservative (Kontopantelis et al., 2012)': '', 'Manchester Clinical Codes 43_QOF (Kontopantelis et al., 2012)': '', 'TargetCOPD_Emis (Jordan et al., 2016)': '', 'TargetCOPD_SystemOne (Jordan et al., 2016)': '', 'QOF v36 (2016-2017)': '', 'Chen et al., 2020': '', 'Cole et al., 2020': '', 'Kerkhof et al., 2020': '', 'Patel et al., 2020': 'Y', 'Rockenschaub et al., 2020': ''}",1,6360,Chronic obstructive pulmonary disease (COPD) Primary care -  1,"{'id': 5, 'name': 'Read codes v2', 'description': 'Read codes v2'}",PH797,2221,Chronic obstructive pulmonary disease (COPD) Primary care,1
2480,6360,2022-01-17T14:00:10.339428Z,2802,3836,1,2802,3782,168891,9Oi1.00,Chronic obstructive pulmonary disease monitoring 2nd letter,"{'CPRD GOLD Med': '34202', 'BREATHE Chronic bronchitis': 'Y', 'BREATHE Emphysema': 'Y', 'BREATHE incident COPD': 'Y', 'BREATHE prevalent COPD': 'Y', 'BREATHE COPD exacerbations': '', 'BREATHE recommended': 'Y', 'Validated, Quint et al., 2014': 'Y', 'Cambridge COP087 (QOF 2012)': '', 'Cambridge COP151 (QOF 2012)': '', 'LSHTM Data Compass 340': 'Y', 'LSHTM Data Compass 859': 'Y', 'LSHTM Data Compass 1134': 'Y', 'LSHTM Data Compass 1600': 'Y', 'LSHTM Data Compass 1682': 'Y', 'LSHTM Data Compass 2036': 'Y', 'Manchester Clinical Codes 1 (QOF v24)': '', 'Manchester Clinical Codes 2 (QOF v5)': '', 'Manchester Clinical Codes 5 (Kontopantelis et al., 2014)': '', 'Manchester Clinical Codes 6 (Doran et al., 2011)': '', 'Manchester Clinical Codes 6_QOF (Doran et al., 2011)': '', 'Manchester Clinical Codes 9 (Kontopantelis et al., 2014)': '', 'Manchester Clinical Codes 21 (Kontopantelis et al., 2015)': '', 'Manchester Clinical Codes 26 (Reilly et al., 2015)': '', 'Manchester Clinical Codes 43 (Kontopantelis et al., 2012)': '', 'Manchester Clinical Codes 43_conservative (Kontopantelis et al., 2012)': '', 'Manchester Clinical Codes 43_QOF (Kontopantelis et al., 2012)': '', 'TargetCOPD_Emis (Jordan et al., 2016)': '', 'TargetCOPD_SystemOne (Jordan et al., 2016)': '', 'QOF v36 (2016-2017)': '', 'Chen et al., 2020': '', 'Cole et al., 2020': '', 'Kerkhof et al., 2020': '', 'Patel et al., 2020': 'Y', 'Rockenschaub et al., 2020': ''}",1,6360,Chronic obstructive pulmonary disease (COPD) Primary care -  1,"{'id': 5, 'name': 'Read codes v2', 'description': 'Read codes v2'}",PH797,2221,Chronic obstructive pulmonary disease (COPD) Primary care,1
2480,6360,2022-01-17T14:00:10.339428Z,2802,3836,1,2802,3782,168892,9Oi2.00,Chronic obstructive pulmonary disease monitoring 3rd letter,"{'CPRD GOLD Med': '34215', 'BREATHE Chronic bronchitis': 'Y', 'BREATHE Emphysema': 'Y', 'BREATHE incident COPD': 'Y', 'BREATHE prevalent COPD': 'Y', 'BREATHE COPD exacerbations': '', 'BREATHE recommended': 'Y', 'Validated, Quint et al., 2014': 'Y', 'Cambridge COP087 (QOF 2012)': '', 'Cambridge COP151 (QOF 2012)': '', 'LSHTM Data Compass 340': 'Y', 'LSHTM Data Compass 859': 'Y', 'LSHTM Data Compass 1134': 'Y', 'LSHTM Data Compass 1600': 'Y', 'LSHTM Data Compass 1682': 'Y', 'LSHTM Data Compass 2036': 'Y', 'Manchester Clinical Codes 1 (QOF v24)': '', 'Manchester Clinical Codes 2 (QOF v5)': '', 'Manchester Clinical Codes 5 (Kontopantelis et al., 2014)': '', 'Manchester Clinical Codes 6 (Doran et al., 2011)': '', 'Manchester Clinical Codes 6_QOF (Doran et al., 2011)': '', 'Manchester Clinical Codes 9 (Kontopantelis et al., 2014)': '', 'Manchester Clinical Codes 21 (Kontopantelis et al., 2015)': '', 'Manchester Clinical Codes 26 (Reilly et al., 2015)': '', 'Manchester Clinical Codes 43 (Kontopantelis et al., 2012)': '', 'Manchester Clinical Codes 43_conservative (Kontopantelis et al., 2012)': '', 'Manchester Clinical Codes 43_QOF (Kontopantelis et al., 2012)': '', 'TargetCOPD_Emis (Jordan et al., 2016)': '', 'TargetCOPD_SystemOne (Jordan et al., 2016)': '', 'QOF v36 (2016-2017)': '', 'Chen et al., 2020': '', 'Cole et al., 2020': '', 'Kerkhof et al., 2020': '', 'Patel et al., 2020': 'Y', 'Rockenschaub et al., 2020': ''}",1,6360,Chronic obstructive pulmonary disease (COPD) Primary care -  1,"{'id': 5, 'name': 'Read codes v2', 'description': 'Read codes v2'}",PH797,2221,Chronic obstructive pulmonary disease (COPD) Primary care,1
2480,6360,2022-01-17T14:00:10.339428Z,2802,3836,1,2802,3782,168893,9Oi3.00,Chronic obstructive pulmonary disease monitoring verb invite,"{'CPRD GOLD Med': '42258', 'BREATHE Chronic bronchitis': 'Y', 'BREATHE Emphysema': 'Y', 'BREATHE incident COPD': 'Y', 'BREATHE prevalent COPD': 'Y', 'BREATHE COPD exacerbations': '', 'BREATHE recommended': 'Y', 'Validated, Quint et al., 2014': 'Y', 'Cambridge COP087 (QOF 2012)': '', 'Cambridge COP151 (QOF 2012)': '', 'LSHTM Data Compass 340': 'Y', 'LSHTM Data Compass 859': 'Y', 'LSHTM Data Compass 1134': 'Y', 'LSHTM Data Compass 1600': 'Y', 'LSHTM Data Compass 1682': 'Y', 'LSHTM Data Compass 2036': 'Y', 'Manchester Clinical Codes 1 (QOF v24)': '', 'Manchester Clinical Codes 2 (QOF v5)': '', 'Manchester Clinical Codes 5 (Kontopantelis et al., 2014)': '', 'Manchester Clinical Codes 6 (Doran et al., 2011)': '', 'Manchester Clinical Codes 6_QOF (Doran et al., 2011)': '', 'Manchester Clinical Codes 9 (Kontopantelis et al., 2014)': '', 'Manchester Clinical Codes 21 (Kontopantelis et al., 2015)': '', 'Manchester Clinical Codes 26 (Reilly et al., 2015)': '', 'Manchester Clinical Codes 43 (Kontopantelis et al., 2012)': '', 'Manchester Clinical Codes 43_conservative (Kontopantelis et al., 2012)': '', 'Manchester Clinical Codes 43_QOF (Kontopantelis et al., 2012)': '', 'TargetCOPD_Emis (Jordan et al., 2016)': '', 'TargetCOPD_SystemOne (Jordan et al., 2016)': '', 'QOF v36 (2016-2017)': '', 'Chen et al., 2020': '', 'Cole et al., 2020': '', 'Kerkhof et al., 2020': '', 'Patel et al., 2020': '', 'Rockenschaub et al., 2020': ''}",1,6360,Chronic obstructive pulmonary disease (COPD) Primary care -  1,"{'id': 5, 'name': 'Read codes v2', 'description': 'Read codes v2'}",PH797,2221,Chronic obstructive pulmonary disease (COPD) Primary care,1
2480,6360,2022-01-17T14:00:10.339428Z,2802,3836,1,2802,3782,168894,9Oi4.00,Chronic obstructive pulmonary disease monitor phone invite,"{'CPRD GOLD Med': '38074', 'BREATHE Chronic bronchitis': 'Y', 'BREATHE Emphysema': 'Y', 'BREATHE incident COPD': 'Y', 'BREATHE prevalent COPD': 'Y', 'BREATHE COPD exacerbations': '', 'BREATHE recommended': 'Y', 'Validated, Quint et al., 2014': 'Y', 'Cambridge COP087 (QOF 2012)': '', 'Cambridge COP151 (QOF 2012)': '', 'LSHTM Data Compass 340': 'Y', 'LSHTM Data Compass 859': 'Y', 'LSHTM Data Compass 1134': 'Y', 'LSHTM Data Compass 1600': 'Y', 'LSHTM Data Compass 1682': 'Y', 'LSHTM Data Compass 2036': 'Y', 'Manchester Clinical Codes 1 (QOF v24)': '', 'Manchester Clinical Codes 2 (QOF v5)': '', 'Manchester Clinical Codes 5 (Kontopantelis et al., 2014)': '', 'Manchester Clinical Codes 6 (Doran et al., 2011)': '', 'Manchester Clinical Codes 6_QOF (Doran et al., 2011)': '', 'Manchester Clinical Codes 9 (Kontopantelis et al., 2014)': '', 'Manchester Clinical Codes 21 (Kontopantelis et al., 2015)': '', 'Manchester Clinical Codes 26 (Reilly et al., 2015)': '', 'Manchester Clinical Codes 43 (Kontopantelis et al., 2012)': '', 'Manchester Clinical Codes 43_conservative (Kontopantelis et al., 2012)': '', 'Manchester Clinical Codes 43_QOF (Kontopantelis et al., 2012)': '', 'TargetCOPD_Emis (Jordan et al., 2016)': '', 'TargetCOPD_SystemOne (Jordan et al., 2016)': '', 'QOF v36 (2016-2017)': '', 'Chen et al., 2020': '', 'Cole et al., 2020': '', 'Kerkhof et al., 2020': '', 'Patel et al., 2020': 'Y', 'Rockenschaub et al., 2020': ''}",1,6360,Chronic obstructive pulmonary disease (COPD) Primary care -  1,"{'id': 5, 'name': 'Read codes v2', 'description': 'Read codes v2'}",PH797,2221,Chronic obstructive pulmonary disease (COPD) Primary care,1
2480,6360,2022-01-17T14:00:10.339428Z,2802,3836,1,2802,3782,168895,H3...00,Chronic obstructive pulmonary disease,"{'CPRD GOLD Med': '1001', 'BREATHE Chronic bronchitis': 'Y', 'BREATHE Emphysema': 'Y', 'BREATHE incident COPD': 'Y', 'BREATHE prevalent COPD': 'Y', 'BREATHE COPD exacerbations': '', 'BREATHE recommended': 'Y', 'Validated, Quint et al., 2014': 'Y', 'Cambridge COP087 (QOF 2012)': 'Y', 'Cambridge COP151 (QOF 2012)': 'Y', 'LSHTM Data Compass 340': 'Y', 'LSHTM Data Compass 859': 'Y', 'LSHTM Data Compass 1134': 'Y', 'LSHTM Data Compass 1600': 'Y', 'LSHTM Data Compass 1682': 'Y', 'LSHTM Data Compass 2036': 'Y', 'Manchester Clinical Codes 1 (QOF v24)': 'Y', 'Manchester Clinical Codes 2 (QOF v5)': 'Y', 'Manchester Clinical Codes 5 (Kontopantelis et al., 2014)': 'Y', 'Manchester Clinical Codes 6 (Doran et al., 2011)': 'Y', 'Manchester Clinical Codes 6_QOF (Doran et al., 2011)': 'Y', 'Manchester Clinical Codes 9 (Kontopantelis et al., 2014)': 'Y', 'Manchester Clinical Codes 21 (Kontopantelis et al., 2015)': 'Y', 'Manchester Clinical Codes 26 (Reilly et al., 2015)': 'Y', 'Manchester Clinical Codes 43 (Kontopantelis et al., 2012)': 'Y', 'Manchester Clinical Codes 43_conservative (Kontopantelis et al., 2012)': 'Y', 'Manchester Clinical Codes 43_QOF (Kontopantelis et al., 2012)': 'Y', 'TargetCOPD_Emis (Jordan et al., 2016)': '', 'TargetCOPD_SystemOne (Jordan et al., 2016)': 'Y', 'QOF v36 (2016-2017)': 'Y', 'Chen et al., 2020': 'Y', 'Cole et al., 2020': 'Y', 'Kerkhof et al., 2020': 'Y', 'Patel et al., 2020': 'Y', 'Rockenschaub et al., 2020': 'Y'}",1,6360,Chronic obstructive pulmonary disease (COPD) Primary care -  1,"{'id': 5, 'name': 'Read codes v2', 'description': 'Read codes v2'}",PH797,2221,Chronic obstructive pulmonary disease (COPD) Primary care,1
2480,6360,2022-01-17T14:00:10.339428Z,2802,3836,1,2802,3782,168962,H30..00,Bronchitis unspecified,"{'CPRD GOLD Med': '148', 'BREATHE Chronic bronchitis': '', 'BREATHE Emphysema': '', 'BREATHE incident COPD': '', 'BREATHE prevalent COPD': '', 'BREATHE COPD exacerbations': '', 'BREATHE recommended': '', 'Validated, Quint et al., 2014': '', 'Cambridge COP087 (QOF 2012)': '', 'Cambridge COP151 (QOF 2012)': '', 'LSHTM Data Compass 340': '', 'LSHTM Data Compass 859': '', 'LSHTM Data Compass 1134': 'Y', 'LSHTM Data Compass 1600': '', 'LSHTM Data Compass 1682': '', 'LSHTM Data Compass 2036': 'Y', 'Manchester Clinical Codes 1 (QOF v24)': '', 'Manchester Clinical Codes 2 (QOF v5)': '', 'Manchester Clinical Codes 5 (Kontopantelis et al., 2014)': '', 'Manchester Clinical Codes 6 (Doran et al., 2011)': '', 'Manchester Clinical Codes 6_QOF (Doran et al., 2011)': '', 'Manchester Clinical Codes 9 (Kontopantelis et al., 2014)': '', 'Manchester Clinical Codes 21 (Kontopantelis et al., 2015)': '', 'Manchester Clinical Codes 26 (Reilly et al., 2015)': '', 'Manchester Clinical Codes 43 (Kontopantelis et al., 2012)': '', 'Manchester Clinical Codes 43_conservative (Kontopantelis et al., 2012)': '', 'Manchester Clinical Codes 43_QOF (Kontopantelis et al., 2012)': '', 'TargetCOPD_Emis (Jordan et al., 2016)': '', 'TargetCOPD_SystemOne (Jordan et al., 2016)': '', 'QOF v36 (2016-2017)': '', 'Chen et al., 2020': 'Y', 'Cole et al., 2020': '', 'Kerkhof et al., 2020': '', 'Patel et al., 2020': 'Y', 'Rockenschaub et al., 2020': ''}",1,6360,Chronic obstructive pulmonary disease (COPD) Primary care -  1,"{'id': 5, 'name': 'Read codes v2', 'description': 'Read codes v2'}",PH797,2221,Chronic obstructive pulmonary disease (COPD) Primary care,1
2480,6360,2022-01-17T14:00:10.339428Z,2802,3836,1,2802,3782,168965,H300.00,Tracheobronchitis NOS,"{'CPRD GOLD Med': '3163', 'BREATHE Chronic bronchitis': '', 'BREATHE Emphysema': '', 'BREATHE incident COPD': '', 'BREATHE prevalent COPD': '', 'BREATHE COPD exacerbations': '', 'BREATHE recommended': '', 'Validated, Quint et al., 2014': '', 'Cambridge COP087 (QOF 2012)': '', 'Cambridge COP151 (QOF 2012)': '', 'LSHTM Data Compass 340': '', 'LSHTM Data Compass 859': '', 'LSHTM Data Compass 1134': '', 'LSHTM Data Compass 1600': '', 'LSHTM Data Compass 1682': '', 'LSHTM Data Compass 2036': '', 'Manchester Clinical Codes 1 (QOF v24)': '', 'Manchester Clinical Codes 2 (QOF v5)': '', 'Manchester Clinical Codes 5 (Kontopantelis et al., 2014)': '', 'Manchester Clinical Codes 6 (Doran et al., 2011)': '', 'Manchester Clinical Codes 6_QOF (Doran et al., 2011)': '', 'Manchester Clinical Codes 9 (Kontopantelis et al., 2014)': '', 'Manchester Clinical Codes 21 (Kontopantelis et al., 2015)': '', 'Manchester Clinical Codes 26 (Reilly et al., 2015)': '', 'Manchester Clinical Codes 43 (Kontopantelis et al., 2012)': '', 'Manchester Clinical Codes 43_conservative (Kontopantelis et al., 2012)': '', 'Manchester Clinical Codes 43_QOF (Kontopantelis et al., 2012)': '', 'TargetCOPD_Emis (Jordan et al., 2016)': '', 'TargetCOPD_SystemOne (Jordan et al., 2016)': '', 'QOF v36 (2016-2017)': '', 'Chen et al., 2020': 'Y', 'Cole et al., 2020': '', 'Kerkhof et al., 2020': '', 'Patel et al., 2020': '', 'Rockenschaub et al., 2020': ''}",1,6360,Chronic obstructive pulmonary disease (COPD) Primary care -  1,"{'id': 5, 'name': 'Read codes v2', 'description': 'Read codes v2'}",PH797,2221,Chronic obstructive pulmonary disease (COPD) Primary care,1
2480,6360,2022-01-17T14:00:10.339428Z,2802,3836,1,2802,3782,168989,H320311,Tension pneumatocoele,"{'CPRD GOLD Med': '103733', 'BREATHE Chronic bronchitis': '', 'BREATHE Emphysema': '', 'BREATHE incident COPD': '', 'BREATHE prevalent COPD': '', 'BREATHE COPD exacerbations': '', 'BREATHE recommended': '', 'Validated, Quint et al., 2014': '', 'Cambridge COP087 (QOF 2012)': 'Y', 'Cambridge COP151 (QOF 2012)': 'Y', 'LSHTM Data Compass 340': '', 'LSHTM Data Compass 859': '', 'LSHTM Data Compass 1134': '', 'LSHTM Data Compass 1600': '', 'LSHTM Data Compass 1682': '', 'LSHTM Data Compass 2036': '', 'Manchester Clinical Codes 1 (QOF v24)': 'Y', 'Manchester Clinical Codes 2 (QOF v5)': 'Y', 'Manchester Clinical Codes 5 (Kontopantelis et al., 2014)': '', 'Manchester Clinical Codes 6 (Doran et al., 2011)': '', 'Manchester Clinical Codes 6_QOF (Doran et al., 2011)': '', 'Manchester Clinical Codes 9 (Kontopantelis et al., 2014)': '', 'Manchester Clinical Codes 21 (Kontopantelis et al., 2015)': '', 'Manchester Clinical Codes 26 (Reilly et al., 2015)': '', 'Manchester Clinical Codes 43 (Kontopantelis et al., 2012)': '', 'Manchester Clinical Codes 43_conservative (Kontopantelis et al., 2012)': '', 'Manchester Clinical Codes 43_QOF (Kontopantelis et al., 2012)': '', 'TargetCOPD_Emis (Jordan et al., 2016)': '', 'TargetCOPD_SystemOne (Jordan et al., 2016)': '', 'QOF v36 (2016-2017)': 'Y', 'Chen et al., 2020': 'Y', 'Cole et al., 2020': 'Y', 'Kerkhof et al., 2020': 'Y', 'Patel et al., 2020': '', 'Rockenschaub et al., 2020': 'Y'}",1,6360,Chronic obstructive pulmonary disease (COPD) Primary care -  1,"{'id': 5, 'name': 'Read codes v2', 'description': 'Read codes v2'}",PH797,2221,Chronic obstructive pulmonary disease (COPD) Primary care,1
2480,6360,2022-01-17T14:00:10.339428Z,2802,3836,1,2802,3782,168905,H320z00,Chronic bullous emphysema NOS,"{'CPRD GOLD Med': '23492', 'BREATHE Chronic bronchitis': '', 'BREATHE Emphysema': 'Y', 'BREATHE incident COPD': 'Y', 'BREATHE prevalent COPD': 'Y', 'BREATHE COPD exacerbations': '', 'BREATHE recommended': 'Y', 'Validated, Quint et al., 2014': 'Y', 'Cambridge COP087 (QOF 2012)': 'Y', 'Cambridge COP151 (QOF 2012)': 'Y', 'LSHTM Data Compass 340': 'Y', 'LSHTM Data Compass 859': 'Y', 'LSHTM Data Compass 1134': 'Y', 'LSHTM Data Compass 1600': 'Y', 'LSHTM Data Compass 1682': 'Y', 'LSHTM Data Compass 2036': 'Y', 'Manchester Clinical Codes 1 (QOF v24)': 'Y', 'Manchester Clinical Codes 2 (QOF v5)': 'Y', 'Manchester Clinical Codes 5 (Kontopantelis et al., 2014)': 'Y', 'Manchester Clinical Codes 6 (Doran et al., 2011)': 'Y', 'Manchester Clinical Codes 6_QOF (Doran et al., 2011)': 'Y', 'Manchester Clinical Codes 9 (Kontopantelis et al., 2014)': 'Y', 'Manchester Clinical Codes 21 (Kontopantelis et al., 2015)': 'Y', 'Manchester Clinical Codes 26 (Reilly et al., 2015)': 'Y', 'Manchester Clinical Codes 43 (Kontopantelis et al., 2012)': 'Y', 'Manchester Clinical Codes 43_conservative (Kontopantelis et al., 2012)': 'Y', 'Manchester Clinical Codes 43_QOF (Kontopantelis et al., 2012)': 'Y', 'TargetCOPD_Emis (Jordan et al., 2016)': '', 'TargetCOPD_SystemOne (Jordan et al., 2016)': '', 'QOF v36 (2016-2017)': 'Y', 'Chen et al., 2020': 'Y', 'Cole et al., 2020': 'Y', 'Kerkhof et al., 2020': 'Y', 'Patel et al., 2020': 'Y', 'Rockenschaub et al., 2020': 'Y'}",1,6360,Chronic obstructive pulmonary disease (COPD) Primary care -  1,"{'id': 5, 'name': 'Read codes v2', 'description': 'Read codes v2'}",PH797,2221,Chronic obstructive pulmonary disease (COPD) Primary care,1
2480,6360,2022-01-17T14:00:10.339428Z,2802,3836,1,2802,3782,168990,H321.00,Panlobular emphysema,"{'CPRD GOLD Med': '46578', 'BREATHE Chronic bronchitis': '', 'BREATHE Emphysema': 'Y', 'BREATHE incident COPD': 'Y', 'BREATHE prevalent COPD': 'Y', 'BREATHE COPD exacerbations': '', 'BREATHE recommended': 'Y', 'Validated, Quint et al., 2014': '', 'Cambridge COP087 (QOF 2012)': 'Y', 'Cambridge COP151 (QOF 2012)': 'Y', 'LSHTM Data Compass 340': 'Y', 'LSHTM Data Compass 859': 'Y', 'LSHTM Data Compass 1134': 'Y', 'LSHTM Data Compass 1600': 'Y', 'LSHTM Data Compass 1682': 'Y', 'LSHTM Data Compass 2036': 'Y', 'Manchester Clinical Codes 1 (QOF v24)': 'Y', 'Manchester Clinical Codes 2 (QOF v5)': 'Y', 'Manchester Clinical Codes 5 (Kontopantelis et al., 2014)': 'Y', 'Manchester Clinical Codes 6 (Doran et al., 2011)': 'Y', 'Manchester Clinical Codes 6_QOF (Doran et al., 2011)': 'Y', 'Manchester Clinical Codes 9 (Kontopantelis et al., 2014)': 'Y', 'Manchester Clinical Codes 21 (Kontopantelis et al., 2015)': 'Y', 'Manchester Clinical Codes 26 (Reilly et al., 2015)': 'Y', 'Manchester Clinical Codes 43 (Kontopantelis et al., 2012)': 'Y', 'Manchester Clinical Codes 43_conservative (Kontopantelis et al., 2012)': 'Y', 'Manchester Clinical Codes 43_QOF (Kontopantelis et al., 2012)': 'Y', 'TargetCOPD_Emis (Jordan et al., 2016)': '', 'TargetCOPD_SystemOne (Jordan et al., 2016)': '', 'QOF v36 (2016-2017)': 'Y', 'Chen et al., 2020': 'Y', 'Cole et al., 2020': 'Y', 'Kerkhof et al., 2020': 'Y', 'Patel et al., 2020': 'Y', 'Rockenschaub et al., 2020': 'Y'}",1,6360,Chronic obstructive pulmonary disease (COPD) Primary care -  1,"{'id': 5, 'name': 'Read codes v2', 'description': 'Read codes v2'}",PH797,2221,Chronic obstructive pulmonary disease (COPD) Primary care,1
2480,6360,2022-01-17T14:00:10.339428Z,2802,3836,1,2802,3782,168906,H322.00,Centrilobular emphysema,"{'CPRD GOLD Med': '10980', 'BREATHE Chronic bronchitis': '', 'BREATHE Emphysema': 'Y', 'BREATHE incident COPD': 'Y', 'BREATHE prevalent COPD': 'Y', 'BREATHE COPD exacerbations': '', 'BREATHE recommended': 'Y', 'Validated, Quint et al., 2014': 'Y', 'Cambridge COP087 (QOF 2012)': 'Y', 'Cambridge COP151 (QOF 2012)': 'Y', 'LSHTM Data Compass 340': 'Y', 'LSHTM Data Compass 859': 'Y', 'LSHTM Data Compass 1134': 'Y', 'LSHTM Data Compass 1600': 'Y', 'LSHTM Data Compass 1682': 'Y', 'LSHTM Data Compass 2036': 'Y', 'Manchester Clinical Codes 1 (QOF v24)': 'Y', 'Manchester Clinical Codes 2 (QOF v5)': 'Y', 'Manchester Clinical Codes 5 (Kontopantelis et al., 2014)': 'Y', 'Manchester Clinical Codes 6 (Doran et al., 2011)': 'Y', 'Manchester Clinical Codes 6_QOF (Doran et al., 2011)': 'Y', 'Manchester Clinical Codes 9 (Kontopantelis et al., 2014)': 'Y', 'Manchester Clinical Codes 21 (Kontopantelis et al., 2015)': 'Y', 'Manchester Clinical Codes 26 (Reilly et al., 2015)': 'Y', 'Manchester Clinical Codes 43 (Kontopantelis et al., 2012)': 'Y', 'Manchester Clinical Codes 43_conservative (Kontopantelis et al., 2012)': 'Y', 'Manchester Clinical Codes 43_QOF (Kontopantelis et al., 2012)': 'Y', 'TargetCOPD_Emis (Jordan et al., 2016)': '', 'TargetCOPD_SystemOne (Jordan et al., 2016)': '', 'QOF v36 (2016-2017)': 'Y', 'Chen et al., 2020': 'Y', 'Cole et al., 2020': 'Y', 'Kerkhof et al., 2020': 'Y', 'Patel et al., 2020': 'Y', 'Rockenschaub et al., 2020': 'Y'}",1,6360,Chronic obstructive pulmonary disease (COPD) Primary care -  1,"{'id': 5, 'name': 'Read codes v2', 'description': 'Read codes v2'}",PH797,2221,Chronic obstructive pulmonary disease (COPD) Primary care,1
2480,6360,2022-01-17T14:00:10.339428Z,2802,3836,1,2802,3782,168991,H32y.00,Other emphysema,"{'CPRD GOLD Med': '40788', 'BREATHE Chronic bronchitis': '', 'BREATHE Emphysema': 'Y', 'BREATHE incident COPD': 'Y', 'BREATHE prevalent COPD': 'Y', 'BREATHE COPD exacerbations': '', 'BREATHE recommended': 'Y', 'Validated, Quint et al., 2014': '', 'Cambridge COP087 (QOF 2012)': 'Y', 'Cambridge COP151 (QOF 2012)': 'Y', 'LSHTM Data Compass 340': '', 'LSHTM Data Compass 859': '', 'LSHTM Data Compass 1134': '', 'LSHTM Data Compass 1600': '', 'LSHTM Data Compass 1682': '', 'LSHTM Data Compass 2036': '', 'Manchester Clinical Codes 1 (QOF v24)': 'Y', 'Manchester Clinical Codes 2 (QOF v5)': 'Y', 'Manchester Clinical Codes 5 (Kontopantelis et al., 2014)': 'Y', 'Manchester Clinical Codes 6 (Doran et al., 2011)': 'Y', 'Manchester Clinical Codes 6_QOF (Doran et al., 2011)': 'Y', 'Manchester Clinical Codes 9 (Kontopantelis et al., 2014)': 'Y', 'Manchester Clinical Codes 21 (Kontopantelis et al., 2015)': 'Y', 'Manchester Clinical Codes 26 (Reilly et al., 2015)': 'Y', 'Manchester Clinical Codes 43 (Kontopantelis et al., 2012)': 'Y', 'Manchester Clinical Codes 43_conservative (Kontopantelis et al., 2012)': 'Y', 'Manchester Clinical Codes 43_QOF (Kontopantelis et al., 2012)': 'Y', 'TargetCOPD_Emis (Jordan et al., 2016)': '', 'TargetCOPD_SystemOne (Jordan et al., 2016)': '', 'QOF v36 (2016-2017)': 'Y', 'Chen et al., 2020': 'Y', 'Cole et al., 2020': 'Y', 'Kerkhof et al., 2020': 'Y', 'Patel et al., 2020': '', 'Rockenschaub et al., 2020': 'Y'}",1,6360,Chronic obstructive pulmonary disease (COPD) Primary care -  1,"{'id': 5, 'name': 'Read codes v2', 'description': 'Read codes v2'}",PH797,2221,Chronic obstructive pulmonary disease (COPD) Primary care,1
2480,6360,2022-01-17T14:00:10.339428Z,2802,3836,1,2802,3782,168992,H32y000,Acute vesicular emphysema,"{'CPRD GOLD Med': '92955', 'BREATHE Chronic bronchitis': '', 'BREATHE Emphysema': '', 'BREATHE incident COPD': '', 'BREATHE prevalent COPD': '', 'BREATHE COPD exacerbations': '', 'BREATHE recommended': '', 'Validated, Quint et al., 2014': '', 'Cambridge COP087 (QOF 2012)': 'Y', 'Cambridge COP151 (QOF 2012)': 'Y', 'LSHTM Data Compass 340': '', 'LSHTM Data Compass 859': '', 'LSHTM Data Compass 1134': '', 'LSHTM Data Compass 1600': '', 'LSHTM Data Compass 1682': '', 'LSHTM Data Compass 2036': '', 'Manchester Clinical Codes 1 (QOF v24)': 'Y', 'Manchester Clinical Codes 2 (QOF v5)': 'Y', 'Manchester Clinical Codes 5 (Kontopantelis et al., 2014)': 'Y', 'Manchester Clinical Codes 6 (Doran et al., 2011)': 'Y', 'Manchester Clinical Codes 6_QOF (Doran et al., 2011)': 'Y', 'Manchester Clinical Codes 9 (Kontopantelis et al., 2014)': 'Y', 'Manchester Clinical Codes 21 (Kontopantelis et al., 2015)': 'Y', 'Manchester Clinical Codes 26 (Reilly et al., 2015)': 'Y', 'Manchester Clinical Codes 43 (Kontopantelis et al., 2012)': 'Y', 'Manchester Clinical Codes 43_conservative (Kontopantelis et al., 2012)': 'Y', 'Manchester Clinical Codes 43_QOF (Kontopantelis et al., 2012)': 'Y', 'TargetCOPD_Emis (Jordan et al., 2016)': '', 'TargetCOPD_SystemOne (Jordan et al., 2016)': '', 'QOF v36 (2016-2017)': 'Y', 'Chen et al., 2020': 'Y', 'Cole et al., 2020': 'Y', 'Kerkhof et al., 2020': 'Y', 'Patel et al., 2020': '', 'Rockenschaub et al., 2020': 'Y'}",1,6360,Chronic obstructive pulmonary disease (COPD) Primary care -  1,"{'id': 5, 'name': 'Read codes v2', 'description': 'Read codes v2'}",PH797,2221,Chronic obstructive pulmonary disease (COPD) Primary care,1
2480,6360,2022-01-17T14:00:10.339428Z,2802,3836,1,2802,3782,168993,H32y100,Atrophic (senile) emphysema,"{'CPRD GOLD Med': '70787', 'BREATHE Chronic bronchitis': '', 'BREATHE Emphysema': '', 'BREATHE incident COPD': '', 'BREATHE prevalent COPD': '', 'BREATHE COPD exacerbations': '', 'BREATHE recommended': '', 'Validated, Quint et al., 2014': '', 'Cambridge COP087 (QOF 2012)': 'Y', 'Cambridge COP151 (QOF 2012)': 'Y', 'LSHTM Data Compass 340': '', 'LSHTM Data Compass 859': '', 'LSHTM Data Compass 1134': '', 'LSHTM Data Compass 1600': '', 'LSHTM Data Compass 1682': '', 'LSHTM Data Compass 2036': '', 'Manchester Clinical Codes 1 (QOF v24)': 'Y', 'Manchester Clinical Codes 2 (QOF v5)': 'Y', 'Manchester Clinical Codes 5 (Kontopantelis et al., 2014)': 'Y', 'Manchester Clinical Codes 6 (Doran et al., 2011)': 'Y', 'Manchester Clinical Codes 6_QOF (Doran et al., 2011)': 'Y', 'Manchester Clinical Codes 9 (Kontopantelis et al., 2014)': 'Y', 'Manchester Clinical Codes 21 (Kontopantelis et al., 2015)': 'Y', 'Manchester Clinical Codes 26 (Reilly et al., 2015)': 'Y', 'Manchester Clinical Codes 43 (Kontopantelis et al., 2012)': 'Y', 'Manchester Clinical Codes 43_conservative (Kontopantelis et al., 2012)': 'Y', 'Manchester Clinical Codes 43_QOF (Kontopantelis et al., 2012)': 'Y', 'TargetCOPD_Emis (Jordan et al., 2016)': '', 'TargetCOPD_SystemOne (Jordan et al., 2016)': '', 'QOF v36 (2016-2017)': 'Y', 'Chen et al., 2020': 'Y', 'Cole et al., 2020': 'Y', 'Kerkhof et al., 2020': 'Y', 'Patel et al., 2020': '', 'Rockenschaub et al., 2020': 'Y'}",1,6360,Chronic obstructive pulmonary disease (COPD) Primary care -  1,"{'id': 5, 'name': 'Read codes v2', 'description': 'Read codes v2'}",PH797,2221,Chronic obstructive pulmonary disease (COPD) Primary care,1
2480,6360,2022-01-17T14:00:10.339428Z,2802,3836,1,2802,3782,168994,H32y111,Acute interstitial emphysema,"{'CPRD GOLD Med': '59263', 'BREATHE Chronic bronchitis': '', 'BREATHE Emphysema': '', 'BREATHE incident COPD': '', 'BREATHE prevalent COPD': '', 'BREATHE COPD exacerbations': '', 'BREATHE recommended': '', 'Validated, Quint et al., 2014': '', 'Cambridge COP087 (QOF 2012)': 'Y', 'Cambridge COP151 (QOF 2012)': 'Y', 'LSHTM Data Compass 340': '', 'LSHTM Data Compass 859': '', 'LSHTM Data Compass 1134': '', 'LSHTM Data Compass 1600': '', 'LSHTM Data Compass 1682': '', 'LSHTM Data Compass 2036': '', 'Manchester Clinical Codes 1 (QOF v24)': 'Y', 'Manchester Clinical Codes 2 (QOF v5)': 'Y', 'Manchester Clinical Codes 5 (Kontopantelis et al., 2014)': 'Y', 'Manchester Clinical Codes 6 (Doran et al., 2011)': 'Y', 'Manchester Clinical Codes 6_QOF (Doran et al., 2011)': 'Y', 'Manchester Clinical Codes 9 (Kontopantelis et al., 2014)': 'Y', 'Manchester Clinical Codes 21 (Kontopantelis et al., 2015)': 'Y', 'Manchester Clinical Codes 26 (Reilly et al., 2015)': 'Y', 'Manchester Clinical Codes 43 (Kontopantelis et al., 2012)': 'Y', 'Manchester Clinical Codes 43_conservative (Kontopantelis et al., 2012)': 'Y', 'Manchester Clinical Codes 43_QOF (Kontopantelis et al., 2012)': 'Y', 'TargetCOPD_Emis (Jordan et al., 2016)': '', 'TargetCOPD_SystemOne (Jordan et al., 2016)': '', 'QOF v36 (2016-2017)': 'Y', 'Chen et al., 2020': 'Y', 'Cole et al., 2020': 'Y', 'Kerkhof et al., 2020': 'Y', 'Patel et al., 2020': '', 'Rockenschaub et al., 2020': 'Y'}",1,6360,Chronic obstructive pulmonary disease (COPD) Primary care -  1,"{'id': 5, 'name': 'Read codes v2', 'description': 'Read codes v2'}",PH797,2221,Chronic obstructive pulmonary disease (COPD) Primary care,1
2480,6360,2022-01-17T14:00:10.339428Z,2802,3836,1,2802,3782,168995,H32y200,MacLeod's unilateral emphysema,"{'CPRD GOLD Med': '63479', 'BREATHE Chronic bronchitis': '', 'BREATHE Emphysema': '', 'BREATHE incident COPD': '', 'BREATHE prevalent COPD': '', 'BREATHE COPD exacerbations': '', 'BREATHE recommended': '', 'Validated, Quint et al., 2014': '', 'Cambridge COP087 (QOF 2012)': 'Y', 'Cambridge COP151 (QOF 2012)': 'Y', 'LSHTM Data Compass 340': '', 'LSHTM Data Compass 859': '', 'LSHTM Data Compass 1134': '', 'LSHTM Data Compass 1600': '', 'LSHTM Data Compass 1682': '', 'LSHTM Data Compass 2036': '', 'Manchester Clinical Codes 1 (QOF v24)': 'Y', 'Manchester Clinical Codes 2 (QOF v5)': 'Y', 'Manchester Clinical Codes 5 (Kontopantelis et al., 2014)': 'Y', 'Manchester Clinical Codes 6 (Doran et al., 2011)': 'Y', 'Manchester Clinical Codes 6_QOF (Doran et al., 2011)': 'Y', 'Manchester Clinical Codes 9 (Kontopantelis et al., 2014)': 'Y', 'Manchester Clinical Codes 21 (Kontopantelis et al., 2015)': 'Y', 'Manchester Clinical Codes 26 (Reilly et al., 2015)': 'Y', 'Manchester Clinical Codes 43 (Kontopantelis et al., 2012)': 'Y', 'Manchester Clinical Codes 43_conservative (Kontopantelis et al., 2012)': 'Y', 'Manchester Clinical Codes 43_QOF (Kontopantelis et al., 2012)': 'Y', 'TargetCOPD_Emis (Jordan et al., 2016)': '', 'TargetCOPD_SystemOne (Jordan et al., 2016)': '', 'QOF v36 (2016-2017)': 'Y', 'Chen et al., 2020': 'Y', 'Cole et al., 2020': 'Y', 'Kerkhof et al., 2020': 'Y', 'Patel et al., 2020': '', 'Rockenschaub et al., 2020': 'Y'}",1,6360,Chronic obstructive pulmonary disease (COPD) Primary care -  1,"{'id': 5, 'name': 'Read codes v2', 'description': 'Read codes v2'}",PH797,2221,Chronic obstructive pulmonary disease (COPD) Primary care,1
2480,6360,2022-01-17T14:00:10.339428Z,2802,3836,1,2802,3782,168996,H32yz00,Other emphysema NOS,"{'CPRD GOLD Med': '16410', 'BREATHE Chronic bronchitis': '', 'BREATHE Emphysema': '', 'BREATHE incident COPD': '', 'BREATHE prevalent COPD': '', 'BREATHE COPD exacerbations': '', 'BREATHE recommended': '', 'Validated, Quint et al., 2014': '', 'Cambridge COP087 (QOF 2012)': 'Y', 'Cambridge COP151 (QOF 2012)': 'Y', 'LSHTM Data Compass 340': '', 'LSHTM Data Compass 859': '', 'LSHTM Data Compass 1134': '', 'LSHTM Data Compass 1600': '', 'LSHTM Data Compass 1682': '', 'LSHTM Data Compass 2036': '', 'Manchester Clinical Codes 1 (QOF v24)': 'Y', 'Manchester Clinical Codes 2 (QOF v5)': 'Y', 'Manchester Clinical Codes 5 (Kontopantelis et al., 2014)': 'Y', 'Manchester Clinical Codes 6 (Doran et al., 2011)': 'Y', 'Manchester Clinical Codes 6_QOF (Doran et al., 2011)': 'Y', 'Manchester Clinical Codes 9 (Kontopantelis et al., 2014)': 'Y', 'Manchester Clinical Codes 21 (Kontopantelis et al., 2015)': 'Y', 'Manchester Clinical Codes 26 (Reilly et al., 2015)': 'Y', 'Manchester Clinical Codes 43 (Kontopantelis et al., 2012)': 'Y', 'Manchester Clinical Codes 43_conservative (Kontopantelis et al., 2012)': 'Y', 'Manchester Clinical Codes 43_QOF (Kontopantelis et al., 2012)': 'Y', 'TargetCOPD_Emis (Jordan et al., 2016)': '', 'TargetCOPD_SystemOne (Jordan et al., 2016)': '', 'QOF v36 (2016-2017)': 'Y', 'Chen et al., 2020': 'Y', 'Cole et al., 2020': 'Y', 'Kerkhof et al., 2020': 'Y', 'Patel et al., 2020': '', 'Rockenschaub et al., 2020': 'Y'}",1,6360,Chronic obstructive pulmonary disease (COPD) Primary care -  1,"{'id': 5, 'name': 'Read codes v2', 'description': 'Read codes v2'}",PH797,2221,Chronic obstructive pulmonary disease (COPD) Primary care,1
2480,6360,2022-01-17T14:00:10.339428Z,2802,3836,1,2802,3782,168997,H32yz11,Sawyer - Jones syndrome,"{'CPRD GOLD Med': '111668', 'BREATHE Chronic bronchitis': '', 'BREATHE Emphysema': '', 'BREATHE incident COPD': '', 'BREATHE prevalent COPD': '', 'BREATHE COPD exacerbations': '', 'BREATHE recommended': '', 'Validated, Quint et al., 2014': '', 'Cambridge COP087 (QOF 2012)': '', 'Cambridge COP151 (QOF 2012)': '', 'LSHTM Data Compass 340': '', 'LSHTM Data Compass 859': '', 'LSHTM Data Compass 1134': '', 'LSHTM Data Compass 1600': '', 'LSHTM Data Compass 1682': '', 'LSHTM Data Compass 2036': '', 'Manchester Clinical Codes 1 (QOF v24)': '', 'Manchester Clinical Codes 2 (QOF v5)': '', 'Manchester Clinical Codes 5 (Kontopantelis et al., 2014)': '', 'Manchester Clinical Codes 6 (Doran et al., 2011)': '', 'Manchester Clinical Codes 6_QOF (Doran et al., 2011)': '', 'Manchester Clinical Codes 9 (Kontopantelis et al., 2014)': '', 'Manchester Clinical Codes 21 (Kontopantelis et al., 2015)': '', 'Manchester Clinical Codes 26 (Reilly et al., 2015)': '', 'Manchester Clinical Codes 43 (Kontopantelis et al., 2012)': '', 'Manchester Clinical Codes 43_conservative (Kontopantelis et al., 2012)': '', 'Manchester Clinical Codes 43_QOF (Kontopantelis et al., 2012)': '', 'TargetCOPD_Emis (Jordan et al., 2016)': '', 'TargetCOPD_SystemOne (Jordan et al., 2016)': '', 'QOF v36 (2016-2017)': 'Y', 'Chen et al., 2020': 'Y', 'Cole et al., 2020': 'Y', 'Kerkhof et al., 2020': 'Y', 'Patel et al., 2020': '', 'Rockenschaub et al., 2020': 'Y'}",1,6360,Chronic obstructive pulmonary disease (COPD) Primary care -  1,"{'id': 5, 'name': 'Read codes v2', 'description': 'Read codes v2'}",PH797,2221,Chronic obstructive pulmonary disease (COPD) Primary care,1
2480,6360,2022-01-17T14:00:10.339428Z,2802,3836,1,2802,3782,168907,H32z.00,Emphysema NOS,"{'CPRD GOLD Med': '33450', 'BREATHE Chronic bronchitis': '', 'BREATHE Emphysema': 'Y', 'BREATHE incident COPD': 'Y', 'BREATHE prevalent COPD': 'Y', 'BREATHE COPD exacerbations': '', 'BREATHE recommended': 'Y', 'Validated, Quint et al., 2014': 'Y', 'Cambridge COP087 (QOF 2012)': 'Y', 'Cambridge COP151 (QOF 2012)': 'Y', 'LSHTM Data Compass 340': 'Y', 'LSHTM Data Compass 859': 'Y', 'LSHTM Data Compass 1134': 'Y', 'LSHTM Data Compass 1600': 'Y', 'LSHTM Data Compass 1682': 'Y', 'LSHTM Data Compass 2036': 'Y', 'Manchester Clinical Codes 1 (QOF v24)': 'Y', 'Manchester Clinical Codes 2 (QOF v5)': 'Y', 'Manchester Clinical Codes 5 (Kontopantelis et al., 2014)': 'Y', 'Manchester Clinical Codes 6 (Doran et al., 2011)': 'Y', 'Manchester Clinical Codes 6_QOF (Doran et al., 2011)': 'Y', 'Manchester Clinical Codes 9 (Kontopantelis et al., 2014)': 'Y', 'Manchester Clinical Codes 21 (Kontopantelis et al., 2015)': 'Y', 'Manchester Clinical Codes 26 (Reilly et al., 2015)': 'Y', 'Manchester Clinical Codes 43 (Kontopantelis et al., 2012)': 'Y', 'Manchester Clinical Codes 43_conservative (Kontopantelis et al., 2012)': 'Y', 'Manchester Clinical Codes 43_QOF (Kontopantelis et al., 2012)': 'Y', 'TargetCOPD_Emis (Jordan et al., 2016)': '', 'TargetCOPD_SystemOne (Jordan et al., 2016)': '', 'QOF v36 (2016-2017)': 'Y', 'Chen et al., 2020': 'Y', 'Cole et al., 2020': 'Y', 'Kerkhof et al., 2020': 'Y', 'Patel et al., 2020': 'Y', 'Rockenschaub et al., 2020': 'Y'}",1,6360,Chronic obstructive pulmonary disease (COPD) Primary care -  1,"{'id': 5, 'name': 'Read codes v2', 'description': 'Read codes v2'}",PH797,2221,Chronic obstructive pulmonary disease (COPD) Primary care,1
2480,6360,2022-01-17T14:00:10.339428Z,2802,3836,1,2802,3782,168998,H34..00,Bronchiectasis,"{'CPRD GOLD Med': '2195', 'BREATHE Chronic bronchitis': '', 'BREATHE Emphysema': '', 'BREATHE incident COPD': '', 'BREATHE prevalent COPD': '', 'BREATHE COPD exacerbations': '', 'BREATHE recommended': '', 'Validated, Quint et al., 2014': '', 'Cambridge COP087 (QOF 2012)': '', 'Cambridge COP151 (QOF 2012)': '', 'LSHTM Data Compass 340': '', 'LSHTM Data Compass 859': '', 'LSHTM Data Compass 1134': '', 'LSHTM Data Compass 1600': '', 'LSHTM Data Compass 1682': '', 'LSHTM Data Compass 2036': '', 'Manchester Clinical Codes 1 (QOF v24)': '', 'Manchester Clinical Codes 2 (QOF v5)': '', 'Manchester Clinical Codes 5 (Kontopantelis et al., 2014)': '', 'Manchester Clinical Codes 6 (Doran et al., 2011)': '', 'Manchester Clinical Codes 6_QOF (Doran et al., 2011)': '', 'Manchester Clinical Codes 9 (Kontopantelis et al., 2014)': '', 'Manchester Clinical Codes 21 (Kontopantelis et al., 2015)': '', 'Manchester Clinical Codes 26 (Reilly et al., 2015)': '', 'Manchester Clinical Codes 43 (Kontopantelis et al., 2012)': '', 'Manchester Clinical Codes 43_conservative (Kontopantelis et al., 2012)': '', 'Manchester Clinical Codes 43_QOF (Kontopantelis et al., 2012)': '', 'TargetCOPD_Emis (Jordan et al., 2016)': '', 'TargetCOPD_SystemOne (Jordan et al., 2016)': '', 'QOF v36 (2016-2017)': '', 'Chen et al., 2020': 'Y', 'Cole et al., 2020': '', 'Kerkhof et al., 2020': '', 'Patel et al., 2020': '', 'Rockenschaub et al., 2020': ''}",1,6360,Chronic obstructive pulmonary disease (COPD) Primary care -  1,"{'id': 5, 'name': 'Read codes v2', 'description': 'Read codes v2'}",PH797,2221,Chronic obstructive pulmonary disease (COPD) Primary care,1
2480,6360,2022-01-17T14:00:10.339428Z,2802,3836,1,2802,3782,168999,H340.00,Recurrent bronchiectasis,"{'CPRD GOLD Med': '20364', 'BREATHE Chronic bronchitis': '', 'BREATHE Emphysema': '', 'BREATHE incident COPD': '', 'BREATHE prevalent COPD': '', 'BREATHE COPD exacerbations': '', 'BREATHE recommended': '', 'Validated, Quint et al., 2014': '', 'Cambridge COP087 (QOF 2012)': '', 'Cambridge COP151 (QOF 2012)': '', 'LSHTM Data Compass 340': '', 'LSHTM Data Compass 859': '', 'LSHTM Data Compass 1134': '', 'LSHTM Data Compass 1600': '', 'LSHTM Data Compass 1682': '', 'LSHTM Data Compass 2036': '', 'Manchester Clinical Codes 1 (QOF v24)': '', 'Manchester Clinical Codes 2 (QOF v5)': '', 'Manchester Clinical Codes 5 (Kontopantelis et al., 2014)': '', 'Manchester Clinical Codes 6 (Doran et al., 2011)': '', 'Manchester Clinical Codes 6_QOF (Doran et al., 2011)': '', 'Manchester Clinical Codes 9 (Kontopantelis et al., 2014)': '', 'Manchester Clinical Codes 21 (Kontopantelis et al., 2015)': '', 'Manchester Clinical Codes 26 (Reilly et al., 2015)': '', 'Manchester Clinical Codes 43 (Kontopantelis et al., 2012)': '', 'Manchester Clinical Codes 43_conservative (Kontopantelis et al., 2012)': '', 'Manchester Clinical Codes 43_QOF (Kontopantelis et al., 2012)': '', 'TargetCOPD_Emis (Jordan et al., 2016)': '', 'TargetCOPD_SystemOne (Jordan et al., 2016)': '', 'QOF v36 (2016-2017)': '', 'Chen et al., 2020': 'Y', 'Cole et al., 2020': '', 'Kerkhof et al., 2020': '', 'Patel et al., 2020': '', 'Rockenschaub et al., 2020': ''}",1,6360,Chronic obstructive pulmonary disease (COPD) Primary care -  1,"{'id': 5, 'name': 'Read codes v2', 'description': 'Read codes v2'}",PH797,2221,Chronic obstructive pulmonary disease (COPD) Primary care,1
2480,6360,2022-01-17T14:00:10.339428Z,2802,3836,1,2802,3782,169000,H341.00,Post-infective bronchiectasis,"{'CPRD GOLD Med': '41491', 'BREATHE Chronic bronchitis': '', 'BREATHE Emphysema': '', 'BREATHE incident COPD': '', 'BREATHE prevalent COPD': '', 'BREATHE COPD exacerbations': '', 'BREATHE recommended': '', 'Validated, Quint et al., 2014': '', 'Cambridge COP087 (QOF 2012)': '', 'Cambridge COP151 (QOF 2012)': '', 'LSHTM Data Compass 340': '', 'LSHTM Data Compass 859': '', 'LSHTM Data Compass 1134': '', 'LSHTM Data Compass 1600': '', 'LSHTM Data Compass 1682': '', 'LSHTM Data Compass 2036': '', 'Manchester Clinical Codes 1 (QOF v24)': '', 'Manchester Clinical Codes 2 (QOF v5)': '', 'Manchester Clinical Codes 5 (Kontopantelis et al., 2014)': '', 'Manchester Clinical Codes 6 (Doran et al., 2011)': '', 'Manchester Clinical Codes 6_QOF (Doran et al., 2011)': '', 'Manchester Clinical Codes 9 (Kontopantelis et al., 2014)': '', 'Manchester Clinical Codes 21 (Kontopantelis et al., 2015)': '', 'Manchester Clinical Codes 26 (Reilly et al., 2015)': '', 'Manchester Clinical Codes 43 (Kontopantelis et al., 2012)': '', 'Manchester Clinical Codes 43_conservative (Kontopantelis et al., 2012)': '', 'Manchester Clinical Codes 43_QOF (Kontopantelis et al., 2012)': '', 'TargetCOPD_Emis (Jordan et al., 2016)': '', 'TargetCOPD_SystemOne (Jordan et al., 2016)': '', 'QOF v36 (2016-2017)': '', 'Chen et al., 2020': 'Y', 'Cole et al., 2020': '', 'Kerkhof et al., 2020': '', 'Patel et al., 2020': '', 'Rockenschaub et al., 2020': ''}",1,6360,Chronic obstructive pulmonary disease (COPD) Primary care -  1,"{'id': 5, 'name': 'Read codes v2', 'description': 'Read codes v2'}",PH797,2221,Chronic obstructive pulmonary disease (COPD) Primary care,1
2480,6360,2022-01-17T14:00:10.339428Z,2802,3836,1,2802,3782,169001,H34z.00,Bronchiectasis NOS,"{'CPRD GOLD Med': '32679', 'BREATHE Chronic bronchitis': '', 'BREATHE Emphysema': '', 'BREATHE incident COPD': '', 'BREATHE prevalent COPD': '', 'BREATHE COPD exacerbations': '', 'BREATHE recommended': '', 'Validated, Quint et al., 2014': '', 'Cambridge COP087 (QOF 2012)': '', 'Cambridge COP151 (QOF 2012)': '', 'LSHTM Data Compass 340': '', 'LSHTM Data Compass 859': '', 'LSHTM Data Compass 1134': '', 'LSHTM Data Compass 1600': '', 'LSHTM Data Compass 1682': '', 'LSHTM Data Compass 2036': '', 'Manchester Clinical Codes 1 (QOF v24)': '', 'Manchester Clinical Codes 2 (QOF v5)': '', 'Manchester Clinical Codes 5 (Kontopantelis et al., 2014)': '', 'Manchester Clinical Codes 6 (Doran et al., 2011)': '', 'Manchester Clinical Codes 6_QOF (Doran et al., 2011)': '', 'Manchester Clinical Codes 9 (Kontopantelis et al., 2014)': '', 'Manchester Clinical Codes 21 (Kontopantelis et al., 2015)': '', 'Manchester Clinical Codes 26 (Reilly et al., 2015)': '', 'Manchester Clinical Codes 43 (Kontopantelis et al., 2012)': '', 'Manchester Clinical Codes 43_conservative (Kontopantelis et al., 2012)': '', 'Manchester Clinical Codes 43_QOF (Kontopantelis et al., 2012)': '', 'TargetCOPD_Emis (Jordan et al., 2016)': '', 'TargetCOPD_SystemOne (Jordan et al., 2016)': '', 'QOF v36 (2016-2017)': '', 'Chen et al., 2020': 'Y', 'Cole et al., 2020': '', 'Kerkhof et al., 2020': '', 'Patel et al., 2020': '', 'Rockenschaub et al., 2020': ''}",1,6360,Chronic obstructive pulmonary disease (COPD) Primary care -  1,"{'id': 5, 'name': 'Read codes v2', 'description': 'Read codes v2'}",PH797,2221,Chronic obstructive pulmonary disease (COPD) Primary care,1
2480,6360,2022-01-17T14:00:10.339428Z,2802,3836,1,2802,3782,168908,H36..00,Mild chronic obstructive pulmonary disease,"{'CPRD GOLD Med': '10863', 'BREATHE Chronic bronchitis': 'Y', 'BREATHE Emphysema': 'Y', 'BREATHE incident COPD': 'Y', 'BREATHE prevalent COPD': 'Y', 'BREATHE COPD exacerbations': '', 'BREATHE recommended': 'Y', 'Validated, Quint et al., 2014': 'Y', 'Cambridge COP087 (QOF 2012)': 'Y', 'Cambridge COP151 (QOF 2012)': 'Y', 'LSHTM Data Compass 340': 'Y', 'LSHTM Data Compass 859': 'Y', 'LSHTM Data Compass 1134': 'Y', 'LSHTM Data Compass 1600': 'Y', 'LSHTM Data Compass 1682': 'Y', 'LSHTM Data Compass 2036': 'Y', 'Manchester Clinical Codes 1 (QOF v24)': 'Y', 'Manchester Clinical Codes 2 (QOF v5)': 'Y', 'Manchester Clinical Codes 5 (Kontopantelis et al., 2014)': 'Y', 'Manchester Clinical Codes 6 (Doran et al., 2011)': 'Y', 'Manchester Clinical Codes 6_QOF (Doran et al., 2011)': 'Y', 'Manchester Clinical Codes 9 (Kontopantelis et al., 2014)': 'Y', 'Manchester Clinical Codes 21 (Kontopantelis et al., 2015)': 'Y', 'Manchester Clinical Codes 26 (Reilly et al., 2015)': 'Y', 'Manchester Clinical Codes 43 (Kontopantelis et al., 2012)': 'Y', 'Manchester Clinical Codes 43_conservative (Kontopantelis et al., 2012)': 'Y', 'Manchester Clinical Codes 43_QOF (Kontopantelis et al., 2012)': 'Y', 'TargetCOPD_Emis (Jordan et al., 2016)': 'Y', 'TargetCOPD_SystemOne (Jordan et al., 2016)': '', 'QOF v36 (2016-2017)': 'Y', 'Chen et al., 2020': 'Y', 'Cole et al., 2020': 'Y', 'Kerkhof et al., 2020': 'Y', 'Patel et al., 2020': 'Y', 'Rockenschaub et al., 2020': 'Y'}",1,6360,Chronic obstructive pulmonary disease (COPD) Primary care -  1,"{'id': 5, 'name': 'Read codes v2', 'description': 'Read codes v2'}",PH797,2221,Chronic obstructive pulmonary disease (COPD) Primary care,1
2480,6360,2022-01-17T14:00:10.339428Z,2802,3836,1,2802,3782,168930,66YB200,Telehealth chronic obstructive pulmonary disease monitoring,"{'CPRD GOLD Med': '109774', 'BREATHE Chronic bronchitis': 'Y', 'BREATHE Emphysema': 'Y', 'BREATHE incident COPD': 'Y', 'BREATHE prevalent COPD': 'Y', 'BREATHE COPD exacerbations': '', 'BREATHE recommended': 'Y', 'Validated, Quint et al., 2014': '', 'Cambridge COP087 (QOF 2012)': '', 'Cambridge COP151 (QOF 2012)': '', 'LSHTM Data Compass 340': '', 'LSHTM Data Compass 859': '', 'LSHTM Data Compass 1134': 'Y', 'LSHTM Data Compass 1600': '', 'LSHTM Data Compass 1682': '', 'LSHTM Data Compass 2036': 'Y', 'Manchester Clinical Codes 1 (QOF v24)': '', 'Manchester Clinical Codes 2 (QOF v5)': '', 'Manchester Clinical Codes 5 (Kontopantelis et al., 2014)': '', 'Manchester Clinical Codes 6 (Doran et al., 2011)': '', 'Manchester Clinical Codes 6_QOF (Doran et al., 2011)': '', 'Manchester Clinical Codes 9 (Kontopantelis et al., 2014)': '', 'Manchester Clinical Codes 21 (Kontopantelis et al., 2015)': '', 'Manchester Clinical Codes 26 (Reilly et al., 2015)': '', 'Manchester Clinical Codes 43 (Kontopantelis et al., 2012)': '', 'Manchester Clinical Codes 43_conservative (Kontopantelis et al., 2012)': '', 'Manchester Clinical Codes 43_QOF (Kontopantelis et al., 2012)': '', 'TargetCOPD_Emis (Jordan et al., 2016)': '', 'TargetCOPD_SystemOne (Jordan et al., 2016)': '', 'QOF v36 (2016-2017)': '', 'Chen et al., 2020': 'Y', 'Cole et al., 2020': '', 'Kerkhof et al., 2020': '', 'Patel et al., 2020': '', 'Rockenschaub et al., 2020': ''}",1,6360,Chronic obstructive pulmonary disease (COPD) Primary care -  1,"{'id': 5, 'name': 'Read codes v2', 'description': 'Read codes v2'}",PH797,2221,Chronic obstructive pulmonary disease (COPD) Primary care,1
2480,6360,2022-01-17T14:00:10.339428Z,2802,3836,1,2802,3782,168933,66Yd.00,COPD accident and emergency attendance since last visit,"{'CPRD GOLD Med': '19106', 'BREATHE Chronic bronchitis': 'Y', 'BREATHE Emphysema': 'Y', 'BREATHE incident COPD': '', 'BREATHE prevalent COPD': '', 'BREATHE COPD exacerbations': 'Y', 'BREATHE recommended': 'Y', 'Validated, Quint et al., 2014': '', 'Cambridge COP087 (QOF 2012)': '', 'Cambridge COP151 (QOF 2012)': '', 'LSHTM Data Compass 340': 'Y', 'LSHTM Data Compass 859': 'Y', 'LSHTM Data Compass 1134': 'Y', 'LSHTM Data Compass 1600': 'Y', 'LSHTM Data Compass 1682': 'Y', 'LSHTM Data Compass 2036': 'Y', 'Manchester Clinical Codes 1 (QOF v24)': '', 'Manchester Clinical Codes 2 (QOF v5)': '', 'Manchester Clinical Codes 5 (Kontopantelis et al., 2014)': '', 'Manchester Clinical Codes 6 (Doran et al., 2011)': 'Y', 'Manchester Clinical Codes 6_QOF (Doran et al., 2011)': '', 'Manchester Clinical Codes 9 (Kontopantelis et al., 2014)': '', 'Manchester Clinical Codes 21 (Kontopantelis et al., 2015)': '', 'Manchester Clinical Codes 26 (Reilly et al., 2015)': '', 'Manchester Clinical Codes 43 (Kontopantelis et al., 2012)': 'Y', 'Manchester Clinical Codes 43_conservative (Kontopantelis et al., 2012)': '', 'Manchester Clinical Codes 43_QOF (Kontopantelis et al., 2012)': '', 'TargetCOPD_Emis (Jordan et al., 2016)': '', 'TargetCOPD_SystemOne (Jordan et al., 2016)': '', 'QOF v36 (2016-2017)': '', 'Chen et al., 2020': 'Y', 'Cole et al., 2020': '', 'Kerkhof et al., 2020': '', 'Patel et al., 2020': 'Y', 'Rockenschaub et al., 2020': ''}",1,6360,Chronic obstructive pulmonary disease (COPD) Primary care -  1,"{'id': 5, 'name': 'Read codes v2', 'description': 'Read codes v2'}",PH797,2221,Chronic obstructive pulmonary disease (COPD) Primary care,1
2480,6360,2022-01-17T14:00:10.339428Z,2802,3836,1,2802,3782,168879,66YD.00,Chronic obstructive pulmonary disease monitoring due,"{'CPRD GOLD Med': '37371', 'BREATHE Chronic bronchitis': 'Y', 'BREATHE Emphysema': 'Y', 'BREATHE incident COPD': 'Y', 'BREATHE prevalent COPD': 'Y', 'BREATHE COPD exacerbations': '', 'BREATHE recommended': 'Y', 'Validated, Quint et al., 2014': 'Y', 'Cambridge COP087 (QOF 2012)': '', 'Cambridge COP151 (QOF 2012)': '', 'LSHTM Data Compass 340': 'Y', 'LSHTM Data Compass 859': 'Y', 'LSHTM Data Compass 1134': 'Y', 'LSHTM Data Compass 1600': 'Y', 'LSHTM Data Compass 1682': 'Y', 'LSHTM Data Compass 2036': 'Y', 'Manchester Clinical Codes 1 (QOF v24)': '', 'Manchester Clinical Codes 2 (QOF v5)': '', 'Manchester Clinical Codes 5 (Kontopantelis et al., 2014)': '', 'Manchester Clinical Codes 6 (Doran et al., 2011)': 'Y', 'Manchester Clinical Codes 6_QOF (Doran et al., 2011)': '', 'Manchester Clinical Codes 9 (Kontopantelis et al., 2014)': '', 'Manchester Clinical Codes 21 (Kontopantelis et al., 2015)': '', 'Manchester Clinical Codes 26 (Reilly et al., 2015)': '', 'Manchester Clinical Codes 43 (Kontopantelis et al., 2012)': 'Y', 'Manchester Clinical Codes 43_conservative (Kontopantelis et al., 2012)': '', 'Manchester Clinical Codes 43_QOF (Kontopantelis et al., 2012)': '', 'TargetCOPD_Emis (Jordan et al., 2016)': '', 'TargetCOPD_SystemOne (Jordan et al., 2016)': '', 'QOF v36 (2016-2017)': '', 'Chen et al., 2020': 'Y', 'Cole et al., 2020': '', 'Kerkhof et al., 2020': '', 'Patel et al., 2020': 'Y', 'Rockenschaub et al., 2020': ''}",1,6360,Chronic obstructive pulmonary disease (COPD) Primary care -  1,"{'id': 5, 'name': 'Read codes v2', 'description': 'Read codes v2'}",PH797,2221,Chronic obstructive pulmonary disease (COPD) Primary care,1
2480,6360,2022-01-17T14:00:10.339428Z,2802,3836,1,2802,3782,168934,66Ye.00,Emergency COPD admission since last appointment,"{'CPRD GOLD Med': '19003', 'BREATHE Chronic bronchitis': 'Y', 'BREATHE Emphysema': 'Y', 'BREATHE incident COPD': '', 'BREATHE prevalent COPD': '', 'BREATHE COPD exacerbations': 'Y', 'BREATHE recommended': 'Y', 'Validated, Quint et al., 2014': '', 'Cambridge COP087 (QOF 2012)': '', 'Cambridge COP151 (QOF 2012)': '', 'LSHTM Data Compass 340': 'Y', 'LSHTM Data Compass 859': 'Y', 'LSHTM Data Compass 1134': 'Y', 'LSHTM Data Compass 1600': 'Y', 'LSHTM Data Compass 1682': 'Y', 'LSHTM Data Compass 2036': 'Y', 'Manchester Clinical Codes 1 (QOF v24)': '', 'Manchester Clinical Codes 2 (QOF v5)': '', 'Manchester Clinical Codes 5 (Kontopantelis et al., 2014)': '', 'Manchester Clinical Codes 6 (Doran et al., 2011)': 'Y', 'Manchester Clinical Codes 6_QOF (Doran et al., 2011)': '', 'Manchester Clinical Codes 9 (Kontopantelis et al., 2014)': '', 'Manchester Clinical Codes 21 (Kontopantelis et al., 2015)': '', 'Manchester Clinical Codes 26 (Reilly et al., 2015)': '', 'Manchester Clinical Codes 43 (Kontopantelis et al., 2012)': 'Y', 'Manchester Clinical Codes 43_conservative (Kontopantelis et al., 2012)': '', 'Manchester Clinical Codes 43_QOF (Kontopantelis et al., 2012)': '', 'TargetCOPD_Emis (Jordan et al., 2016)': '', 'TargetCOPD_SystemOne (Jordan et al., 2016)': '', 'QOF v36 (2016-2017)': '', 'Chen et al., 2020': 'Y', 'Cole et al., 2020': '', 'Kerkhof et al., 2020': '', 'Patel et al., 2020': 'Y', 'Rockenschaub et al., 2020': ''}",1,6360,Chronic obstructive pulmonary disease (COPD) Primary care -  1,"{'id': 5, 'name': 'Read codes v2', 'description': 'Read codes v2'}",PH797,2221,Chronic obstructive pulmonary disease (COPD) Primary care,1
2480,6360,2022-01-17T14:00:10.339428Z,2802,3836,1,2802,3782,168935,66Yf.00,Number of COPD exacerbations in past year,"{'CPRD GOLD Med': '28743', 'BREATHE Chronic bronchitis': 'Y', 'BREATHE Emphysema': 'Y', 'BREATHE incident COPD': '', 'BREATHE prevalent COPD': '', 'BREATHE COPD exacerbations': 'Y', 'BREATHE recommended': 'Y', 'Validated, Quint et al., 2014': '', 'Cambridge COP087 (QOF 2012)': '', 'Cambridge COP151 (QOF 2012)': '', 'LSHTM Data Compass 340': '', 'LSHTM Data Compass 859': '', 'LSHTM Data Compass 1134': '', 'LSHTM Data Compass 1600': '', 'LSHTM Data Compass 1682': '', 'LSHTM Data Compass 2036': '', 'Manchester Clinical Codes 1 (QOF v24)': '', 'Manchester Clinical Codes 2 (QOF v5)': '', 'Manchester Clinical Codes 5 (Kontopantelis et al., 2014)': '', 'Manchester Clinical Codes 6 (Doran et al., 2011)': 'Y', 'Manchester Clinical Codes 6_QOF (Doran et al., 2011)': '', 'Manchester Clinical Codes 9 (Kontopantelis et al., 2014)': '', 'Manchester Clinical Codes 21 (Kontopantelis et al., 2015)': '', 'Manchester Clinical Codes 26 (Reilly et al., 2015)': '', 'Manchester Clinical Codes 43 (Kontopantelis et al., 2012)': 'Y', 'Manchester Clinical Codes 43_conservative (Kontopantelis et al., 2012)': '', 'Manchester Clinical Codes 43_QOF (Kontopantelis et al., 2012)': '', 'TargetCOPD_Emis (Jordan et al., 2016)': '', 'TargetCOPD_SystemOne (Jordan et al., 2016)': '', 'QOF v36 (2016-2017)': '', 'Chen et al., 2020': 'Y', 'Cole et al., 2020': '', 'Kerkhof et al., 2020': '', 'Patel et al., 2020': 'Y', 'Rockenschaub et al., 2020': ''}",1,6360,Chronic obstructive pulmonary disease (COPD) Primary care -  1,"{'id': 5, 'name': 'Read codes v2', 'description': 'Read codes v2'}",PH797,2221,Chronic obstructive pulmonary disease (COPD) Primary care,1
2480,6360,2022-01-17T14:00:10.339428Z,2802,3836,1,2802,3782,168885,66Yg.00,Chronic obstructive pulmonary disease disturbs sleep,"{'CPRD GOLD Med': '45770', 'BREATHE Chronic bronchitis': 'Y', 'BREATHE Emphysema': 'Y', 'BREATHE incident COPD': 'Y', 'BREATHE prevalent COPD': 'Y', 'BREATHE COPD exacerbations': 'Y', 'BREATHE recommended': 'Y', 'Validated, Quint et al., 2014': 'Y', 'Cambridge COP087 (QOF 2012)': '', 'Cambridge COP151 (QOF 2012)': '', 'LSHTM Data Compass 340': 'Y', 'LSHTM Data Compass 859': 'Y', 'LSHTM Data Compass 1134': 'Y', 'LSHTM Data Compass 1600': 'Y', 'LSHTM Data Compass 1682': 'Y', 'LSHTM Data Compass 2036': 'Y', 'Manchester Clinical Codes 1 (QOF v24)': '', 'Manchester Clinical Codes 2 (QOF v5)': '', 'Manchester Clinical Codes 5 (Kontopantelis et al., 2014)': '', 'Manchester Clinical Codes 6 (Doran et al., 2011)': 'Y', 'Manchester Clinical Codes 6_QOF (Doran et al., 2011)': '', 'Manchester Clinical Codes 9 (Kontopantelis et al., 2014)': '', 'Manchester Clinical Codes 21 (Kontopantelis et al., 2015)': '', 'Manchester Clinical Codes 26 (Reilly et al., 2015)': '', 'Manchester Clinical Codes 43 (Kontopantelis et al., 2012)': 'Y', 'Manchester Clinical Codes 43_conservative (Kontopantelis et al., 2012)': '', 'Manchester Clinical Codes 43_QOF (Kontopantelis et al., 2012)': '', 'TargetCOPD_Emis (Jordan et al., 2016)': '', 'TargetCOPD_SystemOne (Jordan et al., 2016)': '', 'QOF v36 (2016-2017)': '', 'Chen et al., 2020': 'Y', 'Cole et al., 2020': '', 'Kerkhof et al., 2020': '', 'Patel et al., 2020': 'Y', 'Rockenschaub et al., 2020': ''}",1,6360,Chronic obstructive pulmonary disease (COPD) Primary care -  1,"{'id': 5, 'name': 'Read codes v2', 'description': 'Read codes v2'}",PH797,2221,Chronic obstructive pulmonary disease (COPD) Primary care,1
2480,6360,2022-01-17T14:00:10.339428Z,2802,3836,1,2802,3782,168886,66Yh.00,Chronic obstructive pulmonary disease does not disturb sleep,"{'CPRD GOLD Med': '45771', 'BREATHE Chronic bronchitis': 'Y', 'BREATHE Emphysema': 'Y', 'BREATHE incident COPD': 'Y', 'BREATHE prevalent COPD': 'Y', 'BREATHE COPD exacerbations': '', 'BREATHE recommended': 'Y', 'Validated, Quint et al., 2014': 'Y', 'Cambridge COP087 (QOF 2012)': '', 'Cambridge COP151 (QOF 2012)': '', 'LSHTM Data Compass 340': 'Y', 'LSHTM Data Compass 859': 'Y', 'LSHTM Data Compass 1134': 'Y', 'LSHTM Data Compass 1600': 'Y', 'LSHTM Data Compass 1682': 'Y', 'LSHTM Data Compass 2036': 'Y', 'Manchester Clinical Codes 1 (QOF v24)': '', 'Manchester Clinical Codes 2 (QOF v5)': '', 'Manchester Clinical Codes 5 (Kontopantelis et al., 2014)': '', 'Manchester Clinical Codes 6 (Doran et al., 2011)': 'Y', 'Manchester Clinical Codes 6_QOF (Doran et al., 2011)': '', 'Manchester Clinical Codes 9 (Kontopantelis et al., 2014)': '', 'Manchester Clinical Codes 21 (Kontopantelis et al., 2015)': '', 'Manchester Clinical Codes 26 (Reilly et al., 2015)': '', 'Manchester Clinical Codes 43 (Kontopantelis et al., 2012)': 'Y', 'Manchester Clinical Codes 43_conservative (Kontopantelis et al., 2012)': '', 'Manchester Clinical Codes 43_QOF (Kontopantelis et al., 2012)': '', 'TargetCOPD_Emis (Jordan et al., 2016)': '', 'TargetCOPD_SystemOne (Jordan et al., 2016)': '', 'QOF v36 (2016-2017)': '', 'Chen et al., 2020': '', 'Cole et al., 2020': '', 'Kerkhof et al., 2020': '', 'Patel et al., 2020': '', 'Rockenschaub et al., 2020': ''}",1,6360,Chronic obstructive pulmonary disease (COPD) Primary care -  1,"{'id': 5, 'name': 'Read codes v2', 'description': 'Read codes v2'}",PH797,2221,Chronic obstructive pulmonary disease (COPD) Primary care,1
2480,6360,2022-01-17T14:00:10.339428Z,2802,3836,1,2802,3782,168936,66Yi.00,Multiple COPD emergency hospital admissions,"{'CPRD GOLD Med': '46036', 'BREATHE Chronic bronchitis': 'Y', 'BREATHE Emphysema': 'Y', 'BREATHE incident COPD': '', 'BREATHE prevalent COPD': '', 'BREATHE COPD exacerbations': 'Y', 'BREATHE recommended': 'Y', 'Validated, Quint et al., 2014': '', 'Cambridge COP087 (QOF 2012)': '', 'Cambridge COP151 (QOF 2012)': '', 'LSHTM Data Compass 340': 'Y', 'LSHTM Data Compass 859': 'Y', 'LSHTM Data Compass 1134': 'Y', 'LSHTM Data Compass 1600': 'Y', 'LSHTM Data Compass 1682': 'Y', 'LSHTM Data Compass 2036': 'Y', 'Manchester Clinical Codes 1 (QOF v24)': '', 'Manchester Clinical Codes 2 (QOF v5)': '', 'Manchester Clinical Codes 5 (Kontopantelis et al., 2014)': '', 'Manchester Clinical Codes 6 (Doran et al., 2011)': 'Y', 'Manchester Clinical Codes 6_QOF (Doran et al., 2011)': '', 'Manchester Clinical Codes 9 (Kontopantelis et al., 2014)': '', 'Manchester Clinical Codes 21 (Kontopantelis et al., 2015)': '', 'Manchester Clinical Codes 26 (Reilly et al., 2015)': '', 'Manchester Clinical Codes 43 (Kontopantelis et al., 2012)': 'Y', 'Manchester Clinical Codes 43_conservative (Kontopantelis et al., 2012)': '', 'Manchester Clinical Codes 43_QOF (Kontopantelis et al., 2012)': '', 'TargetCOPD_Emis (Jordan et al., 2016)': '', 'TargetCOPD_SystemOne (Jordan et al., 2016)': '', 'QOF v36 (2016-2017)': '', 'Chen et al., 2020': 'Y', 'Cole et al., 2020': '', 'Kerkhof et al., 2020': '', 'Patel et al., 2020': 'Y', 'Rockenschaub et al., 2020': ''}",1,6360,Chronic obstructive pulmonary disease (COPD) Primary care -  1,"{'id': 5, 'name': 'Read codes v2', 'description': 'Read codes v2'}",PH797,2221,Chronic obstructive pulmonary disease (COPD) Primary care,1
2480,6360,2022-01-17T14:00:10.339428Z,2802,3836,1,2802,3782,168931,66YI.00,COPD self-management plan given,"{'CPRD GOLD Med': '18501', 'BREATHE Chronic bronchitis': 'Y', 'BREATHE Emphysema': 'Y', 'BREATHE incident COPD': 'Y', 'BREATHE prevalent COPD': 'Y', 'BREATHE COPD exacerbations': '', 'BREATHE recommended': 'Y', 'Validated, Quint et al., 2014': '', 'Cambridge COP087 (QOF 2012)': '', 'Cambridge COP151 (QOF 2012)': '', 'LSHTM Data Compass 340': 'Y', 'LSHTM Data Compass 859': 'Y', 'LSHTM Data Compass 1134': 'Y', 'LSHTM Data Compass 1600': 'Y', 'LSHTM Data Compass 1682': 'Y', 'LSHTM Data Compass 2036': 'Y', 'Manchester Clinical Codes 1 (QOF v24)': '', 'Manchester Clinical Codes 2 (QOF v5)': '', 'Manchester Clinical Codes 5 (Kontopantelis et al., 2014)': '', 'Manchester Clinical Codes 6 (Doran et al., 2011)': 'Y', 'Manchester Clinical Codes 6_QOF (Doran et al., 2011)': '', 'Manchester Clinical Codes 9 (Kontopantelis et al., 2014)': '', 'Manchester Clinical Codes 21 (Kontopantelis et al., 2015)': '', 'Manchester Clinical Codes 26 (Reilly et al., 2015)': '', 'Manchester Clinical Codes 43 (Kontopantelis et al., 2012)': 'Y', 'Manchester Clinical Codes 43_conservative (Kontopantelis et al., 2012)': '', 'Manchester Clinical Codes 43_QOF (Kontopantelis et al., 2012)': '', 'TargetCOPD_Emis (Jordan et al., 2016)': '', 'TargetCOPD_SystemOne (Jordan et al., 2016)': '', 'QOF v36 (2016-2017)': '', 'Chen et al., 2020': 'Y', 'Cole et al., 2020': '', 'Kerkhof et al., 2020': '', 'Patel et al., 2020': 'Y', 'Rockenschaub et al., 2020': ''}",1,6360,Chronic obstructive pulmonary disease (COPD) Primary care -  1,"{'id': 5, 'name': 'Read codes v2', 'description': 'Read codes v2'}",PH797,2221,Chronic obstructive pulmonary disease (COPD) Primary care,1
2480,6360,2022-01-17T14:00:10.339428Z,2802,3836,1,2802,3782,168937,66Yj.00,Home oxygen supply - cylinder,"{'CPRD GOLD Med': '22924', 'BREATHE Chronic bronchitis': '', 'BREATHE Emphysema': '', 'BREATHE incident COPD': '', 'BREATHE prevalent COPD': '', 'BREATHE COPD exacerbations': '', 'BREATHE recommended': '', 'Validated, Quint et al., 2014': '', 'Cambridge COP087 (QOF 2012)': '', 'Cambridge COP151 (QOF 2012)': '', 'LSHTM Data Compass 340': '', 'LSHTM Data Compass 859': '', 'LSHTM Data Compass 1134': '', 'LSHTM Data Compass 1600': '', 'LSHTM Data Compass 1682': '', 'LSHTM Data Compass 2036': '', 'Manchester Clinical Codes 1 (QOF v24)': '', 'Manchester Clinical Codes 2 (QOF v5)': '', 'Manchester Clinical Codes 5 (Kontopantelis et al., 2014)': '', 'Manchester Clinical Codes 6 (Doran et al., 2011)': '', 'Manchester Clinical Codes 6_QOF (Doran et al., 2011)': '', 'Manchester Clinical Codes 9 (Kontopantelis et al., 2014)': '', 'Manchester Clinical Codes 21 (Kontopantelis et al., 2015)': '', 'Manchester Clinical Codes 26 (Reilly et al., 2015)': '', 'Manchester Clinical Codes 43 (Kontopantelis et al., 2012)': '', 'Manchester Clinical Codes 43_conservative (Kontopantelis et al., 2012)': '', 'Manchester Clinical Codes 43_QOF (Kontopantelis et al., 2012)': '', 'TargetCOPD_Emis (Jordan et al., 2016)': '', 'TargetCOPD_SystemOne (Jordan et al., 2016)': '', 'QOF v36 (2016-2017)': '', 'Chen et al., 2020': 'Y', 'Cole et al., 2020': '', 'Kerkhof et al., 2020': '', 'Patel et al., 2020': '', 'Rockenschaub et al., 2020': ''}",1,6360,Chronic obstructive pulmonary disease (COPD) Primary care -  1,"{'id': 5, 'name': 'Read codes v2', 'description': 'Read codes v2'}",PH797,2221,Chronic obstructive pulmonary disease (COPD) Primary care,1
2480,6360,2022-01-17T14:00:10.339428Z,2802,3836,1,2802,3782,168938,66Yk.00,Home oxygen supply - concentrator,"{'CPRD GOLD Med': '26435', 'BREATHE Chronic bronchitis': '', 'BREATHE Emphysema': '', 'BREATHE incident COPD': '', 'BREATHE prevalent COPD': '', 'BREATHE COPD exacerbations': '', 'BREATHE recommended': '', 'Validated, Quint et al., 2014': '', 'Cambridge COP087 (QOF 2012)': '', 'Cambridge COP151 (QOF 2012)': '', 'LSHTM Data Compass 340': '', 'LSHTM Data Compass 859': '', 'LSHTM Data Compass 1134': '', 'LSHTM Data Compass 1600': '', 'LSHTM Data Compass 1682': '', 'LSHTM Data Compass 2036': '', 'Manchester Clinical Codes 1 (QOF v24)': '', 'Manchester Clinical Codes 2 (QOF v5)': '', 'Manchester Clinical Codes 5 (Kontopantelis et al., 2014)': '', 'Manchester Clinical Codes 6 (Doran et al., 2011)': '', 'Manchester Clinical Codes 6_QOF (Doran et al., 2011)': '', 'Manchester Clinical Codes 9 (Kontopantelis et al., 2014)': '', 'Manchester Clinical Codes 21 (Kontopantelis et al., 2015)': '', 'Manchester Clinical Codes 26 (Reilly et al., 2015)': '', 'Manchester Clinical Codes 43 (Kontopantelis et al., 2012)': '', 'Manchester Clinical Codes 43_conservative (Kontopantelis et al., 2012)': '', 'Manchester Clinical Codes 43_QOF (Kontopantelis et al., 2012)': '', 'TargetCOPD_Emis (Jordan et al., 2016)': '', 'TargetCOPD_SystemOne (Jordan et al., 2016)': '', 'QOF v36 (2016-2017)': '', 'Chen et al., 2020': 'Y', 'Cole et al., 2020': '', 'Kerkhof et al., 2020': '', 'Patel et al., 2020': '', 'Rockenschaub et al., 2020': ''}",1,6360,Chronic obstructive pulmonary disease (COPD) Primary care -  1,"{'id': 5, 'name': 'Read codes v2', 'description': 'Read codes v2'}",PH797,2221,Chronic obstructive pulmonary disease (COPD) Primary care,1
2480,6360,2022-01-17T14:00:10.339428Z,2802,3836,1,2802,3782,168939,66Yl.00,Home oxygen supply - liquid oxygen,"{'CPRD GOLD Med': '61127', 'BREATHE Chronic bronchitis': '', 'BREATHE Emphysema': '', 'BREATHE incident COPD': '', 'BREATHE prevalent COPD': '', 'BREATHE COPD exacerbations': '', 'BREATHE recommended': '', 'Validated, Quint et al., 2014': '', 'Cambridge COP087 (QOF 2012)': '', 'Cambridge COP151 (QOF 2012)': '', 'LSHTM Data Compass 340': '', 'LSHTM Data Compass 859': '', 'LSHTM Data Compass 1134': '', 'LSHTM Data Compass 1600': '', 'LSHTM Data Compass 1682': '', 'LSHTM Data Compass 2036': '', 'Manchester Clinical Codes 1 (QOF v24)': '', 'Manchester Clinical Codes 2 (QOF v5)': '', 'Manchester Clinical Codes 5 (Kontopantelis et al., 2014)': '', 'Manchester Clinical Codes 6 (Doran et al., 2011)': '', 'Manchester Clinical Codes 6_QOF (Doran et al., 2011)': '', 'Manchester Clinical Codes 9 (Kontopantelis et al., 2014)': '', 'Manchester Clinical Codes 21 (Kontopantelis et al., 2015)': '', 'Manchester Clinical Codes 26 (Reilly et al., 2015)': '', 'Manchester Clinical Codes 43 (Kontopantelis et al., 2012)': '', 'Manchester Clinical Codes 43_conservative (Kontopantelis et al., 2012)': '', 'Manchester Clinical Codes 43_QOF (Kontopantelis et al., 2012)': '', 'TargetCOPD_Emis (Jordan et al., 2016)': '', 'TargetCOPD_SystemOne (Jordan et al., 2016)': '', 'QOF v36 (2016-2017)': '', 'Chen et al., 2020': 'Y', 'Cole et al., 2020': '', 'Kerkhof et al., 2020': '', 'Patel et al., 2020': '', 'Rockenschaub et al., 2020': ''}",1,6360,Chronic obstructive pulmonary disease (COPD) Primary care -  1,"{'id': 5, 'name': 'Read codes v2', 'description': 'Read codes v2'}",PH797,2221,Chronic obstructive pulmonary disease (COPD) Primary care,1
2480,6360,2022-01-17T14:00:10.339428Z,2802,3836,1,2802,3782,168880,66YL.00,Chronic obstructive pulmonary disease follow-up,"{'CPRD GOLD Med': '18621', 'BREATHE Chronic bronchitis': 'Y', 'BREATHE Emphysema': 'Y', 'BREATHE incident COPD': 'Y', 'BREATHE prevalent COPD': 'Y', 'BREATHE COPD exacerbations': '', 'BREATHE recommended': 'Y', 'Validated, Quint et al., 2014': 'Y', 'Cambridge COP087 (QOF 2012)': '', 'Cambridge COP151 (QOF 2012)': '', 'LSHTM Data Compass 340': 'Y', 'LSHTM Data Compass 859': 'Y', 'LSHTM Data Compass 1134': 'Y', 'LSHTM Data Compass 1600': 'Y', 'LSHTM Data Compass 1682': 'Y', 'LSHTM Data Compass 2036': 'Y', 'Manchester Clinical Codes 1 (QOF v24)': '', 'Manchester Clinical Codes 2 (QOF v5)': '', 'Manchester Clinical Codes 5 (Kontopantelis et al., 2014)': '', 'Manchester Clinical Codes 6 (Doran et al., 2011)': 'Y', 'Manchester Clinical Codes 6_QOF (Doran et al., 2011)': '', 'Manchester Clinical Codes 9 (Kontopantelis et al., 2014)': '', 'Manchester Clinical Codes 21 (Kontopantelis et al., 2015)': '', 'Manchester Clinical Codes 26 (Reilly et al., 2015)': '', 'Manchester Clinical Codes 43 (Kontopantelis et al., 2012)': 'Y', 'Manchester Clinical Codes 43_conservative (Kontopantelis et al., 2012)': '', 'Manchester Clinical Codes 43_QOF (Kontopantelis et al., 2012)': '', 'TargetCOPD_Emis (Jordan et al., 2016)': '', 'TargetCOPD_SystemOne (Jordan et al., 2016)': '', 'QOF v36 (2016-2017)': '', 'Chen et al., 2020': 'Y', 'Cole et al., 2020': '', 'Kerkhof et al., 2020': '', 'Patel et al., 2020': 'Y', 'Rockenschaub et al., 2020': ''}",1,6360,Chronic obstructive pulmonary disease (COPD) Primary care -  1,"{'id': 5, 'name': 'Read codes v2', 'description': 'Read codes v2'}",PH797,2221,Chronic obstructive pulmonary disease (COPD) Primary care,1
2480,6360,2022-01-17T14:00:10.339428Z,2802,3836,1,2802,3782,168881,66YL.11,COPD follow-up,"{'CPRD GOLD Med': '18476', 'BREATHE Chronic bronchitis': 'Y', 'BREATHE Emphysema': 'Y', 'BREATHE incident COPD': 'Y', 'BREATHE prevalent COPD': 'Y', 'BREATHE COPD exacerbations': '', 'BREATHE recommended': 'Y', 'Validated, Quint et al., 2014': 'Y', 'Cambridge COP087 (QOF 2012)': '', 'Cambridge COP151 (QOF 2012)': '', 'LSHTM Data Compass 340': 'Y', 'LSHTM Data Compass 859': 'Y', 'LSHTM Data Compass 1134': 'Y', 'LSHTM Data Compass 1600': 'Y', 'LSHTM Data Compass 1682': 'Y', 'LSHTM Data Compass 2036': 'Y', 'Manchester Clinical Codes 1 (QOF v24)': '', 'Manchester Clinical Codes 2 (QOF v5)': '', 'Manchester Clinical Codes 5 (Kontopantelis et al., 2014)': '', 'Manchester Clinical Codes 6 (Doran et al., 2011)': 'Y', 'Manchester Clinical Codes 6_QOF (Doran et al., 2011)': '', 'Manchester Clinical Codes 9 (Kontopantelis et al., 2014)': '', 'Manchester Clinical Codes 21 (Kontopantelis et al., 2015)': '', 'Manchester Clinical Codes 26 (Reilly et al., 2015)': '', 'Manchester Clinical Codes 43 (Kontopantelis et al., 2012)': 'Y', 'Manchester Clinical Codes 43_conservative (Kontopantelis et al., 2012)': '', 'Manchester Clinical Codes 43_QOF (Kontopantelis et al., 2012)': '', 'TargetCOPD_Emis (Jordan et al., 2016)': '', 'TargetCOPD_SystemOne (Jordan et al., 2016)': '', 'QOF v36 (2016-2017)': '', 'Chen et al., 2020': 'Y', 'Cole et al., 2020': '', 'Kerkhof et al., 2020': '', 'Patel et al., 2020': 'Y', 'Rockenschaub et al., 2020': ''}",1,6360,Chronic obstructive pulmonary disease (COPD) Primary care -  1,"{'id': 5, 'name': 'Read codes v2', 'description': 'Read codes v2'}",PH797,2221,Chronic obstructive pulmonary disease (COPD) Primary care,1
2480,6360,2022-01-17T14:00:10.339428Z,2802,3836,1,2802,3782,168932,66YL.12,COAD follow-up,"{'CPRD GOLD Med': '42624', 'BREATHE Chronic bronchitis': 'Y', 'BREATHE Emphysema': 'Y', 'BREATHE incident COPD': 'Y', 'BREATHE prevalent COPD': 'Y', 'BREATHE COPD exacerbations': '', 'BREATHE recommended': 'Y', 'Validated, Quint et al., 2014': '', 'Cambridge COP087 (QOF 2012)': '', 'Cambridge COP151 (QOF 2012)': '', 'LSHTM Data Compass 340': 'Y', 'LSHTM Data Compass 859': 'Y', 'LSHTM Data Compass 1134': 'Y', 'LSHTM Data Compass 1600': 'Y', 'LSHTM Data Compass 1682': 'Y', 'LSHTM Data Compass 2036': 'Y', 'Manchester Clinical Codes 1 (QOF v24)': '', 'Manchester Clinical Codes 2 (QOF v5)': '', 'Manchester Clinical Codes 5 (Kontopantelis et al., 2014)': '', 'Manchester Clinical Codes 6 (Doran et al., 2011)': 'Y', 'Manchester Clinical Codes 6_QOF (Doran et al., 2011)': '', 'Manchester Clinical Codes 9 (Kontopantelis et al., 2014)': '', 'Manchester Clinical Codes 21 (Kontopantelis et al., 2015)': '', 'Manchester Clinical Codes 26 (Reilly et al., 2015)': '', 'Manchester Clinical Codes 43 (Kontopantelis et al., 2012)': 'Y', 'Manchester Clinical Codes 43_conservative (Kontopantelis et al., 2012)': '', 'Manchester Clinical Codes 43_QOF (Kontopantelis et al., 2012)': '', 'TargetCOPD_Emis (Jordan et al., 2016)': '', 'TargetCOPD_SystemOne (Jordan et al., 2016)': '', 'QOF v36 (2016-2017)': '', 'Chen et al., 2020': 'Y', 'Cole et al., 2020': '', 'Kerkhof et al., 2020': '', 'Patel et al., 2020': 'Y', 'Rockenschaub et al., 2020': ''}",1,6360,Chronic obstructive pulmonary disease (COPD) Primary care -  1,"{'id': 5, 'name': 'Read codes v2', 'description': 'Read codes v2'}",PH797,2221,Chronic obstructive pulmonary disease (COPD) Primary care,1
2480,6360,2022-01-17T14:00:10.339428Z,2802,3836,1,2802,3782,168882,66YM.00,Chronic obstructive pulmonary disease annual review,"{'CPRD GOLD Med': '11287', 'BREATHE Chronic bronchitis': 'Y', 'BREATHE Emphysema': 'Y', 'BREATHE incident COPD': 'Y', 'BREATHE prevalent COPD': 'Y', 'BREATHE COPD exacerbations': '', 'BREATHE recommended': 'Y', 'Validated, Quint et al., 2014': 'Y', 'Cambridge COP087 (QOF 2012)': '', 'Cambridge COP151 (QOF 2012)': '', 'LSHTM Data Compass 340': 'Y', 'LSHTM Data Compass 859': 'Y', 'LSHTM Data Compass 1134': 'Y', 'LSHTM Data Compass 1600': 'Y', 'LSHTM Data Compass 1682': 'Y', 'LSHTM Data Compass 2036': 'Y', 'Manchester Clinical Codes 1 (QOF v24)': '', 'Manchester Clinical Codes 2 (QOF v5)': '', 'Manchester Clinical Codes 5 (Kontopantelis et al., 2014)': '', 'Manchester Clinical Codes 6 (Doran et al., 2011)': 'Y', 'Manchester Clinical Codes 6_QOF (Doran et al., 2011)': '', 'Manchester Clinical Codes 9 (Kontopantelis et al., 2014)': '', 'Manchester Clinical Codes 21 (Kontopantelis et al., 2015)': '', 'Manchester Clinical Codes 26 (Reilly et al., 2015)': '', 'Manchester Clinical Codes 43 (Kontopantelis et al., 2012)': 'Y', 'Manchester Clinical Codes 43_conservative (Kontopantelis et al., 2012)': '', 'Manchester Clinical Codes 43_QOF (Kontopantelis et al., 2012)': '', 'TargetCOPD_Emis (Jordan et al., 2016)': '', 'TargetCOPD_SystemOne (Jordan et al., 2016)': '', 'QOF v36 (2016-2017)': '', 'Chen et al., 2020': 'Y', 'Cole et al., 2020': '', 'Kerkhof et al., 2020': '', 'Patel et al., 2020': 'Y', 'Rockenschaub et al., 2020': ''}",1,6360,Chronic obstructive pulmonary disease (COPD) Primary care -  1,"{'id': 5, 'name': 'Read codes v2', 'description': 'Read codes v2'}",PH797,2221,Chronic obstructive pulmonary disease (COPD) Primary care,1
2480,6360,2022-01-17T14:00:10.339428Z,2802,3836,1,2802,3782,168940,66Yn.00,Oxygen therapy initial assessment,"{'CPRD GOLD Med': '100154', 'BREATHE Chronic bronchitis': '', 'BREATHE Emphysema': '', 'BREATHE incident COPD': '', 'BREATHE prevalent COPD': '', 'BREATHE COPD exacerbations': '', 'BREATHE recommended': '', 'Validated, Quint et al., 2014': '', 'Cambridge COP087 (QOF 2012)': '', 'Cambridge COP151 (QOF 2012)': '', 'LSHTM Data Compass 340': '', 'LSHTM Data Compass 859': '', 'LSHTM Data Compass 1134': '', 'LSHTM Data Compass 1600': '', 'LSHTM Data Compass 1682': '', 'LSHTM Data Compass 2036': '', 'Manchester Clinical Codes 1 (QOF v24)': '', 'Manchester Clinical Codes 2 (QOF v5)': '', 'Manchester Clinical Codes 5 (Kontopantelis et al., 2014)': '', 'Manchester Clinical Codes 6 (Doran et al., 2011)': '', 'Manchester Clinical Codes 6_QOF (Doran et al., 2011)': '', 'Manchester Clinical Codes 9 (Kontopantelis et al., 2014)': '', 'Manchester Clinical Codes 21 (Kontopantelis et al., 2015)': '', 'Manchester Clinical Codes 26 (Reilly et al., 2015)': '', 'Manchester Clinical Codes 43 (Kontopantelis et al., 2012)': '', 'Manchester Clinical Codes 43_conservative (Kontopantelis et al., 2012)': '', 'Manchester Clinical Codes 43_QOF (Kontopantelis et al., 2012)': '', 'TargetCOPD_Emis (Jordan et al., 2016)': '', 'TargetCOPD_SystemOne (Jordan et al., 2016)': '', 'QOF v36 (2016-2017)': '', 'Chen et al., 2020': 'Y', 'Cole et al., 2020': '', 'Kerkhof et al., 2020': '', 'Patel et al., 2020': '', 'Rockenschaub et al., 2020': ''}",1,6360,Chronic obstructive pulmonary disease (COPD) Primary care -  1,"{'id': 5, 'name': 'Read codes v2', 'description': 'Read codes v2'}",PH797,2221,Chronic obstructive pulmonary disease (COPD) Primary care,1
2480,6360,2022-01-17T14:00:10.339428Z,2802,3836,1,2802,3782,168966,H301.00,Laryngotracheobronchitis,"{'CPRD GOLD Med': '1934', 'BREATHE Chronic bronchitis': '', 'BREATHE Emphysema': '', 'BREATHE incident COPD': '', 'BREATHE prevalent COPD': '', 'BREATHE COPD exacerbations': '', 'BREATHE recommended': '', 'Validated, Quint et al., 2014': '', 'Cambridge COP087 (QOF 2012)': '', 'Cambridge COP151 (QOF 2012)': '', 'LSHTM Data Compass 340': '', 'LSHTM Data Compass 859': '', 'LSHTM Data Compass 1134': '', 'LSHTM Data Compass 1600': '', 'LSHTM Data Compass 1682': '', 'LSHTM Data Compass 2036': '', 'Manchester Clinical Codes 1 (QOF v24)': '', 'Manchester Clinical Codes 2 (QOF v5)': '', 'Manchester Clinical Codes 5 (Kontopantelis et al., 2014)': '', 'Manchester Clinical Codes 6 (Doran et al., 2011)': '', 'Manchester Clinical Codes 6_QOF (Doran et al., 2011)': '', 'Manchester Clinical Codes 9 (Kontopantelis et al., 2014)': '', 'Manchester Clinical Codes 21 (Kontopantelis et al., 2015)': '', 'Manchester Clinical Codes 26 (Reilly et al., 2015)': '', 'Manchester Clinical Codes 43 (Kontopantelis et al., 2012)': '', 'Manchester Clinical Codes 43_conservative (Kontopantelis et al., 2012)': '', 'Manchester Clinical Codes 43_QOF (Kontopantelis et al., 2012)': '', 'TargetCOPD_Emis (Jordan et al., 2016)': '', 'TargetCOPD_SystemOne (Jordan et al., 2016)': '', 'QOF v36 (2016-2017)': '', 'Chen et al., 2020': 'Y', 'Cole et al., 2020': '', 'Kerkhof et al., 2020': '', 'Patel et al., 2020': '', 'Rockenschaub et al., 2020': ''}",1,6360,Chronic obstructive pulmonary disease (COPD) Primary care -  1,"{'id': 5, 'name': 'Read codes v2', 'description': 'Read codes v2'}",PH797,2221,Chronic obstructive pulmonary disease (COPD) Primary care,1
,,,,,,,,,,,,,,,,,,,
2480,6360,2022-01-17T14:00:10.339428Z,2802,3836,1,2802,3782,168964,H30..12,Recurrent wheezy bronchitis,"{'CPRD GOLD Med': '7092', 'BREATHE Chronic bronchitis': '', 'BREATHE Emphysema': '', 'BREATHE incident COPD': '', 'BREATHE prevalent COPD': '', 'BREATHE COPD exacerbations': '', 'BREATHE recommended': '', 'Validated, Quint et al., 2014': '', 'Cambridge COP087 (QOF 2012)': '', 'Cambridge COP151 (QOF 2012)': '', 'LSHTM Data Compass 340': '', 'LSHTM Data Compass 859': '', 'LSHTM Data Compass 1134': 'Y', 'LSHTM Data Compass 1600': '', 'LSHTM Data Compass 1682': '', 'LSHTM Data Compass 2036': 'Y', 'Manchester Clinical Codes 1 (QOF v24)': '', 'Manchester Clinical Codes 2 (QOF v5)': '', 'Manchester Clinical Codes 5 (Kontopantelis et al., 2014)': '', 'Manchester Clinical Codes 6 (Doran et al., 2011)': '', 'Manchester Clinical Codes 6_QOF (Doran et al., 2011)': '', 'Manchester Clinical Codes 9 (Kontopantelis et al., 2014)': '', 'Manchester Clinical Codes 21 (Kontopantelis et al., 2015)': '', 'Manchester Clinical Codes 26 (Reilly et al., 2015)': '', 'Manchester Clinical Codes 43 (Kontopantelis et al., 2012)': '', 'Manchester Clinical Codes 43_conservative (Kontopantelis et al., 2012)': '', 'Manchester Clinical Codes 43_QOF (Kontopantelis et al., 2012)': '', 'TargetCOPD_Emis (Jordan et al., 2016)': '', 'TargetCOPD_SystemOne (Jordan et al., 2016)': '', 'QOF v36 (2016-2017)': '', 'Chen et al., 2020': 'Y', 'Cole et al., 2020': '', 'Kerkhof et al., 2020': '', 'Patel et al., 2020': '', 'Rockenschaub et al., 2020': ''}",1,6360,Chronic obstructive pulmonary disease (COPD) Primary care -  1,"{'id': 5, 'name': 'Read codes v2', 'description': 'Read codes v2'}",PH797,2221,Chronic obstructive pulmonary disease (COPD) Primary care,1
2480,6360,2022-01-17T14:00:10.339428Z,2802,3836,1,2802,3782,168967,H302.00,Wheezy bronchitis,"{'CPRD GOLD Med': '152', 'BREATHE Chronic bronchitis': '', 'BREATHE Emphysema': '', 'BREATHE incident COPD': '', 'BREATHE prevalent COPD': '', 'BREATHE COPD exacerbations': '', 'BREATHE recommended': '', 'Validated, Quint et al., 2014': '', 'Cambridge COP087 (QOF 2012)': '', 'Cambridge COP151 (QOF 2012)': '', 'LSHTM Data Compass 340': '', 'LSHTM Data Compass 859': '', 'LSHTM Data Compass 1134': 'Y', 'LSHTM Data Compass 1600': '', 'LSHTM Data Compass 1682': '', 'LSHTM Data Compass 2036': 'Y', 'Manchester Clinical Codes 1 (QOF v24)': '', 'Manchester Clinical Codes 2 (QOF v5)': '', 'Manchester Clinical Codes 5 (Kontopantelis et al., 2014)': '', 'Manchester Clinical Codes 6 (Doran et al., 2011)': '', 'Manchester Clinical Codes 6_QOF (Doran et al., 2011)': '', 'Manchester Clinical Codes 9 (Kontopantelis et al., 2014)': '', 'Manchester Clinical Codes 21 (Kontopantelis et al., 2015)': '', 'Manchester Clinical Codes 26 (Reilly et al., 2015)': '', 'Manchester Clinical Codes 43 (Kontopantelis et al., 2012)': '', 'Manchester Clinical Codes 43_conservative (Kontopantelis et al., 2012)': '', 'Manchester Clinical Codes 43_QOF (Kontopantelis et al., 2012)': '', 'TargetCOPD_Emis (Jordan et al., 2016)': '', 'TargetCOPD_SystemOne (Jordan et al., 2016)': '', 'QOF v36 (2016-2017)': '', 'Chen et al., 2020': 'Y', 'Cole et al., 2020': '', 'Kerkhof et al., 2020': '', 'Patel et al., 2020': '', 'Rockenschaub et al., 2020': ''}",1,6360,Chronic obstructive pulmonary disease (COPD) Primary care -  1,"{'id': 5, 'name': 'Read codes v2', 'description': 'Read codes v2'}",PH797,2221,Chronic obstructive pulmonary disease (COPD) Primary care,1
2480,6360,2022-01-17T14:00:10.339428Z,2802,3836,1,2802,3782,168897,H30z.00,Bronchitis NOS,"{'CPRD GOLD Med': '3480', 'BREATHE Chronic bronchitis': 'Y', 'BREATHE Emphysema': '', 'BREATHE incident COPD': 'Y', 'BREATHE prevalent COPD': 'Y', 'BREATHE COPD exacerbations': 'Y', 'BREATHE recommended': 'Y', 'Validated, Quint et al., 2014': 'Y', 'Cambridge COP087 (QOF 2012)': '', 'Cambridge COP151 (QOF 2012)': '', 'LSHTM Data Compass 340': '', 'LSHTM Data Compass 859': '', 'LSHTM Data Compass 1134': 'Y', 'LSHTM Data Compass 1600': '', 'LSHTM Data Compass 1682': '', 'LSHTM Data Compass 2036': 'Y', 'Manchester Clinical Codes 1 (QOF v24)': '', 'Manchester Clinical Codes 2 (QOF v5)': '', 'Manchester Clinical Codes 5 (Kontopantelis et al., 2014)': '', 'Manchester Clinical Codes 6 (Doran et al., 2011)': '', 'Manchester Clinical Codes 6_QOF (Doran et al., 2011)': '', 'Manchester Clinical Codes 9 (Kontopantelis et al., 2014)': '', 'Manchester Clinical Codes 21 (Kontopantelis et al., 2015)': '', 'Manchester Clinical Codes 26 (Reilly et al., 2015)': '', 'Manchester Clinical Codes 43 (Kontopantelis et al., 2012)': '', 'Manchester Clinical Codes 43_conservative (Kontopantelis et al., 2012)': '', 'Manchester Clinical Codes 43_QOF (Kontopantelis et al., 2012)': '', 'TargetCOPD_Emis (Jordan et al., 2016)': '', 'TargetCOPD_SystemOne (Jordan et al., 2016)': '', 'QOF v36 (2016-2017)': '', 'Chen et al., 2020': 'Y', 'Cole et al., 2020': '', 'Kerkhof et al., 2020': '', 'Patel et al., 2020': 'Y', 'Rockenschaub et al., 2020': ''}",1,6360,Chronic obstructive pulmonary disease (COPD) Primary care -  1,"{'id': 5, 'name': 'Read codes v2', 'description': 'Read codes v2'}",PH797,2221,Chronic obstructive pulmonary disease (COPD) Primary care,1
2480,6360,2022-01-17T14:00:10.339428Z,2802,3836,1,2802,3782,168898,H31..00,Chronic bronchitis,"{'CPRD GOLD Med': '3243', 'BREATHE Chronic bronchitis': 'Y', 'BREATHE Emphysema': '', 'BREATHE incident COPD': 'Y', 'BREATHE prevalent COPD': 'Y', 'BREATHE COPD exacerbations': '', 'BREATHE recommended': 'Y', 'Validated, Quint et al., 2014': 'Y', 'Cambridge COP087 (QOF 2012)': 'Y', 'Cambridge COP151 (QOF 2012)': 'Y', 'LSHTM Data Compass 340': 'Y', 'LSHTM Data Compass 859': 'Y', 'LSHTM Data Compass 1134': 'Y', 'LSHTM Data Compass 1600': 'Y', 'LSHTM Data Compass 1682': 'Y', 'LSHTM Data Compass 2036': 'Y', 'Manchester Clinical Codes 1 (QOF v24)': 'Y', 'Manchester Clinical Codes 2 (QOF v5)': 'Y', 'Manchester Clinical Codes 5 (Kontopantelis et al., 2014)': 'Y', 'Manchester Clinical Codes 6 (Doran et al., 2011)': 'Y', 'Manchester Clinical Codes 6_QOF (Doran et al., 2011)': 'Y', 'Manchester Clinical Codes 9 (Kontopantelis et al., 2014)': 'Y', 'Manchester Clinical Codes 21 (Kontopantelis et al., 2015)': 'Y', 'Manchester Clinical Codes 26 (Reilly et al., 2015)': 'Y', 'Manchester Clinical Codes 43 (Kontopantelis et al., 2012)': 'Y', 'Manchester Clinical Codes 43_conservative (Kontopantelis et al., 2012)': 'Y', 'Manchester Clinical Codes 43_QOF (Kontopantelis et al., 2012)': 'Y', 'TargetCOPD_Emis (Jordan et al., 2016)': 'Y', 'TargetCOPD_SystemOne (Jordan et al., 2016)': '', 'QOF v36 (2016-2017)': 'Y', 'Chen et al., 2020': 'Y', 'Cole et al., 2020': 'Y', 'Kerkhof et al., 2020': 'Y', 'Patel et al., 2020': 'Y', 'Rockenschaub et al., 2020': 'Y'}",1,6360,Chronic obstructive pulmonary disease (COPD) Primary care -  1,"{'id': 5, 'name': 'Read codes v2', 'description': 'Read codes v2'}",PH797,2221,Chronic obstructive pulmonary disease (COPD) Primary care,1
2480,6360,2022-01-17T14:00:10.339428Z,2802,3836,1,2802,3782,168899,H310.00,Simple chronic bronchitis,"{'CPRD GOLD Med': '25603', 'BREATHE Chronic bronchitis': 'Y', 'BREATHE Emphysema': '', 'BREATHE incident COPD': 'Y', 'BREATHE prevalent COPD': 'Y', 'BREATHE COPD exacerbations': '', 'BREATHE recommended': 'Y', 'Validated, Quint et al., 2014': 'Y', 'Cambridge COP087 (QOF 2012)': 'Y', 'Cambridge COP151 (QOF 2012)': 'Y', 'LSHTM Data Compass 340': 'Y', 'LSHTM Data Compass 859': 'Y', 'LSHTM Data Compass 1134': 'Y', 'LSHTM Data Compass 1600': 'Y', 'LSHTM Data Compass 1682': 'Y', 'LSHTM Data Compass 2036': 'Y', 'Manchester Clinical Codes 1 (QOF v24)': 'Y', 'Manchester Clinical Codes 2 (QOF v5)': 'Y', 'Manchester Clinical Codes 5 (Kontopantelis et al., 2014)': 'Y', 'Manchester Clinical Codes 6 (Doran et al., 2011)': 'Y', 'Manchester Clinical Codes 6_QOF (Doran et al., 2011)': 'Y', 'Manchester Clinical Codes 9 (Kontopantelis et al., 2014)': 'Y', 'Manchester Clinical Codes 21 (Kontopantelis et al., 2015)': 'Y', 'Manchester Clinical Codes 26 (Reilly et al., 2015)': 'Y', 'Manchester Clinical Codes 43 (Kontopantelis et al., 2012)': 'Y', 'Manchester Clinical Codes 43_conservative (Kontopantelis et al., 2012)': 'Y', 'Manchester Clinical Codes 43_QOF (Kontopantelis et al., 2012)': 'Y', 'TargetCOPD_Emis (Jordan et al., 2016)': '', 'TargetCOPD_SystemOne (Jordan et al., 2016)': '', 'QOF v36 (2016-2017)': 'Y', 'Chen et al., 2020': 'Y', 'Cole et al., 2020': 'Y', 'Kerkhof et al., 2020': 'Y', 'Patel et al., 2020': 'Y', 'Rockenschaub et al., 2020': 'Y'}",1,6360,Chronic obstructive pulmonary disease (COPD) Primary care -  1,"{'id': 5, 'name': 'Read codes v2', 'description': 'Read codes v2'}",PH797,2221,Chronic obstructive pulmonary disease (COPD) Primary care,1
2480,6360,2022-01-17T14:00:10.339428Z,2802,3836,1,2802,3782,168968,H310000,Chronic catarrhal bronchitis,"{'CPRD GOLD Med': '15626', 'BREATHE Chronic bronchitis': '', 'BREATHE Emphysema': '', 'BREATHE incident COPD': '', 'BREATHE prevalent COPD': '', 'BREATHE COPD exacerbations': '', 'BREATHE recommended': '', 'Validated, Quint et al., 2014': '', 'Cambridge COP087 (QOF 2012)': 'Y', 'Cambridge COP151 (QOF 2012)': 'Y', 'LSHTM Data Compass 340': 'Y', 'LSHTM Data Compass 859': 'Y', 'LSHTM Data Compass 1134': 'Y', 'LSHTM Data Compass 1600': 'Y', 'LSHTM Data Compass 1682': 'Y', 'LSHTM Data Compass 2036': 'Y', 'Manchester Clinical Codes 1 (QOF v24)': 'Y', 'Manchester Clinical Codes 2 (QOF v5)': 'Y', 'Manchester Clinical Codes 5 (Kontopantelis et al., 2014)': 'Y', 'Manchester Clinical Codes 6 (Doran et al., 2011)': 'Y', 'Manchester Clinical Codes 6_QOF (Doran et al., 2011)': 'Y', 'Manchester Clinical Codes 9 (Kontopantelis et al., 2014)': 'Y', 'Manchester Clinical Codes 21 (Kontopantelis et al., 2015)': 'Y', 'Manchester Clinical Codes 26 (Reilly et al., 2015)': 'Y', 'Manchester Clinical Codes 43 (Kontopantelis et al., 2012)': 'Y', 'Manchester Clinical Codes 43_conservative (Kontopantelis et al., 2012)': 'Y', 'Manchester Clinical Codes 43_QOF (Kontopantelis et al., 2012)': 'Y', 'TargetCOPD_Emis (Jordan et al., 2016)': '', 'TargetCOPD_SystemOne (Jordan et al., 2016)': '', 'QOF v36 (2016-2017)': 'Y', 'Chen et al., 2020': 'Y', 'Cole et al., 2020': 'Y', 'Kerkhof et al., 2020': 'Y', 'Patel et al., 2020': '', 'Rockenschaub et al., 2020': 'Y'}",1,6360,Chronic obstructive pulmonary disease (COPD) Primary care -  1,"{'id': 5, 'name': 'Read codes v2', 'description': 'Read codes v2'}",PH797,2221,Chronic obstructive pulmonary disease (COPD) Primary care,1
2480,6360,2022-01-17T14:00:10.339428Z,2802,3836,1,2802,3782,168969,H310100,Smokers' cough,"{'CPRD GOLD Med': '16717', 'BREATHE Chronic bronchitis': '', 'BREATHE Emphysema': '', 'BREATHE incident COPD': '', 'BREATHE prevalent COPD': '', 'BREATHE COPD exacerbations': '', 'BREATHE recommended': '', 'Validated, Quint et al., 2014': '', 'Cambridge COP087 (QOF 2012)': 'Y', 'Cambridge COP151 (QOF 2012)': 'Y', 'LSHTM Data Compass 340': '', 'LSHTM Data Compass 859': '', 'LSHTM Data Compass 1134': '', 'LSHTM Data Compass 1600': '', 'LSHTM Data Compass 1682': '', 'LSHTM Data Compass 2036': '', 'Manchester Clinical Codes 1 (QOF v24)': 'Y', 'Manchester Clinical Codes 2 (QOF v5)': '', 'Manchester Clinical Codes 5 (Kontopantelis et al., 2014)': '', 'Manchester Clinical Codes 6 (Doran et al., 2011)': '', 'Manchester Clinical Codes 6_QOF (Doran et al., 2011)': '', 'Manchester Clinical Codes 9 (Kontopantelis et al., 2014)': '', 'Manchester Clinical Codes 21 (Kontopantelis et al., 2015)': '', 'Manchester Clinical Codes 26 (Reilly et al., 2015)': '', 'Manchester Clinical Codes 43 (Kontopantelis et al., 2012)': '', 'Manchester Clinical Codes 43_conservative (Kontopantelis et al., 2012)': '', 'Manchester Clinical Codes 43_QOF (Kontopantelis et al., 2012)': '', 'TargetCOPD_Emis (Jordan et al., 2016)': '', 'TargetCOPD_SystemOne (Jordan et al., 2016)': '', 'QOF v36 (2016-2017)': '', 'Chen et al., 2020': 'Y', 'Cole et al., 2020': '', 'Kerkhof et al., 2020': '', 'Patel et al., 2020': '', 'Rockenschaub et al., 2020': ''}",1,6360,Chronic obstructive pulmonary disease (COPD) Primary care -  1,"{'id': 5, 'name': 'Read codes v2', 'description': 'Read codes v2'}",PH797,2221,Chronic obstructive pulmonary disease (COPD) Primary care,1
2480,6360,2022-01-17T14:00:10.339428Z,2802,3836,1,2802,3782,168970,H310z00,Simple chronic bronchitis NOS,"{'CPRD GOLD Med': '61118', 'BREATHE Chronic bronchitis': 'Y', 'BREATHE Emphysema': '', 'BREATHE incident COPD': 'Y', 'BREATHE prevalent COPD': 'Y', 'BREATHE COPD exacerbations': '', 'BREATHE recommended': 'Y', 'Validated, Quint et al., 2014': '', 'Cambridge COP087 (QOF 2012)': 'Y', 'Cambridge COP151 (QOF 2012)': 'Y', 'LSHTM Data Compass 340': 'Y', 'LSHTM Data Compass 859': 'Y', 'LSHTM Data Compass 1134': 'Y', 'LSHTM Data Compass 1600': 'Y', 'LSHTM Data Compass 1682': 'Y', 'LSHTM Data Compass 2036': 'Y', 'Manchester Clinical Codes 1 (QOF v24)': 'Y', 'Manchester Clinical Codes 2 (QOF v5)': 'Y', 'Manchester Clinical Codes 5 (Kontopantelis et al., 2014)': 'Y', 'Manchester Clinical Codes 6 (Doran et al., 2011)': 'Y', 'Manchester Clinical Codes 6_QOF (Doran et al., 2011)': 'Y', 'Manchester Clinical Codes 9 (Kontopantelis et al., 2014)': 'Y', 'Manchester Clinical Codes 21 (Kontopantelis et al., 2015)': 'Y', 'Manchester Clinical Codes 26 (Reilly et al., 2015)': 'Y', 'Manchester Clinical Codes 43 (Kontopantelis et al., 2012)': 'Y', 'Manchester Clinical Codes 43_conservative (Kontopantelis et al., 2012)': 'Y', 'Manchester Clinical Codes 43_QOF (Kontopantelis et al., 2012)': 'Y', 'TargetCOPD_Emis (Jordan et al., 2016)': '', 'TargetCOPD_SystemOne (Jordan et al., 2016)': '', 'QOF v36 (2016-2017)': 'Y', 'Chen et al., 2020': 'Y', 'Cole et al., 2020': 'Y', 'Kerkhof et al., 2020': 'Y', 'Patel et al., 2020': '', 'Rockenschaub et al., 2020': 'Y'}",1,6360,Chronic obstructive pulmonary disease (COPD) Primary care -  1,"{'id': 5, 'name': 'Read codes v2', 'description': 'Read codes v2'}",PH797,2221,Chronic obstructive pulmonary disease (COPD) Primary care,1
2480,6360,2022-01-17T14:00:10.339428Z,2802,3836,1,2802,3782,168896,H3...11,Chronic obstructive airways disease,"{'CPRD GOLD Med': '998', 'BREATHE Chronic bronchitis': 'Y', 'BREATHE Emphysema': 'Y', 'BREATHE incident COPD': 'Y', 'BREATHE prevalent COPD': 'Y', 'BREATHE COPD exacerbations': '', 'BREATHE recommended': 'Y', 'Validated, Quint et al., 2014': 'Y', 'Cambridge COP087 (QOF 2012)': 'Y', 'Cambridge COP151 (QOF 2012)': 'Y', 'LSHTM Data Compass 340': 'Y', 'LSHTM Data Compass 859': 'Y', 'LSHTM Data Compass 1134': 'Y', 'LSHTM Data Compass 1600': 'Y', 'LSHTM Data Compass 1682': 'Y', 'LSHTM Data Compass 2036': 'Y', 'Manchester Clinical Codes 1 (QOF v24)': '', 'Manchester Clinical Codes 2 (QOF v5)': '', 'Manchester Clinical Codes 5 (Kontopantelis et al., 2014)': '', 'Manchester Clinical Codes 6 (Doran et al., 2011)': '', 'Manchester Clinical Codes 6_QOF (Doran et al., 2011)': '', 'Manchester Clinical Codes 9 (Kontopantelis et al., 2014)': '', 'Manchester Clinical Codes 21 (Kontopantelis et al., 2015)': '', 'Manchester Clinical Codes 26 (Reilly et al., 2015)': '', 'Manchester Clinical Codes 43 (Kontopantelis et al., 2012)': '', 'Manchester Clinical Codes 43_conservative (Kontopantelis et al., 2012)': '', 'Manchester Clinical Codes 43_QOF (Kontopantelis et al., 2012)': '', 'TargetCOPD_Emis (Jordan et al., 2016)': '', 'TargetCOPD_SystemOne (Jordan et al., 2016)': '', 'QOF v36 (2016-2017)': 'Y', 'Chen et al., 2020': 'Y', 'Cole et al., 2020': 'Y', 'Kerkhof et al., 2020': 'Y', 'Patel et al., 2020': 'Y', 'Rockenschaub et al., 2020': 'Y'}",1,6360,Chronic obstructive pulmonary disease (COPD) Primary care -  1,"{'id': 5, 'name': 'Read codes v2', 'description': 'Read codes v2'}",PH797,2221,Chronic obstructive pulmonary disease (COPD) Primary care,1
2480,6360,2022-01-17T14:00:10.339428Z,2802,3836,1,2802,3782,168900,H311.00,Mucopurulent chronic bronchitis,"{'CPRD GOLD Med': '11150', 'BREATHE Chronic bronchitis': 'Y', 'BREATHE Emphysema': '', 'BREATHE incident COPD': 'Y', 'BREATHE prevalent COPD': 'Y', 'BREATHE COPD exacerbations': '', 'BREATHE recommended': 'Y', 'Validated, Quint et al., 2014': 'Y', 'Cambridge COP087 (QOF 2012)': 'Y', 'Cambridge COP151 (QOF 2012)': 'Y', 'LSHTM Data Compass 340': 'Y', 'LSHTM Data Compass 859': 'Y', 'LSHTM Data Compass 1134': 'Y', 'LSHTM Data Compass 1600': 'Y', 'LSHTM Data Compass 1682': 'Y', 'LSHTM Data Compass 2036': 'Y', 'Manchester Clinical Codes 1 (QOF v24)': 'Y', 'Manchester Clinical Codes 2 (QOF v5)': 'Y', 'Manchester Clinical Codes 5 (Kontopantelis et al., 2014)': 'Y', 'Manchester Clinical Codes 6 (Doran et al., 2011)': 'Y', 'Manchester Clinical Codes 6_QOF (Doran et al., 2011)': 'Y', 'Manchester Clinical Codes 9 (Kontopantelis et al., 2014)': 'Y', 'Manchester Clinical Codes 21 (Kontopantelis et al., 2015)': 'Y', 'Manchester Clinical Codes 26 (Reilly et al., 2015)': 'Y', 'Manchester Clinical Codes 43 (Kontopantelis et al., 2012)': 'Y', 'Manchester Clinical Codes 43_conservative (Kontopantelis et al., 2012)': 'Y', 'Manchester Clinical Codes 43_QOF (Kontopantelis et al., 2012)': 'Y', 'TargetCOPD_Emis (Jordan et al., 2016)': '', 'TargetCOPD_SystemOne (Jordan et al., 2016)': '', 'QOF v36 (2016-2017)': 'Y', 'Chen et al., 2020': 'Y', 'Cole et al., 2020': 'Y', 'Kerkhof et al., 2020': 'Y', 'Patel et al., 2020': 'Y', 'Rockenschaub et al., 2020': 'Y'}",1,6360,Chronic obstructive pulmonary disease (COPD) Primary care -  1,"{'id': 5, 'name': 'Read codes v2', 'description': 'Read codes v2'}",PH797,2221,Chronic obstructive pulmonary disease (COPD) Primary care,1
2480,6360,2022-01-17T14:00:10.339428Z,2802,3836,1,2802,3782,168971,H311000,Purulent chronic bronchitis,"{'CPRD GOLD Med': '40159', 'BREATHE Chronic bronchitis': '', 'BREATHE Emphysema': '', 'BREATHE incident COPD': '', 'BREATHE prevalent COPD': '', 'BREATHE COPD exacerbations': '', 'BREATHE recommended': '', 'Validated, Quint et al., 2014': '', 'Cambridge COP087 (QOF 2012)': 'Y', 'Cambridge COP151 (QOF 2012)': 'Y', 'LSHTM Data Compass 340': 'Y', 'LSHTM Data Compass 859': 'Y', 'LSHTM Data Compass 1134': 'Y', 'LSHTM Data Compass 1600': 'Y', 'LSHTM Data Compass 1682': 'Y', 'LSHTM Data Compass 2036': 'Y', 'Manchester Clinical Codes 1 (QOF v24)': 'Y', 'Manchester Clinical Codes 2 (QOF v5)': 'Y', 'Manchester Clinical Codes 5 (Kontopantelis et al., 2014)': 'Y', 'Manchester Clinical Codes 6 (Doran et al., 2011)': 'Y', 'Manchester Clinical Codes 6_QOF (Doran et al., 2011)': 'Y', 'Manchester Clinical Codes 9 (Kontopantelis et al., 2014)': 'Y', 'Manchester Clinical Codes 21 (Kontopantelis et al., 2015)': 'Y', 'Manchester Clinical Codes 26 (Reilly et al., 2015)': 'Y', 'Manchester Clinical Codes 43 (Kontopantelis et al., 2012)': 'Y', 'Manchester Clinical Codes 43_conservative (Kontopantelis et al., 2012)': 'Y', 'Manchester Clinical Codes 43_QOF (Kontopantelis et al., 2012)': 'Y', 'TargetCOPD_Emis (Jordan et al., 2016)': '', 'TargetCOPD_SystemOne (Jordan et al., 2016)': '', 'QOF v36 (2016-2017)': 'Y', 'Chen et al., 2020': 'Y', 'Cole et al., 2020': 'Y', 'Kerkhof et al., 2020': 'Y', 'Patel et al., 2020': '', 'Rockenschaub et al., 2020': 'Y'}",1,6360,Chronic obstructive pulmonary disease (COPD) Primary care -  1,"{'id': 5, 'name': 'Read codes v2', 'description': 'Read codes v2'}",PH797,2221,Chronic obstructive pulmonary disease (COPD) Primary care,1
2480,6360,2022-01-17T14:00:10.339428Z,2802,3836,1,2802,3782,168972,H311100,Fetid chronic bronchitis,"{'CPRD GOLD Med': '37959', 'BREATHE Chronic bronchitis': '', 'BREATHE Emphysema': '', 'BREATHE incident COPD': '', 'BREATHE prevalent COPD': '', 'BREATHE COPD exacerbations': '', 'BREATHE recommended': '', 'Validated, Quint et al., 2014': '', 'Cambridge COP087 (QOF 2012)': 'Y', 'Cambridge COP151 (QOF 2012)': 'Y', 'LSHTM Data Compass 340': 'Y', 'LSHTM Data Compass 859': 'Y', 'LSHTM Data Compass 1134': 'Y', 'LSHTM Data Compass 1600': 'Y', 'LSHTM Data Compass 1682': 'Y', 'LSHTM Data Compass 2036': 'Y', 'Manchester Clinical Codes 1 (QOF v24)': 'Y', 'Manchester Clinical Codes 2 (QOF v5)': 'Y', 'Manchester Clinical Codes 5 (Kontopantelis et al., 2014)': 'Y', 'Manchester Clinical Codes 6 (Doran et al., 2011)': 'Y', 'Manchester Clinical Codes 6_QOF (Doran et al., 2011)': 'Y', 'Manchester Clinical Codes 9 (Kontopantelis et al., 2014)': 'Y', 'Manchester Clinical Codes 21 (Kontopantelis et al., 2015)': 'Y', 'Manchester Clinical Codes 26 (Reilly et al., 2015)': 'Y', 'Manchester Clinical Codes 43 (Kontopantelis et al., 2012)': 'Y', 'Manchester Clinical Codes 43_conservative (Kontopantelis et al., 2012)': 'Y', 'Manchester Clinical Codes 43_QOF (Kontopantelis et al., 2012)': 'Y', 'TargetCOPD_Emis (Jordan et al., 2016)': '', 'TargetCOPD_SystemOne (Jordan et al., 2016)': '', 'QOF v36 (2016-2017)': 'Y', 'Chen et al., 2020': 'Y', 'Cole et al., 2020': 'Y', 'Kerkhof et al., 2020': 'Y', 'Patel et al., 2020': '', 'Rockenschaub et al., 2020': 'Y'}",1,6360,Chronic obstructive pulmonary disease (COPD) Primary care -  1,"{'id': 5, 'name': 'Read codes v2', 'description': 'Read codes v2'}",PH797,2221,Chronic obstructive pulmonary disease (COPD) Primary care,1
2480,6360,2022-01-17T14:00:10.339428Z,2802,3836,1,2802,3782,168973,H311z00,Mucopurulent chronic bronchitis NOS,"{'CPRD GOLD Med': '61513', 'BREATHE Chronic bronchitis': '', 'BREATHE Emphysema': '', 'BREATHE incident COPD': '', 'BREATHE prevalent COPD': '', 'BREATHE COPD exacerbations': '', 'BREATHE recommended': 'Y', 'Validated, Quint et al., 2014': '', 'Cambridge COP087 (QOF 2012)': 'Y', 'Cambridge COP151 (QOF 2012)': 'Y', 'LSHTM Data Compass 340': 'Y', 'LSHTM Data Compass 859': 'Y', 'LSHTM Data Compass 1134': 'Y', 'LSHTM Data Compass 1600': 'Y', 'LSHTM Data Compass 1682': 'Y', 'LSHTM Data Compass 2036': 'Y', 'Manchester Clinical Codes 1 (QOF v24)': 'Y', 'Manchester Clinical Codes 2 (QOF v5)': 'Y', 'Manchester Clinical Codes 5 (Kontopantelis et al., 2014)': 'Y', 'Manchester Clinical Codes 6 (Doran et al., 2011)': 'Y', 'Manchester Clinical Codes 6_QOF (Doran et al., 2011)': 'Y', 'Manchester Clinical Codes 9 (Kontopantelis et al., 2014)': 'Y', 'Manchester Clinical Codes 21 (Kontopantelis et al., 2015)': 'Y', 'Manchester Clinical Codes 26 (Reilly et al., 2015)': 'Y', 'Manchester Clinical Codes 43 (Kontopantelis et al., 2012)': 'Y', 'Manchester Clinical Codes 43_conservative (Kontopantelis et al., 2012)': 'Y', 'Manchester Clinical Codes 43_QOF (Kontopantelis et al., 2012)': 'Y', 'TargetCOPD_Emis (Jordan et al., 2016)': '', 'TargetCOPD_SystemOne (Jordan et al., 2016)': '', 'QOF v36 (2016-2017)': 'Y', 'Chen et al., 2020': 'Y', 'Cole et al., 2020': 'Y', 'Kerkhof et al., 2020': 'Y', 'Patel et al., 2020': '', 'Rockenschaub et al., 2020': 'Y'}",1,6360,Chronic obstructive pulmonary disease (COPD) Primary care -  1,"{'id': 5, 'name': 'Read codes v2', 'description': 'Read codes v2'}",PH797,2221,Chronic obstructive pulmonary disease (COPD) Primary care,1
2480,6360,2022-01-17T14:00:10.339428Z,2802,3836,1,2802,3782,168974,H312.00,Obstructive chronic bronchitis,"{'CPRD GOLD Med': '27819', 'BREATHE Chronic bronchitis': 'Y', 'BREATHE Emphysema': '', 'BREATHE incident COPD': 'Y', 'BREATHE prevalent COPD': 'Y', 'BREATHE COPD exacerbations': '', 'BREATHE recommended': 'Y', 'Validated, Quint et al., 2014': '', 'Cambridge COP087 (QOF 2012)': 'Y', 'Cambridge COP151 (QOF 2012)': 'Y', 'LSHTM Data Compass 340': 'Y', 'LSHTM Data Compass 859': 'Y', 'LSHTM Data Compass 1134': 'Y', 'LSHTM Data Compass 1600': 'Y', 'LSHTM Data Compass 1682': 'Y', 'LSHTM Data Compass 2036': 'Y', 'Manchester Clinical Codes 1 (QOF v24)': 'Y', 'Manchester Clinical Codes 2 (QOF v5)': 'Y', 'Manchester Clinical Codes 5 (Kontopantelis et al., 2014)': 'Y', 'Manchester Clinical Codes 6 (Doran et al., 2011)': 'Y', 'Manchester Clinical Codes 6_QOF (Doran et al., 2011)': 'Y', 'Manchester Clinical Codes 9 (Kontopantelis et al., 2014)': 'Y', 'Manchester Clinical Codes 21 (Kontopantelis et al., 2015)': 'Y', 'Manchester Clinical Codes 26 (Reilly et al., 2015)': 'Y', 'Manchester Clinical Codes 43 (Kontopantelis et al., 2012)': 'Y', 'Manchester Clinical Codes 43_conservative (Kontopantelis et al., 2012)': 'Y', 'Manchester Clinical Codes 43_QOF (Kontopantelis et al., 2012)': 'Y', 'TargetCOPD_Emis (Jordan et al., 2016)': '', 'TargetCOPD_SystemOne (Jordan et al., 2016)': '', 'QOF v36 (2016-2017)': 'Y', 'Chen et al., 2020': 'Y', 'Cole et al., 2020': 'Y', 'Kerkhof et al., 2020': 'Y', 'Patel et al., 2020': 'Y', 'Rockenschaub et al., 2020': 'Y'}",1,6360,Chronic obstructive pulmonary disease (COPD) Primary care -  1,"{'id': 5, 'name': 'Read codes v2', 'description': 'Read codes v2'}",PH797,2221,Chronic obstructive pulmonary disease (COPD) Primary care,1
2480,6360,2022-01-17T14:00:10.339428Z,2802,3836,1,2802,3782,168975,H312000,Chronic asthmatic bronchitis,"{'CPRD GOLD Med': '5798', 'BREATHE Chronic bronchitis': '', 'BREATHE Emphysema': '', 'BREATHE incident COPD': '', 'BREATHE prevalent COPD': '', 'BREATHE COPD exacerbations': '', 'BREATHE recommended': '', 'Validated, Quint et al., 2014': '', 'Cambridge COP087 (QOF 2012)': 'Y', 'Cambridge COP151 (QOF 2012)': 'Y', 'LSHTM Data Compass 340': '', 'LSHTM Data Compass 859': '', 'LSHTM Data Compass 1134': '', 'LSHTM Data Compass 1600': '', 'LSHTM Data Compass 1682': '', 'LSHTM Data Compass 2036': '', 'Manchester Clinical Codes 1 (QOF v24)': 'Y', 'Manchester Clinical Codes 2 (QOF v5)': 'Y', 'Manchester Clinical Codes 5 (Kontopantelis et al., 2014)': 'Y', 'Manchester Clinical Codes 6 (Doran et al., 2011)': 'Y', 'Manchester Clinical Codes 6_QOF (Doran et al., 2011)': 'Y', 'Manchester Clinical Codes 9 (Kontopantelis et al., 2014)': 'Y', 'Manchester Clinical Codes 21 (Kontopantelis et al., 2015)': 'Y', 'Manchester Clinical Codes 26 (Reilly et al., 2015)': 'Y', 'Manchester Clinical Codes 43 (Kontopantelis et al., 2012)': 'Y', 'Manchester Clinical Codes 43_conservative (Kontopantelis et al., 2012)': 'Y', 'Manchester Clinical Codes 43_QOF (Kontopantelis et al., 2012)': 'Y', 'TargetCOPD_Emis (Jordan et al., 2016)': '', 'TargetCOPD_SystemOne (Jordan et al., 2016)': '', 'QOF v36 (2016-2017)': 'Y', 'Chen et al., 2020': 'Y', 'Cole et al., 2020': 'Y', 'Kerkhof et al., 2020': 'Y', 'Patel et al., 2020': '', 'Rockenschaub et al., 2020': 'Y'}",1,6360,Chronic obstructive pulmonary disease (COPD) Primary care -  1,"{'id': 5, 'name': 'Read codes v2', 'description': 'Read codes v2'}",PH797,2221,Chronic obstructive pulmonary disease (COPD) Primary care,1
2480,6360,2022-01-17T14:00:10.339428Z,2802,3836,1,2802,3782,168909,H37..00,Moderate chronic obstructive pulmonary disease,"{'CPRD GOLD Med': '10802', 'BREATHE Chronic bronchitis': 'Y', 'BREATHE Emphysema': 'Y', 'BREATHE incident COPD': 'Y', 'BREATHE prevalent COPD': 'Y', 'BREATHE COPD exacerbations': '', 'BREATHE recommended': 'Y', 'Validated, Quint et al., 2014': 'Y', 'Cambridge COP087 (QOF 2012)': 'Y', 'Cambridge COP151 (QOF 2012)': 'Y', 'LSHTM Data Compass 340': 'Y', 'LSHTM Data Compass 859': 'Y', 'LSHTM Data Compass 1134': 'Y', 'LSHTM Data Compass 1600': 'Y', 'LSHTM Data Compass 1682': 'Y', 'LSHTM Data Compass 2036': 'Y', 'Manchester Clinical Codes 1 (QOF v24)': 'Y', 'Manchester Clinical Codes 2 (QOF v5)': 'Y', 'Manchester Clinical Codes 5 (Kontopantelis et al., 2014)': 'Y', 'Manchester Clinical Codes 6 (Doran et al., 2011)': 'Y', 'Manchester Clinical Codes 6_QOF (Doran et al., 2011)': 'Y', 'Manchester Clinical Codes 9 (Kontopantelis et al., 2014)': 'Y', 'Manchester Clinical Codes 21 (Kontopantelis et al., 2015)': 'Y', 'Manchester Clinical Codes 26 (Reilly et al., 2015)': 'Y', 'Manchester Clinical Codes 43 (Kontopantelis et al., 2012)': 'Y', 'Manchester Clinical Codes 43_conservative (Kontopantelis et al., 2012)': 'Y', 'Manchester Clinical Codes 43_QOF (Kontopantelis et al., 2012)': 'Y', 'TargetCOPD_Emis (Jordan et al., 2016)': 'Y', 'TargetCOPD_SystemOne (Jordan et al., 2016)': '', 'QOF v36 (2016-2017)': 'Y', 'Chen et al., 2020': 'Y', 'Cole et al., 2020': 'Y', 'Kerkhof et al., 2020': 'Y', 'Patel et al., 2020': 'Y', 'Rockenschaub et al., 2020': 'Y'}",1,6360,Chronic obstructive pulmonary disease (COPD) Primary care -  1,"{'id': 5, 'name': 'Read codes v2', 'description': 'Read codes v2'}",PH797,2221,Chronic obstructive pulmonary disease (COPD) Primary care,1
2480,6360,2022-01-17T14:00:10.339428Z,2802,3836,1,2802,3782,168976,H312011,Chronic wheezy bronchitis,"{'CPRD GOLD Med': '5909', 'BREATHE Chronic bronchitis': '', 'BREATHE Emphysema': '', 'BREATHE incident COPD': '', 'BREATHE prevalent COPD': '', 'BREATHE COPD exacerbations': '', 'BREATHE recommended': '', 'Validated, Quint et al., 2014': '', 'Cambridge COP087 (QOF 2012)': 'Y', 'Cambridge COP151 (QOF 2012)': 'Y', 'LSHTM Data Compass 340': '', 'LSHTM Data Compass 859': '', 'LSHTM Data Compass 1134': 'Y', 'LSHTM Data Compass 1600': '', 'LSHTM Data Compass 1682': '', 'LSHTM Data Compass 2036': 'Y', 'Manchester Clinical Codes 1 (QOF v24)': 'Y', 'Manchester Clinical Codes 2 (QOF v5)': 'Y', 'Manchester Clinical Codes 5 (Kontopantelis et al., 2014)': 'Y', 'Manchester Clinical Codes 6 (Doran et al., 2011)': 'Y', 'Manchester Clinical Codes 6_QOF (Doran et al., 2011)': 'Y', 'Manchester Clinical Codes 9 (Kontopantelis et al., 2014)': 'Y', 'Manchester Clinical Codes 21 (Kontopantelis et al., 2015)': 'Y', 'Manchester Clinical Codes 26 (Reilly et al., 2015)': 'Y', 'Manchester Clinical Codes 43 (Kontopantelis et al., 2012)': 'Y', 'Manchester Clinical Codes 43_conservative (Kontopantelis et al., 2012)': 'Y', 'Manchester Clinical Codes 43_QOF (Kontopantelis et al., 2012)': 'Y', 'TargetCOPD_Emis (Jordan et al., 2016)': '', 'TargetCOPD_SystemOne (Jordan et al., 2016)': '', 'QOF v36 (2016-2017)': 'Y', 'Chen et al., 2020': 'Y', 'Cole et al., 2020': 'Y', 'Kerkhof et al., 2020': 'Y', 'Patel et al., 2020': 'Y', 'Rockenschaub et al., 2020': 'Y'}",1,6360,Chronic obstructive pulmonary disease (COPD) Primary care -  1,"{'id': 5, 'name': 'Read codes v2', 'description': 'Read codes v2'}",PH797,2221,Chronic obstructive pulmonary disease (COPD) Primary care,1
2480,6360,2022-01-17T14:00:10.339428Z,2802,3836,1,2802,3782,168901,H312100,Emphysematous bronchitis,"{'CPRD GOLD Med': '14798', 'BREATHE Chronic bronchitis': 'Y', 'BREATHE Emphysema': 'Y', 'BREATHE incident COPD': 'Y', 'BREATHE prevalent COPD': 'Y', 'BREATHE COPD exacerbations': 'Y', 'BREATHE recommended': 'Y', 'Validated, Quint et al., 2014': 'Y', 'Cambridge COP087 (QOF 2012)': 'Y', 'Cambridge COP151 (QOF 2012)': 'Y', 'LSHTM Data Compass 340': 'Y', 'LSHTM Data Compass 859': 'Y', 'LSHTM Data Compass 1134': 'Y', 'LSHTM Data Compass 1600': 'Y', 'LSHTM Data Compass 1682': 'Y', 'LSHTM Data Compass 2036': 'Y', 'Manchester Clinical Codes 1 (QOF v24)': 'Y', 'Manchester Clinical Codes 2 (QOF v5)': 'Y', 'Manchester Clinical Codes 5 (Kontopantelis et al., 2014)': 'Y', 'Manchester Clinical Codes 6 (Doran et al., 2011)': 'Y', 'Manchester Clinical Codes 6_QOF (Doran et al., 2011)': 'Y', 'Manchester Clinical Codes 9 (Kontopantelis et al., 2014)': 'Y', 'Manchester Clinical Codes 21 (Kontopantelis et al., 2015)': 'Y', 'Manchester Clinical Codes 26 (Reilly et al., 2015)': 'Y', 'Manchester Clinical Codes 43 (Kontopantelis et al., 2012)': 'Y', 'Manchester Clinical Codes 43_conservative (Kontopantelis et al., 2012)': 'Y', 'Manchester Clinical Codes 43_QOF (Kontopantelis et al., 2012)': 'Y', 'TargetCOPD_Emis (Jordan et al., 2016)': '', 'TargetCOPD_SystemOne (Jordan et al., 2016)': '', 'QOF v36 (2016-2017)': 'Y', 'Chen et al., 2020': 'Y', 'Cole et al., 2020': 'Y', 'Kerkhof et al., 2020': 'Y', 'Patel et al., 2020': 'Y', 'Rockenschaub et al., 2020': 'Y'}",1,6360,Chronic obstructive pulmonary disease (COPD) Primary care -  1,"{'id': 5, 'name': 'Read codes v2', 'description': 'Read codes v2'}",PH797,2221,Chronic obstructive pulmonary disease (COPD) Primary care,1
2480,6360,2022-01-17T14:00:10.339428Z,2802,3836,1,2802,3782,168977,H312200,Acute exacerbation of chronic obstructive airways disease,"{'CPRD GOLD Med': '1446', 'BREATHE Chronic bronchitis': 'Y', 'BREATHE Emphysema': 'Y', 'BREATHE incident COPD': '', 'BREATHE prevalent COPD': '', 'BREATHE COPD exacerbations': 'Y', 'BREATHE recommended': 'Y', 'Validated, Quint et al., 2014': '', 'Cambridge COP087 (QOF 2012)': 'Y', 'Cambridge COP151 (QOF 2012)': 'Y', 'LSHTM Data Compass 340': 'Y', 'LSHTM Data Compass 859': 'Y', 'LSHTM Data Compass 1134': 'Y', 'LSHTM Data Compass 1600': 'Y', 'LSHTM Data Compass 1682': 'Y', 'LSHTM Data Compass 2036': 'Y', 'Manchester Clinical Codes 1 (QOF v24)': 'Y', 'Manchester Clinical Codes 2 (QOF v5)': 'Y', 'Manchester Clinical Codes 5 (Kontopantelis et al., 2014)': '', 'Manchester Clinical Codes 6 (Doran et al., 2011)': 'Y', 'Manchester Clinical Codes 6_QOF (Doran et al., 2011)': '', 'Manchester Clinical Codes 9 (Kontopantelis et al., 2014)': '', 'Manchester Clinical Codes 21 (Kontopantelis et al., 2015)': '', 'Manchester Clinical Codes 26 (Reilly et al., 2015)': '', 'Manchester Clinical Codes 43 (Kontopantelis et al., 2012)': 'Y', 'Manchester Clinical Codes 43_conservative (Kontopantelis et al., 2012)': '', 'Manchester Clinical Codes 43_QOF (Kontopantelis et al., 2012)': '', 'TargetCOPD_Emis (Jordan et al., 2016)': '', 'TargetCOPD_SystemOne (Jordan et al., 2016)': '', 'QOF v36 (2016-2017)': '', 'Chen et al., 2020': 'Y', 'Cole et al., 2020': '', 'Kerkhof et al., 2020': '', 'Patel et al., 2020': 'Y', 'Rockenschaub et al., 2020': ''}",1,6360,Chronic obstructive pulmonary disease (COPD) Primary care -  1,"{'id': 5, 'name': 'Read codes v2', 'description': 'Read codes v2'}",PH797,2221,Chronic obstructive pulmonary disease (COPD) Primary care,1
2480,6360,2022-01-17T14:00:10.339428Z,2802,3836,1,2802,3782,168978,H312300,Bronchiolitis obliterans,"{'CPRD GOLD Med': '26125', 'BREATHE Chronic bronchitis': '', 'BREATHE Emphysema': '', 'BREATHE incident COPD': '', 'BREATHE prevalent COPD': '', 'BREATHE COPD exacerbations': '', 'BREATHE recommended': '', 'Validated, Quint et al., 2014': '', 'Cambridge COP087 (QOF 2012)': 'Y', 'Cambridge COP151 (QOF 2012)': 'Y', 'LSHTM Data Compass 340': '', 'LSHTM Data Compass 859': '', 'LSHTM Data Compass 1134': '', 'LSHTM Data Compass 1600': '', 'LSHTM Data Compass 1682': '', 'LSHTM Data Compass 2036': '', 'Manchester Clinical Codes 1 (QOF v24)': 'Y', 'Manchester Clinical Codes 2 (QOF v5)': 'Y', 'Manchester Clinical Codes 5 (Kontopantelis et al., 2014)': 'Y', 'Manchester Clinical Codes 6 (Doran et al., 2011)': 'Y', 'Manchester Clinical Codes 6_QOF (Doran et al., 2011)': 'Y', 'Manchester Clinical Codes 9 (Kontopantelis et al., 2014)': 'Y', 'Manchester Clinical Codes 21 (Kontopantelis et al., 2015)': 'Y', 'Manchester Clinical Codes 26 (Reilly et al., 2015)': 'Y', 'Manchester Clinical Codes 43 (Kontopantelis et al., 2012)': 'Y', 'Manchester Clinical Codes 43_conservative (Kontopantelis et al., 2012)': 'Y', 'Manchester Clinical Codes 43_QOF (Kontopantelis et al., 2012)': 'Y', 'TargetCOPD_Emis (Jordan et al., 2016)': '', 'TargetCOPD_SystemOne (Jordan et al., 2016)': '', 'QOF v36 (2016-2017)': 'Y', 'Chen et al., 2020': 'Y', 'Cole et al., 2020': 'Y', 'Kerkhof et al., 2020': 'Y', 'Patel et al., 2020': '', 'Rockenschaub et al., 2020': 'Y'}",1,6360,Chronic obstructive pulmonary disease (COPD) Primary care -  1,"{'id': 5, 'name': 'Read codes v2', 'description': 'Read codes v2'}",PH797,2221,Chronic obstructive pulmonary disease (COPD) Primary care,1
2480,6360,2022-01-17T14:00:10.339428Z,2802,3836,1,2802,3782,168902,H312z00,Obstructive chronic bronchitis NOS,"{'CPRD GOLD Med': '44525', 'BREATHE Chronic bronchitis': 'Y', 'BREATHE Emphysema': 'Y', 'BREATHE incident COPD': 'Y', 'BREATHE prevalent COPD': 'Y', 'BREATHE COPD exacerbations': '', 'BREATHE recommended': 'Y', 'Validated, Quint et al., 2014': 'Y', 'Cambridge COP087 (QOF 2012)': 'Y', 'Cambridge COP151 (QOF 2012)': 'Y', 'LSHTM Data Compass 340': 'Y', 'LSHTM Data Compass 859': 'Y', 'LSHTM Data Compass 1134': 'Y', 'LSHTM Data Compass 1600': 'Y', 'LSHTM Data Compass 1682': 'Y', 'LSHTM Data Compass 2036': 'Y', 'Manchester Clinical Codes 1 (QOF v24)': 'Y', 'Manchester Clinical Codes 2 (QOF v5)': 'Y', 'Manchester Clinical Codes 5 (Kontopantelis et al., 2014)': 'Y', 'Manchester Clinical Codes 6 (Doran et al., 2011)': 'Y', 'Manchester Clinical Codes 6_QOF (Doran et al., 2011)': 'Y', 'Manchester Clinical Codes 9 (Kontopantelis et al., 2014)': 'Y', 'Manchester Clinical Codes 21 (Kontopantelis et al., 2015)': 'Y', 'Manchester Clinical Codes 26 (Reilly et al., 2015)': 'Y', 'Manchester Clinical Codes 43 (Kontopantelis et al., 2012)': 'Y', 'Manchester Clinical Codes 43_conservative (Kontopantelis et al., 2012)': 'Y', 'Manchester Clinical Codes 43_QOF (Kontopantelis et al., 2012)': 'Y', 'TargetCOPD_Emis (Jordan et al., 2016)': '', 'TargetCOPD_SystemOne (Jordan et al., 2016)': '', 'QOF v36 (2016-2017)': 'Y', 'Chen et al., 2020': 'Y', 'Cole et al., 2020': 'Y', 'Kerkhof et al., 2020': 'Y', 'Patel et al., 2020': 'Y', 'Rockenschaub et al., 2020': 'Y'}",1,6360,Chronic obstructive pulmonary disease (COPD) Primary care -  1,"{'id': 5, 'name': 'Read codes v2', 'description': 'Read codes v2'}",PH797,2221,Chronic obstructive pulmonary disease (COPD) Primary care,1
2480,6360,2022-01-17T14:00:10.339428Z,2802,3836,1,2802,3782,168979,H313.00,Mixed simple and mucopurulent chronic bronchitis,"{'CPRD GOLD Med': '24248', 'BREATHE Chronic bronchitis': '', 'BREATHE Emphysema': '', 'BREATHE incident COPD': '', 'BREATHE prevalent COPD': '', 'BREATHE COPD exacerbations': '', 'BREATHE recommended': '', 'Validated, Quint et al., 2014': '', 'Cambridge COP087 (QOF 2012)': 'Y', 'Cambridge COP151 (QOF 2012)': 'Y', 'LSHTM Data Compass 340': 'Y', 'LSHTM Data Compass 859': 'Y', 'LSHTM Data Compass 1134': 'Y', 'LSHTM Data Compass 1600': 'Y', 'LSHTM Data Compass 1682': 'Y', 'LSHTM Data Compass 2036': 'Y', 'Manchester Clinical Codes 1 (QOF v24)': 'Y', 'Manchester Clinical Codes 2 (QOF v5)': 'Y', 'Manchester Clinical Codes 5 (Kontopantelis et al., 2014)': 'Y', 'Manchester Clinical Codes 6 (Doran et al., 2011)': 'Y', 'Manchester Clinical Codes 6_QOF (Doran et al., 2011)': 'Y', 'Manchester Clinical Codes 9 (Kontopantelis et al., 2014)': 'Y', 'Manchester Clinical Codes 21 (Kontopantelis et al., 2015)': 'Y', 'Manchester Clinical Codes 26 (Reilly et al., 2015)': 'Y', 'Manchester Clinical Codes 43 (Kontopantelis et al., 2012)': 'Y', 'Manchester Clinical Codes 43_conservative (Kontopantelis et al., 2012)': 'Y', 'Manchester Clinical Codes 43_QOF (Kontopantelis et al., 2012)': 'Y', 'TargetCOPD_Emis (Jordan et al., 2016)': '', 'TargetCOPD_SystemOne (Jordan et al., 2016)': '', 'QOF v36 (2016-2017)': 'Y', 'Chen et al., 2020': 'Y', 'Cole et al., 2020': 'Y', 'Kerkhof et al., 2020': 'Y', 'Patel et al., 2020': '', 'Rockenschaub et al., 2020': 'Y'}",1,6360,Chronic obstructive pulmonary disease (COPD) Primary care -  1,"{'id': 5, 'name': 'Read codes v2', 'description': 'Read codes v2'}",PH797,2221,Chronic obstructive pulmonary disease (COPD) Primary care,1
2480,6360,2022-01-17T14:00:10.339428Z,2802,3836,1,2802,3782,168980,H31y.00,Other chronic bronchitis,"{'CPRD GOLD Med': '66043', 'BREATHE Chronic bronchitis': '', 'BREATHE Emphysema': '', 'BREATHE incident COPD': '', 'BREATHE prevalent COPD': '', 'BREATHE COPD exacerbations': '', 'BREATHE recommended': '', 'Validated, Quint et al., 2014': '', 'Cambridge COP087 (QOF 2012)': 'Y', 'Cambridge COP151 (QOF 2012)': 'Y', 'LSHTM Data Compass 340': 'Y', 'LSHTM Data Compass 859': 'Y', 'LSHTM Data Compass 1134': 'Y', 'LSHTM Data Compass 1600': 'Y', 'LSHTM Data Compass 1682': 'Y', 'LSHTM Data Compass 2036': 'Y', 'Manchester Clinical Codes 1 (QOF v24)': 'Y', 'Manchester Clinical Codes 2 (QOF v5)': '', 'Manchester Clinical Codes 5 (Kontopantelis et al., 2014)': 'Y', 'Manchester Clinical Codes 6 (Doran et al., 2011)': 'Y', 'Manchester Clinical Codes 6_QOF (Doran et al., 2011)': 'Y', 'Manchester Clinical Codes 9 (Kontopantelis et al., 2014)': 'Y', 'Manchester Clinical Codes 21 (Kontopantelis et al., 2015)': 'Y', 'Manchester Clinical Codes 26 (Reilly et al., 2015)': 'Y', 'Manchester Clinical Codes 43 (Kontopantelis et al., 2012)': 'Y', 'Manchester Clinical Codes 43_conservative (Kontopantelis et al., 2012)': 'Y', 'Manchester Clinical Codes 43_QOF (Kontopantelis et al., 2012)': 'Y', 'TargetCOPD_Emis (Jordan et al., 2016)': '', 'TargetCOPD_SystemOne (Jordan et al., 2016)': '', 'QOF v36 (2016-2017)': 'Y', 'Chen et al., 2020': 'Y', 'Cole et al., 2020': 'Y', 'Kerkhof et al., 2020': 'Y', 'Patel et al., 2020': '', 'Rockenschaub et al., 2020': 'Y'}",1,6360,Chronic obstructive pulmonary disease (COPD) Primary care -  1,"{'id': 5, 'name': 'Read codes v2', 'description': 'Read codes v2'}",PH797,2221,Chronic obstructive pulmonary disease (COPD) Primary care,1
2480,6360,2022-01-17T14:00:10.339428Z,2802,3836,1,2802,3782,168981,H31y000,Chronic tracheitis,"{'CPRD GOLD Med': '23618', 'BREATHE Chronic bronchitis': '', 'BREATHE Emphysema': '', 'BREATHE incident COPD': '', 'BREATHE prevalent COPD': '', 'BREATHE COPD exacerbations': '', 'BREATHE recommended': '', 'Validated, Quint et al., 2014': '', 'Cambridge COP087 (QOF 2012)': 'Y', 'Cambridge COP151 (QOF 2012)': 'Y', 'LSHTM Data Compass 340': '', 'LSHTM Data Compass 859': '', 'LSHTM Data Compass 1134': '', 'LSHTM Data Compass 1600': '', 'LSHTM Data Compass 1682': '', 'LSHTM Data Compass 2036': '', 'Manchester Clinical Codes 1 (QOF v24)': 'Y', 'Manchester Clinical Codes 2 (QOF v5)': '', 'Manchester Clinical Codes 5 (Kontopantelis et al., 2014)': '', 'Manchester Clinical Codes 6 (Doran et al., 2011)': '', 'Manchester Clinical Codes 6_QOF (Doran et al., 2011)': '', 'Manchester Clinical Codes 9 (Kontopantelis et al., 2014)': '', 'Manchester Clinical Codes 21 (Kontopantelis et al., 2015)': '', 'Manchester Clinical Codes 26 (Reilly et al., 2015)': '', 'Manchester Clinical Codes 43 (Kontopantelis et al., 2012)': '', 'Manchester Clinical Codes 43_conservative (Kontopantelis et al., 2012)': '', 'Manchester Clinical Codes 43_QOF (Kontopantelis et al., 2012)': '', 'TargetCOPD_Emis (Jordan et al., 2016)': '', 'TargetCOPD_SystemOne (Jordan et al., 2016)': '', 'QOF v36 (2016-2017)': '', 'Chen et al., 2020': 'Y', 'Cole et al., 2020': '', 'Kerkhof et al., 2020': '', 'Patel et al., 2020': '', 'Rockenschaub et al., 2020': ''}",1,6360,Chronic obstructive pulmonary disease (COPD) Primary care -  1,"{'id': 5, 'name': 'Read codes v2', 'description': 'Read codes v2'}",PH797,2221,Chronic obstructive pulmonary disease (COPD) Primary care,1
2480,6360,2022-01-17T14:00:10.339428Z,2802,3836,1,2802,3782,168982,H31y100,Chronic tracheobronchitis,"{'CPRD GOLD Med': '45089', 'BREATHE Chronic bronchitis': '', 'BREATHE Emphysema': '', 'BREATHE incident COPD': '', 'BREATHE prevalent COPD': '', 'BREATHE COPD exacerbations': '', 'BREATHE recommended': '', 'Validated, Quint et al., 2014': '', 'Cambridge COP087 (QOF 2012)': 'Y', 'Cambridge COP151 (QOF 2012)': 'Y', 'LSHTM Data Compass 340': '', 'LSHTM Data Compass 859': '', 'LSHTM Data Compass 1134': '', 'LSHTM Data Compass 1600': '', 'LSHTM Data Compass 1682': '', 'LSHTM Data Compass 2036': '', 'Manchester Clinical Codes 1 (QOF v24)': 'Y', 'Manchester Clinical Codes 2 (QOF v5)': '', 'Manchester Clinical Codes 5 (Kontopantelis et al., 2014)': 'Y', 'Manchester Clinical Codes 6 (Doran et al., 2011)': 'Y', 'Manchester Clinical Codes 6_QOF (Doran et al., 2011)': 'Y', 'Manchester Clinical Codes 9 (Kontopantelis et al., 2014)': 'Y', 'Manchester Clinical Codes 21 (Kontopantelis et al., 2015)': 'Y', 'Manchester Clinical Codes 26 (Reilly et al., 2015)': 'Y', 'Manchester Clinical Codes 43 (Kontopantelis et al., 2012)': 'Y', 'Manchester Clinical Codes 43_conservative (Kontopantelis et al., 2012)': 'Y', 'Manchester Clinical Codes 43_QOF (Kontopantelis et al., 2012)': 'Y', 'TargetCOPD_Emis (Jordan et al., 2016)': '', 'TargetCOPD_SystemOne (Jordan et al., 2016)': '', 'QOF v36 (2016-2017)': 'Y', 'Chen et al., 2020': 'Y', 'Cole et al., 2020': 'Y', 'Kerkhof et al., 2020': 'Y', 'Patel et al., 2020': '', 'Rockenschaub et al., 2020': 'Y'}",1,6360,Chronic obstructive pulmonary disease (COPD) Primary care -  1,"{'id': 5, 'name': 'Read codes v2', 'description': 'Read codes v2'}",PH797,2221,Chronic obstructive pulmonary disease (COPD) Primary care,1
2480,6360,2022-01-17T14:00:10.339428Z,2802,3836,1,2802,3782,168983,H31yz00,Other chronic bronchitis NOS,"{'CPRD GOLD Med': '68066', 'BREATHE Chronic bronchitis': '', 'BREATHE Emphysema': '', 'BREATHE incident COPD': '', 'BREATHE prevalent COPD': '', 'BREATHE COPD exacerbations': '', 'BREATHE recommended': '', 'Validated, Quint et al., 2014': '', 'Cambridge COP087 (QOF 2012)': 'Y', 'Cambridge COP151 (QOF 2012)': 'Y', 'LSHTM Data Compass 340': 'Y', 'LSHTM Data Compass 859': 'Y', 'LSHTM Data Compass 1134': 'Y', 'LSHTM Data Compass 1600': 'Y', 'LSHTM Data Compass 1682': 'Y', 'LSHTM Data Compass 2036': 'Y', 'Manchester Clinical Codes 1 (QOF v24)': 'Y', 'Manchester Clinical Codes 2 (QOF v5)': '', 'Manchester Clinical Codes 5 (Kontopantelis et al., 2014)': 'Y', 'Manchester Clinical Codes 6 (Doran et al., 2011)': 'Y', 'Manchester Clinical Codes 6_QOF (Doran et al., 2011)': 'Y', 'Manchester Clinical Codes 9 (Kontopantelis et al., 2014)': 'Y', 'Manchester Clinical Codes 21 (Kontopantelis et al., 2015)': 'Y', 'Manchester Clinical Codes 26 (Reilly et al., 2015)': 'Y', 'Manchester Clinical Codes 43 (Kontopantelis et al., 2012)': 'Y', 'Manchester Clinical Codes 43_conservative (Kontopantelis et al., 2012)': 'Y', 'Manchester Clinical Codes 43_QOF (Kontopantelis et al., 2012)': 'Y', 'TargetCOPD_Emis (Jordan et al., 2016)': '', 'TargetCOPD_SystemOne (Jordan et al., 2016)': '', 'QOF v36 (2016-2017)': 'Y', 'Chen et al., 2020': 'Y', 'Cole et al., 2020': 'Y', 'Kerkhof et al., 2020': 'Y', 'Patel et al., 2020': '', 'Rockenschaub et al., 2020': 'Y'}",1,6360,Chronic obstructive pulmonary disease (COPD) Primary care -  1,"{'id': 5, 'name': 'Read codes v2', 'description': 'Read codes v2'}",PH797,2221,Chronic obstructive pulmonary disease (COPD) Primary care,1
2480,6360,2022-01-17T14:00:10.339428Z,2802,3836,1,2802,3782,168984,H31z.00,Chronic bronchitis NOS,"{'CPRD GOLD Med': '15157', 'BREATHE Chronic bronchitis': 'Y', 'BREATHE Emphysema': '', 'BREATHE incident COPD': 'Y', 'BREATHE prevalent COPD': 'Y', 'BREATHE COPD exacerbations': '', 'BREATHE recommended': 'Y', 'Validated, Quint et al., 2014': '', 'Cambridge COP087 (QOF 2012)': 'Y', 'Cambridge COP151 (QOF 2012)': 'Y', 'LSHTM Data Compass 340': 'Y', 'LSHTM Data Compass 859': 'Y', 'LSHTM Data Compass 1134': 'Y', 'LSHTM Data Compass 1600': 'Y', 'LSHTM Data Compass 1682': 'Y', 'LSHTM Data Compass 2036': 'Y', 'Manchester Clinical Codes 1 (QOF v24)': 'Y', 'Manchester Clinical Codes 2 (QOF v5)': '', 'Manchester Clinical Codes 5 (Kontopantelis et al., 2014)': 'Y', 'Manchester Clinical Codes 6 (Doran et al., 2011)': 'Y', 'Manchester Clinical Codes 6_QOF (Doran et al., 2011)': 'Y', 'Manchester Clinical Codes 9 (Kontopantelis et al., 2014)': 'Y', 'Manchester Clinical Codes 21 (Kontopantelis et al., 2015)': 'Y', 'Manchester Clinical Codes 26 (Reilly et al., 2015)': 'Y', 'Manchester Clinical Codes 43 (Kontopantelis et al., 2012)': 'Y', 'Manchester Clinical Codes 43_conservative (Kontopantelis et al., 2012)': 'Y', 'Manchester Clinical Codes 43_QOF (Kontopantelis et al., 2012)': 'Y', 'TargetCOPD_Emis (Jordan et al., 2016)': '', 'TargetCOPD_SystemOne (Jordan et al., 2016)': '', 'QOF v36 (2016-2017)': 'Y', 'Chen et al., 2020': 'Y', 'Cole et al., 2020': 'Y', 'Kerkhof et al., 2020': 'Y', 'Patel et al., 2020': 'Y', 'Rockenschaub et al., 2020': 'Y'}",1,6360,Chronic obstructive pulmonary disease (COPD) Primary care -  1,"{'id': 5, 'name': 'Read codes v2', 'description': 'Read codes v2'}",PH797,2221,Chronic obstructive pulmonary disease (COPD) Primary care,1
,,,,,,,,,,,,,,,,,,,
,,,,,,,,,,,,,,,,,,,
,,,,,,,,,,,,,,,,,,,
,,,,,,,,,,,,,,,,,,,
,,,,,,,,,,,,,,,,,,,
,,,,,,,,,,,,,,,,,,,
2480,6360,2022-01-17T14:00:10.339428Z,2802,3836,1,2802,3782,168910,H38..00,Severe chronic obstructive pulmonary disease,"{'CPRD GOLD Med': '9876', 'BREATHE Chronic bronchitis': 'Y', 'BREATHE Emphysema': 'Y', 'BREATHE incident COPD': 'Y', 'BREATHE prevalent COPD': 'Y', 'BREATHE COPD exacerbations': '', 'BREATHE recommended': 'Y', 'Validated, Quint et al., 2014': 'Y', 'Cambridge COP087 (QOF 2012)': 'Y', 'Cambridge COP151 (QOF 2012)': 'Y', 'LSHTM Data Compass 340': 'Y', 'LSHTM Data Compass 859': 'Y', 'LSHTM Data Compass 1134': 'Y', 'LSHTM Data Compass 1600': 'Y', 'LSHTM Data Compass 1682': 'Y', 'LSHTM Data Compass 2036': 'Y', 'Manchester Clinical Codes 1 (QOF v24)': 'Y', 'Manchester Clinical Codes 2 (QOF v5)': 'Y', 'Manchester Clinical Codes 5 (Kontopantelis et al., 2014)': 'Y', 'Manchester Clinical Codes 6 (Doran et al., 2011)': 'Y', 'Manchester Clinical Codes 6_QOF (Doran et al., 2011)': 'Y', 'Manchester Clinical Codes 9 (Kontopantelis et al., 2014)': 'Y', 'Manchester Clinical Codes 21 (Kontopantelis et al., 2015)': 'Y', 'Manchester Clinical Codes 26 (Reilly et al., 2015)': 'Y', 'Manchester Clinical Codes 43 (Kontopantelis et al., 2012)': 'Y', 'Manchester Clinical Codes 43_conservative (Kontopantelis et al., 2012)': 'Y', 'Manchester Clinical Codes 43_QOF (Kontopantelis et al., 2012)': 'Y', 'TargetCOPD_Emis (Jordan et al., 2016)': 'Y', 'TargetCOPD_SystemOne (Jordan et al., 2016)': '', 'QOF v36 (2016-2017)': 'Y', 'Chen et al., 2020': 'Y', 'Cole et al., 2020': 'Y', 'Kerkhof et al., 2020': 'Y', 'Patel et al., 2020': 'Y', 'Rockenschaub et al., 2020': 'Y'}",1,6360,Chronic obstructive pulmonary disease (COPD) Primary care -  1,"{'id': 5, 'name': 'Read codes v2', 'description': 'Read codes v2'}",PH797,2221,Chronic obstructive pulmonary disease (COPD) Primary care,1
2480,6360,2022-01-17T14:00:10.339428Z,2802,3836,1,2802,3782,168911,H39..00,Very severe chronic obstructive pulmonary disease,"{'CPRD GOLD Med': '93568', 'BREATHE Chronic bronchitis': 'Y', 'BREATHE Emphysema': 'Y', 'BREATHE incident COPD': 'Y', 'BREATHE prevalent COPD': 'Y', 'BREATHE COPD exacerbations': '', 'BREATHE recommended': 'Y', 'Validated, Quint et al., 2014': 'Y', 'Cambridge COP087 (QOF 2012)': 'Y', 'Cambridge COP151 (QOF 2012)': 'Y', 'LSHTM Data Compass 340': 'Y', 'LSHTM Data Compass 859': 'Y', 'LSHTM Data Compass 1134': 'Y', 'LSHTM Data Compass 1600': 'Y', 'LSHTM Data Compass 1682': 'Y', 'LSHTM Data Compass 2036': 'Y', 'Manchester Clinical Codes 1 (QOF v24)': 'Y', 'Manchester Clinical Codes 2 (QOF v5)': 'Y', 'Manchester Clinical Codes 5 (Kontopantelis et al., 2014)': '', 'Manchester Clinical Codes 6 (Doran et al., 2011)': '', 'Manchester Clinical Codes 6_QOF (Doran et al., 2011)': '', 'Manchester Clinical Codes 9 (Kontopantelis et al., 2014)': '', 'Manchester Clinical Codes 21 (Kontopantelis et al., 2015)': '', 'Manchester Clinical Codes 26 (Reilly et al., 2015)': '', 'Manchester Clinical Codes 43 (Kontopantelis et al., 2012)': '', 'Manchester Clinical Codes 43_conservative (Kontopantelis et al., 2012)': '', 'Manchester Clinical Codes 43_QOF (Kontopantelis et al., 2012)': '', 'TargetCOPD_Emis (Jordan et al., 2016)': 'Y', 'TargetCOPD_SystemOne (Jordan et al., 2016)': '', 'QOF v36 (2016-2017)': 'Y', 'Chen et al., 2020': 'Y', 'Cole et al., 2020': 'Y', 'Kerkhof et al., 2020': 'Y', 'Patel et al., 2020': 'Y', 'Rockenschaub et al., 2020': 'Y'}",1,6360,Chronic obstructive pulmonary disease (COPD) Primary care -  1,"{'id': 5, 'name': 'Read codes v2', 'description': 'Read codes v2'}",PH797,2221,Chronic obstructive pulmonary disease (COPD) Primary care,1
2480,6360,2022-01-17T14:00:10.339428Z,2802,3836,1,2802,3782,169002,H3A..00,End stage chronic obstructive airways disease,"{'CPRD GOLD Med': '104608', 'BREATHE Chronic bronchitis': 'Y', 'BREATHE Emphysema': 'Y', 'BREATHE incident COPD': 'Y', 'BREATHE prevalent COPD': 'Y', 'BREATHE COPD exacerbations': '', 'BREATHE recommended': 'Y', 'Validated, Quint et al., 2014': '', 'Cambridge COP087 (QOF 2012)': 'Y', 'Cambridge COP151 (QOF 2012)': 'Y', 'LSHTM Data Compass 340': '', 'LSHTM Data Compass 859': '', 'LSHTM Data Compass 1134': 'Y', 'LSHTM Data Compass 1600': '', 'LSHTM Data Compass 1682': '', 'LSHTM Data Compass 2036': 'Y', 'Manchester Clinical Codes 1 (QOF v24)': 'Y', 'Manchester Clinical Codes 2 (QOF v5)': 'Y', 'Manchester Clinical Codes 5 (Kontopantelis et al., 2014)': '', 'Manchester Clinical Codes 6 (Doran et al., 2011)': '', 'Manchester Clinical Codes 6_QOF (Doran et al., 2011)': '', 'Manchester Clinical Codes 9 (Kontopantelis et al., 2014)': '', 'Manchester Clinical Codes 21 (Kontopantelis et al., 2015)': '', 'Manchester Clinical Codes 26 (Reilly et al., 2015)': '', 'Manchester Clinical Codes 43 (Kontopantelis et al., 2012)': '', 'Manchester Clinical Codes 43_conservative (Kontopantelis et al., 2012)': '', 'Manchester Clinical Codes 43_QOF (Kontopantelis et al., 2012)': '', 'TargetCOPD_Emis (Jordan et al., 2016)': 'Y', 'TargetCOPD_SystemOne (Jordan et al., 2016)': '', 'QOF v36 (2016-2017)': 'Y', 'Chen et al., 2020': 'Y', 'Cole et al., 2020': 'Y', 'Kerkhof et al., 2020': 'Y', 'Patel et al., 2020': 'Y', 'Rockenschaub et al., 2020': 'Y'}",1,6360,Chronic obstructive pulmonary disease (COPD) Primary care -  1,"{'id': 5, 'name': 'Read codes v2', 'description': 'Read codes v2'}",PH797,2221,Chronic obstructive pulmonary disease (COPD) Primary care,1
2480,6360,2022-01-17T14:00:10.339428Z,2802,3836,1,2802,3782,169003,H3B..00,Asthma-chronic obstructive pulmonary disease overlap syndrom,"{'CPRD GOLD Med': '109958', 'BREATHE Chronic bronchitis': '', 'BREATHE Emphysema': '', 'BREATHE incident COPD': '', 'BREATHE prevalent COPD': '', 'BREATHE COPD exacerbations': '', 'BREATHE recommended': 'Y', 'Validated, Quint et al., 2014': '', 'Cambridge COP087 (QOF 2012)': '', 'Cambridge COP151 (QOF 2012)': '', 'LSHTM Data Compass 340': '', 'LSHTM Data Compass 859': '', 'LSHTM Data Compass 1134': '', 'LSHTM Data Compass 1600': '', 'LSHTM Data Compass 1682': '', 'LSHTM Data Compass 2036': '', 'Manchester Clinical Codes 1 (QOF v24)': '', 'Manchester Clinical Codes 2 (QOF v5)': '', 'Manchester Clinical Codes 5 (Kontopantelis et al., 2014)': '', 'Manchester Clinical Codes 6 (Doran et al., 2011)': '', 'Manchester Clinical Codes 6_QOF (Doran et al., 2011)': '', 'Manchester Clinical Codes 9 (Kontopantelis et al., 2014)': '', 'Manchester Clinical Codes 21 (Kontopantelis et al., 2015)': '', 'Manchester Clinical Codes 26 (Reilly et al., 2015)': '', 'Manchester Clinical Codes 43 (Kontopantelis et al., 2012)': '', 'Manchester Clinical Codes 43_conservative (Kontopantelis et al., 2012)': '', 'Manchester Clinical Codes 43_QOF (Kontopantelis et al., 2012)': '', 'TargetCOPD_Emis (Jordan et al., 2016)': '', 'TargetCOPD_SystemOne (Jordan et al., 2016)': '', 'QOF v36 (2016-2017)': 'Y', 'Chen et al., 2020': 'Y', 'Cole et al., 2020': 'Y', 'Kerkhof et al., 2020': 'Y', 'Patel et al., 2020': '', 'Rockenschaub et al., 2020': 'Y'}",1,6360,Chronic obstructive pulmonary disease (COPD) Primary care -  1,"{'id': 5, 'name': 'Read codes v2', 'description': 'Read codes v2'}",PH797,2221,Chronic obstructive pulmonary disease (COPD) Primary care,1
2480,6360,2022-01-17T14:00:10.339428Z,2802,3836,1,2802,3782,168912,H3y..00,Other specified chronic obstructive airways disease,"{'CPRD GOLD Med': '12166', 'BREATHE Chronic bronchitis': 'Y', 'BREATHE Emphysema': 'Y', 'BREATHE incident COPD': 'Y', 'BREATHE prevalent COPD': 'Y', 'BREATHE COPD exacerbations': '', 'BREATHE recommended': 'Y', 'Validated, Quint et al., 2014': 'Y', 'Cambridge COP087 (QOF 2012)': 'Y', 'Cambridge COP151 (QOF 2012)': 'Y', 'LSHTM Data Compass 340': 'Y', 'LSHTM Data Compass 859': 'Y', 'LSHTM Data Compass 1134': 'Y', 'LSHTM Data Compass 1600': 'Y', 'LSHTM Data Compass 1682': 'Y', 'LSHTM Data Compass 2036': 'Y', 'Manchester Clinical Codes 1 (QOF v24)': 'Y', 'Manchester Clinical Codes 2 (QOF v5)': 'Y', 'Manchester Clinical Codes 5 (Kontopantelis et al., 2014)': '', 'Manchester Clinical Codes 6 (Doran et al., 2011)': '', 'Manchester Clinical Codes 6_QOF (Doran et al., 2011)': '', 'Manchester Clinical Codes 9 (Kontopantelis et al., 2014)': '', 'Manchester Clinical Codes 21 (Kontopantelis et al., 2015)': '', 'Manchester Clinical Codes 26 (Reilly et al., 2015)': '', 'Manchester Clinical Codes 43 (Kontopantelis et al., 2012)': '', 'Manchester Clinical Codes 43_conservative (Kontopantelis et al., 2012)': '', 'Manchester Clinical Codes 43_QOF (Kontopantelis et al., 2012)': '', 'TargetCOPD_Emis (Jordan et al., 2016)': 'Y', 'TargetCOPD_SystemOne (Jordan et al., 2016)': '', 'QOF v36 (2016-2017)': 'Y', 'Chen et al., 2020': 'Y', 'Cole et al., 2020': 'Y', 'Kerkhof et al., 2020': 'Y', 'Patel et al., 2020': 'Y', 'Rockenschaub et al., 2020': 'Y'}",1,6360,Chronic obstructive pulmonary disease (COPD) Primary care -  1,"{'id': 5, 'name': 'Read codes v2', 'description': 'Read codes v2'}",PH797,2221,Chronic obstructive pulmonary disease (COPD) Primary care,1
2480,6360,2022-01-17T14:00:10.339428Z,2802,3836,1,2802,3782,169005,H3y0.00,Chronic obstruct pulmonary dis with acute lower resp infectn,"{'CPRD GOLD Med': '21061', 'BREATHE Chronic bronchitis': 'Y', 'BREATHE Emphysema': 'Y', 'BREATHE incident COPD': 'Y', 'BREATHE prevalent COPD': 'Y', 'BREATHE COPD exacerbations': 'Y', 'BREATHE recommended': 'Y', 'Validated, Quint et al., 2014': '', 'Cambridge COP087 (QOF 2012)': 'Y', 'Cambridge COP151 (QOF 2012)': 'Y', 'LSHTM Data Compass 340': 'Y', 'LSHTM Data Compass 859': 'Y', 'LSHTM Data Compass 1134': 'Y', 'LSHTM Data Compass 1600': 'Y', 'LSHTM Data Compass 1682': 'Y', 'LSHTM Data Compass 2036': 'Y', 'Manchester Clinical Codes 1 (QOF v24)': 'Y', 'Manchester Clinical Codes 2 (QOF v5)': 'Y', 'Manchester Clinical Codes 5 (Kontopantelis et al., 2014)': '', 'Manchester Clinical Codes 6 (Doran et al., 2011)': '', 'Manchester Clinical Codes 6_QOF (Doran et al., 2011)': '', 'Manchester Clinical Codes 9 (Kontopantelis et al., 2014)': '', 'Manchester Clinical Codes 21 (Kontopantelis et al., 2015)': '', 'Manchester Clinical Codes 26 (Reilly et al., 2015)': '', 'Manchester Clinical Codes 43 (Kontopantelis et al., 2012)': '', 'Manchester Clinical Codes 43_conservative (Kontopantelis et al., 2012)': '', 'Manchester Clinical Codes 43_QOF (Kontopantelis et al., 2012)': '', 'TargetCOPD_Emis (Jordan et al., 2016)': '', 'TargetCOPD_SystemOne (Jordan et al., 2016)': '', 'QOF v36 (2016-2017)': '', 'Chen et al., 2020': 'Y', 'Cole et al., 2020': '', 'Kerkhof et al., 2020': '', 'Patel et al., 2020': '', 'Rockenschaub et al., 2020': ''}",1,6360,Chronic obstructive pulmonary disease (COPD) Primary care -  1,"{'id': 5, 'name': 'Read codes v2', 'description': 'Read codes v2'}",PH797,2221,Chronic obstructive pulmonary disease (COPD) Primary care,1
2480,6360,2022-01-17T14:00:10.339428Z,2802,3836,1,2802,3782,169006,H3y1.00,"Chron obstruct pulmonary dis wth acute exacerbation, unspec","{'CPRD GOLD Med': '7884', 'BREATHE Chronic bronchitis': 'Y', 'BREATHE Emphysema': 'Y', 'BREATHE incident COPD': 'Y', 'BREATHE prevalent COPD': 'Y', 'BREATHE COPD exacerbations': 'Y', 'BREATHE recommended': 'Y', 'Validated, Quint et al., 2014': '', 'Cambridge COP087 (QOF 2012)': 'Y', 'Cambridge COP151 (QOF 2012)': 'Y', 'LSHTM Data Compass 340': 'Y', 'LSHTM Data Compass 859': 'Y', 'LSHTM Data Compass 1134': 'Y', 'LSHTM Data Compass 1600': 'Y', 'LSHTM Data Compass 1682': 'Y', 'LSHTM Data Compass 2036': 'Y', 'Manchester Clinical Codes 1 (QOF v24)': 'Y', 'Manchester Clinical Codes 2 (QOF v5)': 'Y', 'Manchester Clinical Codes 5 (Kontopantelis et al., 2014)': '', 'Manchester Clinical Codes 6 (Doran et al., 2011)': '', 'Manchester Clinical Codes 6_QOF (Doran et al., 2011)': '', 'Manchester Clinical Codes 9 (Kontopantelis et al., 2014)': '', 'Manchester Clinical Codes 21 (Kontopantelis et al., 2015)': '', 'Manchester Clinical Codes 26 (Reilly et al., 2015)': '', 'Manchester Clinical Codes 43 (Kontopantelis et al., 2012)': '', 'Manchester Clinical Codes 43_conservative (Kontopantelis et al., 2012)': '', 'Manchester Clinical Codes 43_QOF (Kontopantelis et al., 2012)': '', 'TargetCOPD_Emis (Jordan et al., 2016)': '', 'TargetCOPD_SystemOne (Jordan et al., 2016)': '', 'QOF v36 (2016-2017)': '', 'Chen et al., 2020': 'Y', 'Cole et al., 2020': '', 'Kerkhof et al., 2020': '', 'Patel et al., 2020': '', 'Rockenschaub et al., 2020': ''}",1,6360,Chronic obstructive pulmonary disease (COPD) Primary care -  1,"{'id': 5, 'name': 'Read codes v2', 'description': 'Read codes v2'}",PH797,2221,Chronic obstructive pulmonary disease (COPD) Primary care,1
2480,6360,2022-01-17T14:00:10.339428Z,2802,3836,1,2802,3782,169004,H3y..11,Other specified chronic obstructive pulmonary disease,"{'CPRD GOLD Med': '67040', 'BREATHE Chronic bronchitis': 'Y', 'BREATHE Emphysema': 'Y', 'BREATHE incident COPD': 'Y', 'BREATHE prevalent COPD': 'Y', 'BREATHE COPD exacerbations': '', 'BREATHE recommended': 'Y', 'Validated, Quint et al., 2014': '', 'Cambridge COP087 (QOF 2012)': 'Y', 'Cambridge COP151 (QOF 2012)': 'Y', 'LSHTM Data Compass 340': 'Y', 'LSHTM Data Compass 859': 'Y', 'LSHTM Data Compass 1134': 'Y', 'LSHTM Data Compass 1600': 'Y', 'LSHTM Data Compass 1682': 'Y', 'LSHTM Data Compass 2036': 'Y', 'Manchester Clinical Codes 1 (QOF v24)': 'Y', 'Manchester Clinical Codes 2 (QOF v5)': 'Y', 'Manchester Clinical Codes 5 (Kontopantelis et al., 2014)': 'Y', 'Manchester Clinical Codes 6 (Doran et al., 2011)': 'Y', 'Manchester Clinical Codes 6_QOF (Doran et al., 2011)': 'Y', 'Manchester Clinical Codes 9 (Kontopantelis et al., 2014)': 'Y', 'Manchester Clinical Codes 21 (Kontopantelis et al., 2015)': 'Y', 'Manchester Clinical Codes 26 (Reilly et al., 2015)': 'Y', 'Manchester Clinical Codes 43 (Kontopantelis et al., 2012)': 'Y', 'Manchester Clinical Codes 43_conservative (Kontopantelis et al., 2012)': 'Y', 'Manchester Clinical Codes 43_QOF (Kontopantelis et al., 2012)': 'Y', 'TargetCOPD_Emis (Jordan et al., 2016)': '', 'TargetCOPD_SystemOne (Jordan et al., 2016)': '', 'QOF v36 (2016-2017)': 'Y', 'Chen et al., 2020': 'Y', 'Cole et al., 2020': 'Y', 'Kerkhof et al., 2020': 'Y', 'Patel et al., 2020': '', 'Rockenschaub et al., 2020': 'Y'}",1,6360,Chronic obstructive pulmonary disease (COPD) Primary care -  1,"{'id': 5, 'name': 'Read codes v2', 'description': 'Read codes v2'}",PH797,2221,Chronic obstructive pulmonary disease (COPD) Primary care,1
2480,6360,2022-01-17T14:00:10.339428Z,2802,3836,1,2802,3782,168913,H3z..00,Chronic obstructive airways disease NOS,"{'CPRD GOLD Med': '5710', 'BREATHE Chronic bronchitis': 'Y', 'BREATHE Emphysema': 'Y', 'BREATHE incident COPD': 'Y', 'BREATHE prevalent COPD': 'Y', 'BREATHE COPD exacerbations': '', 'BREATHE recommended': 'Y', 'Validated, Quint et al., 2014': 'Y', 'Cambridge COP087 (QOF 2012)': 'Y', 'Cambridge COP151 (QOF 2012)': 'Y', 'LSHTM Data Compass 340': 'Y', 'LSHTM Data Compass 859': 'Y', 'LSHTM Data Compass 1134': 'Y', 'LSHTM Data Compass 1600': 'Y', 'LSHTM Data Compass 1682': 'Y', 'LSHTM Data Compass 2036': 'Y', 'Manchester Clinical Codes 1 (QOF v24)': 'Y', 'Manchester Clinical Codes 2 (QOF v5)': 'Y', 'Manchester Clinical Codes 5 (Kontopantelis et al., 2014)': '', 'Manchester Clinical Codes 6 (Doran et al., 2011)': '', 'Manchester Clinical Codes 6_QOF (Doran et al., 2011)': '', 'Manchester Clinical Codes 9 (Kontopantelis et al., 2014)': '', 'Manchester Clinical Codes 21 (Kontopantelis et al., 2015)': '', 'Manchester Clinical Codes 26 (Reilly et al., 2015)': '', 'Manchester Clinical Codes 43 (Kontopantelis et al., 2012)': '', 'Manchester Clinical Codes 43_conservative (Kontopantelis et al., 2012)': '', 'Manchester Clinical Codes 43_QOF (Kontopantelis et al., 2012)': '', 'TargetCOPD_Emis (Jordan et al., 2016)': 'Y', 'TargetCOPD_SystemOne (Jordan et al., 2016)': '', 'QOF v36 (2016-2017)': 'Y', 'Chen et al., 2020': 'Y', 'Cole et al., 2020': 'Y', 'Kerkhof et al., 2020': 'Y', 'Patel et al., 2020': 'Y', 'Rockenschaub et al., 2020': 'Y'}",1,6360,Chronic obstructive pulmonary disease (COPD) Primary care -  1,"{'id': 5, 'name': 'Read codes v2', 'description': 'Read codes v2'}",PH797,2221,Chronic obstructive pulmonary disease (COPD) Primary care,1
2480,6360,2022-01-17T14:00:10.339428Z,2802,3836,1,2802,3782,168914,H3z..11,Chronic obstructive pulmonary disease NOS,"{'CPRD GOLD Med': '37247', 'BREATHE Chronic bronchitis': 'Y', 'BREATHE Emphysema': 'Y', 'BREATHE incident COPD': 'Y', 'BREATHE prevalent COPD': 'Y', 'BREATHE COPD exacerbations': '', 'BREATHE recommended': 'Y', 'Validated, Quint et al., 2014': 'Y', 'Cambridge COP087 (QOF 2012)': 'Y', 'Cambridge COP151 (QOF 2012)': 'Y', 'LSHTM Data Compass 340': 'Y', 'LSHTM Data Compass 859': 'Y', 'LSHTM Data Compass 1134': 'Y', 'LSHTM Data Compass 1600': 'Y', 'LSHTM Data Compass 1682': 'Y', 'LSHTM Data Compass 2036': 'Y', 'Manchester Clinical Codes 1 (QOF v24)': '', 'Manchester Clinical Codes 2 (QOF v5)': '', 'Manchester Clinical Codes 5 (Kontopantelis et al., 2014)': 'Y', 'Manchester Clinical Codes 6 (Doran et al., 2011)': 'Y', 'Manchester Clinical Codes 6_QOF (Doran et al., 2011)': 'Y', 'Manchester Clinical Codes 9 (Kontopantelis et al., 2014)': 'Y', 'Manchester Clinical Codes 21 (Kontopantelis et al., 2015)': 'Y', 'Manchester Clinical Codes 26 (Reilly et al., 2015)': 'Y', 'Manchester Clinical Codes 43 (Kontopantelis et al., 2012)': 'Y', 'Manchester Clinical Codes 43_conservative (Kontopantelis et al., 2012)': 'Y', 'Manchester Clinical Codes 43_QOF (Kontopantelis et al., 2012)': 'Y', 'TargetCOPD_Emis (Jordan et al., 2016)': '', 'TargetCOPD_SystemOne (Jordan et al., 2016)': '', 'QOF v36 (2016-2017)': 'Y', 'Chen et al., 2020': 'Y', 'Cole et al., 2020': 'Y', 'Kerkhof et al., 2020': 'Y', 'Patel et al., 2020': 'Y', 'Rockenschaub et al., 2020': 'Y'}",1,6360,Chronic obstructive pulmonary disease (COPD) Primary care -  1,"{'id': 5, 'name': 'Read codes v2', 'description': 'Read codes v2'}",PH797,2221,Chronic obstructive pulmonary disease (COPD) Primary care,1
2480,6360,2022-01-17T14:00:10.339428Z,2802,3836,1,2802,3782,169007,H464000,Chronic emphysema due to chemical fumes,"{'CPRD GOLD Med': '64721', 'BREATHE Chronic bronchitis': '', 'BREATHE Emphysema': '', 'BREATHE incident COPD': '', 'BREATHE prevalent COPD': '', 'BREATHE COPD exacerbations': '', 'BREATHE recommended': '', 'Validated, Quint et al., 2014': '', 'Cambridge COP087 (QOF 2012)': '', 'Cambridge COP151 (QOF 2012)': '', 'LSHTM Data Compass 340': 'Y', 'LSHTM Data Compass 859': 'Y', 'LSHTM Data Compass 1134': 'Y', 'LSHTM Data Compass 1600': 'Y', 'LSHTM Data Compass 1682': 'Y', 'LSHTM Data Compass 2036': 'Y', 'Manchester Clinical Codes 1 (QOF v24)': '', 'Manchester Clinical Codes 2 (QOF v5)': '', 'Manchester Clinical Codes 5 (Kontopantelis et al., 2014)': '', 'Manchester Clinical Codes 6 (Doran et al., 2011)': '', 'Manchester Clinical Codes 6_QOF (Doran et al., 2011)': '', 'Manchester Clinical Codes 9 (Kontopantelis et al., 2014)': '', 'Manchester Clinical Codes 21 (Kontopantelis et al., 2015)': '', 'Manchester Clinical Codes 26 (Reilly et al., 2015)': '', 'Manchester Clinical Codes 43 (Kontopantelis et al., 2012)': '', 'Manchester Clinical Codes 43_conservative (Kontopantelis et al., 2012)': '', 'Manchester Clinical Codes 43_QOF (Kontopantelis et al., 2012)': '', 'TargetCOPD_Emis (Jordan et al., 2016)': '', 'TargetCOPD_SystemOne (Jordan et al., 2016)': '', 'QOF v36 (2016-2017)': 'Y', 'Chen et al., 2020': '', 'Cole et al., 2020': 'Y', 'Kerkhof et al., 2020': 'Y', 'Patel et al., 2020': '', 'Rockenschaub et al., 2020': 'Y'}",1,6360,Chronic obstructive pulmonary disease (COPD) Primary care -  1,"{'id': 5, 'name': 'Read codes v2', 'description': 'Read codes v2'}",PH797,2221,Chronic obstructive pulmonary disease (COPD) Primary care,1
2480,6360,2022-01-17T14:00:10.339428Z,2802,3836,1,2802,3782,169008,H464100,Obliterative bronchiolitis due to chemical fumes,"{'CPRD GOLD Med': '63216', 'BREATHE Chronic bronchitis': '', 'BREATHE Emphysema': '', 'BREATHE incident COPD': '', 'BREATHE prevalent COPD': '', 'BREATHE COPD exacerbations': '', 'BREATHE recommended': '', 'Validated, Quint et al., 2014': '', 'Cambridge COP087 (QOF 2012)': '', 'Cambridge COP151 (QOF 2012)': '', 'LSHTM Data Compass 340': '', 'LSHTM Data Compass 859': '', 'LSHTM Data Compass 1134': '', 'LSHTM Data Compass 1600': '', 'LSHTM Data Compass 1682': '', 'LSHTM Data Compass 2036': '', 'Manchester Clinical Codes 1 (QOF v24)': '', 'Manchester Clinical Codes 2 (QOF v5)': '', 'Manchester Clinical Codes 5 (Kontopantelis et al., 2014)': '', 'Manchester Clinical Codes 6 (Doran et al., 2011)': '', 'Manchester Clinical Codes 6_QOF (Doran et al., 2011)': '', 'Manchester Clinical Codes 9 (Kontopantelis et al., 2014)': '', 'Manchester Clinical Codes 21 (Kontopantelis et al., 2015)': '', 'Manchester Clinical Codes 26 (Reilly et al., 2015)': '', 'Manchester Clinical Codes 43 (Kontopantelis et al., 2012)': '', 'Manchester Clinical Codes 43_conservative (Kontopantelis et al., 2012)': '', 'Manchester Clinical Codes 43_QOF (Kontopantelis et al., 2012)': '', 'TargetCOPD_Emis (Jordan et al., 2016)': '', 'TargetCOPD_SystemOne (Jordan et al., 2016)': '', 'QOF v36 (2016-2017)': 'Y', 'Chen et al., 2020': '', 'Cole et al., 2020': 'Y', 'Kerkhof et al., 2020': 'Y', 'Patel et al., 2020': '', 'Rockenschaub et al., 2020': 'Y'}",1,6360,Chronic obstructive pulmonary disease (COPD) Primary care -  1,"{'id': 5, 'name': 'Read codes v2', 'description': 'Read codes v2'}",PH797,2221,Chronic obstructive pulmonary disease (COPD) Primary care,1
2480,6360,2022-01-17T14:00:10.339428Z,2802,3836,1,2802,3782,169009,H581.00,Interstitial emphysema,"{'CPRD GOLD Med': '22905', 'BREATHE Chronic bronchitis': '', 'BREATHE Emphysema': '', 'BREATHE incident COPD': '', 'BREATHE prevalent COPD': '', 'BREATHE COPD exacerbations': '', 'BREATHE recommended': '', 'Validated, Quint et al., 2014': '', 'Cambridge COP087 (QOF 2012)': '', 'Cambridge COP151 (QOF 2012)': '', 'LSHTM Data Compass 340': '', 'LSHTM Data Compass 859': '', 'LSHTM Data Compass 1134': 'Y', 'LSHTM Data Compass 1600': '', 'LSHTM Data Compass 1682': '', 'LSHTM Data Compass 2036': 'Y', 'Manchester Clinical Codes 1 (QOF v24)': '', 'Manchester Clinical Codes 2 (QOF v5)': '', 'Manchester Clinical Codes 5 (Kontopantelis et al., 2014)': '', 'Manchester Clinical Codes 6 (Doran et al., 2011)': '', 'Manchester Clinical Codes 6_QOF (Doran et al., 2011)': '', 'Manchester Clinical Codes 9 (Kontopantelis et al., 2014)': '', 'Manchester Clinical Codes 21 (Kontopantelis et al., 2015)': '', 'Manchester Clinical Codes 26 (Reilly et al., 2015)': '', 'Manchester Clinical Codes 43 (Kontopantelis et al., 2012)': '', 'Manchester Clinical Codes 43_conservative (Kontopantelis et al., 2012)': '', 'Manchester Clinical Codes 43_QOF (Kontopantelis et al., 2012)': '', 'TargetCOPD_Emis (Jordan et al., 2016)': '', 'TargetCOPD_SystemOne (Jordan et al., 2016)': '', 'QOF v36 (2016-2017)': '', 'Chen et al., 2020': '', 'Cole et al., 2020': '', 'Kerkhof et al., 2020': '', 'Patel et al., 2020': 'Y', 'Rockenschaub et al., 2020': ''}",1,6360,Chronic obstructive pulmonary disease (COPD) Primary care -  1,"{'id': 5, 'name': 'Read codes v2', 'description': 'Read codes v2'}",PH797,2221,Chronic obstructive pulmonary disease (COPD) Primary care,1
2480,6360,2022-01-17T14:00:10.339428Z,2802,3836,1,2802,3782,169010,H583200,Eosinophilic bronchitis,"{'CPRD GOLD Med': '106650', 'BREATHE Chronic bronchitis': '', 'BREATHE Emphysema': '', 'BREATHE incident COPD': '', 'BREATHE prevalent COPD': '', 'BREATHE COPD exacerbations': '', 'BREATHE recommended': '', 'Validated, Quint et al., 2014': '', 'Cambridge COP087 (QOF 2012)': '', 'Cambridge COP151 (QOF 2012)': '', 'LSHTM Data Compass 340': '', 'LSHTM Data Compass 859': '', 'LSHTM Data Compass 1134': '', 'LSHTM Data Compass 1600': '', 'LSHTM Data Compass 1682': '', 'LSHTM Data Compass 2036': '', 'Manchester Clinical Codes 1 (QOF v24)': '', 'Manchester Clinical Codes 2 (QOF v5)': '', 'Manchester Clinical Codes 5 (Kontopantelis et al., 2014)': '', 'Manchester Clinical Codes 6 (Doran et al., 2011)': '', 'Manchester Clinical Codes 6_QOF (Doran et al., 2011)': '', 'Manchester Clinical Codes 9 (Kontopantelis et al., 2014)': '', 'Manchester Clinical Codes 21 (Kontopantelis et al., 2015)': '', 'Manchester Clinical Codes 26 (Reilly et al., 2015)': '', 'Manchester Clinical Codes 43 (Kontopantelis et al., 2012)': '', 'Manchester Clinical Codes 43_conservative (Kontopantelis et al., 2012)': '', 'Manchester Clinical Codes 43_QOF (Kontopantelis et al., 2012)': '', 'TargetCOPD_Emis (Jordan et al., 2016)': '', 'TargetCOPD_SystemOne (Jordan et al., 2016)': '', 'QOF v36 (2016-2017)': 'Y', 'Chen et al., 2020': '', 'Cole et al., 2020': 'Y', 'Kerkhof et al., 2020': 'Y', 'Patel et al., 2020': '', 'Rockenschaub et al., 2020': 'Y'}",1,6360,Chronic obstructive pulmonary disease (COPD) Primary care -  1,"{'id': 5, 'name': 'Read codes v2', 'description': 'Read codes v2'}",PH797,2221,Chronic obstructive pulmonary disease (COPD) Primary care,1
2480,6360,2022-01-17T14:00:10.339428Z,2802,3836,1,2802,3782,169011,Hyu3000,[X]Other emphysema,"{'CPRD GOLD Med': '66058', 'BREATHE Chronic bronchitis': '', 'BREATHE Emphysema': '', 'BREATHE incident COPD': '', 'BREATHE prevalent COPD': '', 'BREATHE COPD exacerbations': '', 'BREATHE recommended': '', 'Validated, Quint et al., 2014': '', 'Cambridge COP087 (QOF 2012)': '', 'Cambridge COP151 (QOF 2012)': '', 'LSHTM Data Compass 340': '', 'LSHTM Data Compass 859': '', 'LSHTM Data Compass 1134': '', 'LSHTM Data Compass 1600': '', 'LSHTM Data Compass 1682': '', 'LSHTM Data Compass 2036': '', 'Manchester Clinical Codes 1 (QOF v24)': '', 'Manchester Clinical Codes 2 (QOF v5)': '', 'Manchester Clinical Codes 5 (Kontopantelis et al., 2014)': '', 'Manchester Clinical Codes 6 (Doran et al., 2011)': '', 'Manchester Clinical Codes 6_QOF (Doran et al., 2011)': '', 'Manchester Clinical Codes 9 (Kontopantelis et al., 2014)': '', 'Manchester Clinical Codes 21 (Kontopantelis et al., 2015)': '', 'Manchester Clinical Codes 26 (Reilly et al., 2015)': '', 'Manchester Clinical Codes 43 (Kontopantelis et al., 2012)': '', 'Manchester Clinical Codes 43_conservative (Kontopantelis et al., 2012)': '', 'Manchester Clinical Codes 43_QOF (Kontopantelis et al., 2012)': '', 'TargetCOPD_Emis (Jordan et al., 2016)': '', 'TargetCOPD_SystemOne (Jordan et al., 2016)': '', 'QOF v36 (2016-2017)': 'Y', 'Chen et al., 2020': '', 'Cole et al., 2020': 'Y', 'Kerkhof et al., 2020': 'Y', 'Patel et al., 2020': '', 'Rockenschaub et al., 2020': 'Y'}",1,6360,Chronic obstructive pulmonary disease (COPD) Primary care -  1,"{'id': 5, 'name': 'Read codes v2', 'description': 'Read codes v2'}",PH797,2221,Chronic obstructive pulmonary disease (COPD) Primary care,1
2480,6360,2022-01-17T14:00:10.339428Z,2802,3836,1,2802,3782,169012,Hyu3100,[X]Other specified chronic obstructive pulmonary disease,"{'CPRD GOLD Med': '65733', 'BREATHE Chronic bronchitis': 'Y', 'BREATHE Emphysema': 'Y', 'BREATHE incident COPD': 'Y', 'BREATHE prevalent COPD': 'Y', 'BREATHE COPD exacerbations': '', 'BREATHE recommended': 'Y', 'Validated, Quint et al., 2014': '', 'Cambridge COP087 (QOF 2012)': '', 'Cambridge COP151 (QOF 2012)': '', 'LSHTM Data Compass 340': 'Y', 'LSHTM Data Compass 859': 'Y', 'LSHTM Data Compass 1134': 'Y', 'LSHTM Data Compass 1600': 'Y', 'LSHTM Data Compass 1682': 'Y', 'LSHTM Data Compass 2036': 'Y', 'Manchester Clinical Codes 1 (QOF v24)': '', 'Manchester Clinical Codes 2 (QOF v5)': '', 'Manchester Clinical Codes 5 (Kontopantelis et al., 2014)': '', 'Manchester Clinical Codes 6 (Doran et al., 2011)': '', 'Manchester Clinical Codes 6_QOF (Doran et al., 2011)': '', 'Manchester Clinical Codes 9 (Kontopantelis et al., 2014)': '', 'Manchester Clinical Codes 21 (Kontopantelis et al., 2015)': '', 'Manchester Clinical Codes 26 (Reilly et al., 2015)': '', 'Manchester Clinical Codes 43 (Kontopantelis et al., 2012)': '', 'Manchester Clinical Codes 43_conservative (Kontopantelis et al., 2012)': '', 'Manchester Clinical Codes 43_QOF (Kontopantelis et al., 2012)': '', 'TargetCOPD_Emis (Jordan et al., 2016)': '', 'TargetCOPD_SystemOne (Jordan et al., 2016)': '', 'QOF v36 (2016-2017)': 'Y', 'Chen et al., 2020': '', 'Cole et al., 2020': 'Y', 'Kerkhof et al., 2020': 'Y', 'Patel et al., 2020': '', 'Rockenschaub et al., 2020': 'Y'}",1,6360,Chronic obstructive pulmonary disease (COPD) Primary care -  1,"{'id': 5, 'name': 'Read codes v2', 'description': 'Read codes v2'}",PH797,2221,Chronic obstructive pulmonary disease (COPD) Primary care,1