"READ_CODE","DESCRIPTION","VERSION"
YM4XT,H infl type B polyrib phos ab ... Haemophilus influenzae type B polyribose phosphate antibody ... ,"3"
Yakkr,Influenza A antigen level ...  ... ,"3"
Yadvd,Acute infective bronchitis ...  ... ,"3"
Y02XT,Acute bact.laryngitis unspec. ... Acute bacterial laryngitis unspecified ... ,"3"
Y02Xg,Acute laryngotracheobronchitis ...  ... ,"3"
Y203y,Acute/subac.bacter.endocardit. ... Acute and subacute bacterial endocarditis ... ,"3"
Y204J,SBE - Subacute bact endocard ... SBE - Subacute bacterial endocarditis ... ,"3"
YaVgA,Acute viral laryngotracheitis ...  ... ,"3"
YM700,Parainfluenza virus ...  ... ,"3"
YM706,Parainfluenza virus type 3 ...  ... ,"3"
YadOw,"Second DTP polio HiB vaccinatn ... Second dip, tet, pert, polio and H influenz type B vaccinatn ... Second diphtheria, tetanus, pertussis, polio and Haemophilus influenzae type B vaccination","3"
YadOx,"Third DTP polio HiB vaccinatn ... Third diph, tet, pert, polio and H influenz type B vaccinatn ... Third diphtheria, tetanus, pertussis, polio and Haemophilus influenzae type B vaccination","3"
YapM9,Influenza (A&B) serology ...  ... ,"3"
Yau5M,Influenza vacc verbal invitati ... Influenza vaccination verbal invitation ... ,"3"
Y206x,Acute myocarditis - influenzal ...  ... ,"3"
YabKG,Influenza vaccine refused ...  ... ,"3"
Yaw2Y,Administ of intranasal flu vac ... Administration of intranasal influenza vaccination ... ,"3"
Yaw9E,Provisn info seasonal flu vacc ... Provision of information about seasonal flu vaccination ... Provision of information about seasonal influenza vaccination,"3"
YawSS,Admin sec intrnsl ssnl inf vac ... Administration of second intranasal seasonal influenza vacc ... Administration of second intranasal seasonal influenza vaccination,"3"
YA0RI,Foreign body-respiratory tract ... Foreign body in respiratory tract ... ,"3"
YA0RJ,Foreign body-upper resp tract ... Foreign body in upper respiratory tract ... ,"3"
Yas5U,Hum parainfluenza vir detected ...  ... ,"3"
y03H6,Haemoph influen b vac inj+syng ... Haemophilus influenzae Type b vaccine inj (pdr)+dil+syringe ... Haemophilus influenzae Type b vaccine injection (pdr)+diluent+syringe,"3"
YM1DH,[SO]Resp tract or mouth OS ... [SO]Other specified part of respiratory tract or mouth ... ,"3"
Ya3SV,Lower respiratory tract ...  ... ,"3"
YautI,Parainfl type 4 nuc acid detn ... Parainfluenza type 4 nucleic acid detection ... ,"3"
YawxP,Parainfluenza type 3 NADA ... Parainfluenza type 3 nucleic acid detection assay ... ,"3"
Yaxbt,Parainfluenz 2 RNA dtctn assay ... Parainfluenza virus type 2 ribonucleic acid detection assay ... ,"3"
YavnY,Influenza vacc 3rd phone invit ... Influenza vaccination third telephone invitation ... ,"3"
Y1006,Upper resp.tract disease NOS ... Upper respiratory tract disease NOS ... ,"3"
Y100e,Upper resp. tract infect. NOS ... Upper respiratory tract infection NOS ... ,"3"
Y100w,Acute wheezy bronchitis ...  ... ,"3"
Y1010,Acute membranous bronchitis ...  ... ,"3"
Y1012,Acute purulent bronchitis ...  ... ,"3"
YMBNX,"[X]Inhalat food in indus area ... [X]Inhl+ingest food caus obst resp tract industr/constr area ... [X]Inhalation and ingestion of food causing obstruction of respiratory tract, occurrence at industrial and construction area","3"
y0Goa,Influenza vac(SV) syrg 0.25mL ... Inact Influenza vacc (split virion) prefilled syringe 0.25mL ... Inactivated Influenza vaccine (split virion) prefilled syringe 0.25mL,"3"
YMBNa,"[X]Inhalatn food at unsp place ... [X]Inhal+ingest food caus obst resp tract occ unspecif place ... [X]Inhalation and ingestion of food causing obstruction of respiratory tract, occurrence at unspecified place","3"
YMBNe,"[X]Inhalat of object pub inst ... [X]Inhl+ingst oth obj obs resp trct sch oth ins/pub adm area ... [X]Inhalation and ingestion of other objects causing obstruction of respiratory tract, occurrence at school, other institution and public administrative area","3"
YMBNf,"[X]Inhalat of object sport ar ... [X]Inhal+ingest oth obj caus obst resp tract sport/athl area ... [X]Inhalation and ingestion of other objects causing obstruction of respiratory tract, occurrence at sports and athletics area","3"
YMBNh,"[X]Inhalat of object trade ar ... [X]Inhal+ingest oth obj caus obst resp tract trade/serv area ... [X]Inhalation and ingestion of other objects causing obstruction of respiratory tract, occurrence at trade and service area","3"
YMBNj,"[X]Inhalat of object on farm ... [X]Inhalatn+ingestn oth obj causng obstr resp tract occ farm ... [X]Inhalation and ingestion of other objects causing obstruction of respiratory tract, occurrence on farm","3"
Ya3zF,Injury lower respiratory tract ... Injury of lower respiratory tract ... ,"3"
YabWp,Enceph due to influ-virus id ... Encephalitis due to influenza-virus identified ... ,"3"
y07jh,FLU - Influenza vaccine ...  ... ,"3"
YSH3y,Diagn proced low respir tract ... Diagnostic procedure on lower respiratory tract ... ,"3"
YarxA,"Inf A, oth or untyp strain det ... Influenza A virus, other or untyped strain detected ... ","3"
YaxcD,SARS virus RNA detection assay ... SARS virus ribonucleic acid detection assay ... Severe acute respiratory syndrome virus ribonucleic acid detection assay,"3"
Yaxbs,Parainfluenz 1 RNA dtctn assay ... Parainfluenza virus type 1 ribonucleic acid detection assay ... ,"3"
y09ku,Hib/diph/tet/pertussis vaccine ... Hib/diphtheria/tetanus/pertussis vaccine ... Haemophilus influenzae Type b (Hib)/diphtheria/tetanus/pertussis vaccine,"3"
Y10G3,Acute toxic bronchitis ...  ... ,"3"
YMH4d,Influenza-like illness ...  ... ,"3"
Yal4k,Parainfluenza type 2 ab level ... Parainfluenza type 2 antibody level ... ,"3"
YacTo,Influenza imm advised in surg ... Influenza immunisation advised in surgery ... ,"3"
YatLv,H/O: acute low resp tract inf ... History of acute lower respiratory tract infection ... ,"3"
YaeJz,Neonatal resp tract haemorrhge ... Neonatal respiratory tract haemorrhage ... ,"3"
Yal8K,Parainfluenza virus ab level ...  ... ,"3"
YapsJ,D f e e l res t b cy l l res t ... Diag fib end exam low resp tr and brush cyto les low resp tr ... Diagnostic fibreoptic endoscopic examination of lower respiratory tract and brush cytology of lesion of lower respiratory tract,"3"
Yavii,H/O: acut typ I resprtry failr ... History of acute type I respiratory failure ... ,"3"
Yavim,H/O: acut typ II resprtry falr ... History of acute type II respiratory failure ... ,"3"
YaqeQ,"Booster DTaP/IPV/Hib vacc ... Booster diphth tet ac pertus, haem influ b, inac polio vacc ... Booster diphtheria tetanus and five component acellular pertussis, haemophilus influenzae type b, inactivated polio vaccination","3"
YE0oh,Meningitis: [acute aseptic] ++ ... Meningitis: [acute aseptic] or [viral NOS] ... ,"3"
YSCFP,Respiratory tract rehabilitat ... Respiratory tract rehabilitation procedure ... ,"3"
Yatna,Hi priorty for flu A H1N1 vacc ... High priority for influenza A subtype H1N1 vaccination ... ,"3"
YacuA,Has influenza vacc at hospital ... Has influenza vaccination at hospital ... ,"3"
YacuB,Has influenza vacc at surgery ... Has influenza vaccination at surgery ... ,"3"
YacuC,Has influenza vaccinat at home ... Has influenza vaccination at home ... ,"3"
YMK5k,Subacute bacter.endocardit-SBE ... Subacute bacterial endocarditis - SBE ... ,"3"
YMK6G,Acut bronch due coxsackievirus ... Acute bronchitis due to coxsackievirus ... ,"3"
YMK6i,Pneumonia - parainfluen.virus ... Pneumonia due to parainfluenza virus ... ,"3"
YazCA,"DTaP, IPV, Hib, and hep B vacc ... DTaP, IPV, Hib, and hep B vaccination ... Diphtheria, tetanus and acellular pertussis, inactivated polio, Haemophilus influenzae type b and hepatitis B vaccination","3"
YazI2,"3rd DTaP, IP, Hib hp B vcc dcl ... Third DTaP, inactivated polio, Hib and hep B vacc declined ... Third diphtheria, tetanus and acellular pertussis, inactivated polio, Haemophilus influenzae type b and hepatitis B vaccination declined","3"
YazCB,"1st DTaP, IPV, Hib, hep B vacc ... First DTaP, IPV, Hib, and hep B vaccination ... First diphtheria, tetanus and acellular pertussis, inactivated polio, Haemophilus influenzae type b and hepatitis B vaccination","3"
YazCE,"DTaP, IPV, Hib hep B vacc decl ... DTaP, IPV, Hib and hep B vacc declined ... Diphtheria, tetanus and acellular pertussis, inactivated polio, Haemophilus influenzae type b and hepatitis B vaccination declined","3"
Y74bo,For.obj.in nose+resp.obst.NOS ... Foreign object in nose causing respiratory obstruction NOS ... Foreign object in nose causing obstruction of respiratory tract NOS,"3"
Yauvn,Sepsis Haemophilus influenzae ... Sepsis due to Haemophilus influenzae ... ,"3"
Y50fo,"ANOTHER - Alop/nail/ophth/thyr ... ANOTHER - Alop/nail/ophthal/thyroid/hypohid/ephelides/entero ... ANOTHER - Alopecia, nail dystrophy, ophthalmic complications, thyroid dysfunction, hypohidrosis, ephelides, enteropathy and respiratory tract infections","3"
YE16M,Influenza immunization advis++ ... Influenza immunization advised (& [in surgery]) ... ,"3"
YatFR,Advice Influenza A type H1N1 ... Advice given about Influenza A virus subtype H1N1 infection ... ,"3"
YMLSN,Influenza + encephalopathy ...  ... ,"3"
Y71H6,Haemophilus influenzae infect. ... Haemophilus influenzae infection ... ,"3"
YawSQ,Adm sec intrnsl pndmc infl vac ... Administration of second intranasal pandemic influenza vacc ... Administration of second intranasal pandemic influenza vaccination,"3"
YSOio,Parainfluenza virus ag assay ... Parainfluenza virus antigen assay ... ,"3"
F030A,Enceph due to influ-virus id ... Encephalitis due to influenza-virus identified ... ,"2"
G510.,Acute/subac.bacter.endocardit. ... Acute and subacute bacterial endocarditis ... ,"2"
G510z,Acute/subac.bact.endocard.NOS ... Acute and subacute bacterial endocarditis NOS ... ,"2"
YMAin,Ac bronch/mycoplasma pneumonia ... Acute bronchitis due to mycoplasma pneumoniae ... ,"3"
YMAio,Acute coxsackievir bronchitis ... Acute coxsackievirus bronchitis ... ,"3"
YMAiu,Ac bronchiol/oth spcfd organsm ... Acute bronchiolitis due to other specified organisms ... ,"3"
YSWYY,Operat lower respiratory tract ... Operation on lower respiratory tract ... ,"3"
Yam2J,Influenza vaccin not indicated ... Influenza vaccination not indicated ... ,"3"
Yayq9,Sc inct snl flu vcc gv by phrm ... Second inactivated seasonal influenza vacc gvn by pharmacist ... Second inactivated seasonal influenza vaccination given by pharmacist,"3"
Y103E,Influenza + bronchopneumonia ... Influenza with bronchopneumonia ... ,"3"
YaVOl,Upper resp tract observations ... Upper respiratory tract observations ... ,"3"
YaVPT,Lower resp tract obs ... Lower respiratory tract observations ... ,"3"
Ya5Jf,Acute infec exacerbation COAD ... Acute infective exacerbation chronic obstruct airway disease ... Acute infective exacerbation of chronic obstructive airways disease,"3"
"8CAR.",Advice Influenza A type H1N1 ... Advice given about Influenza A virus subtype H1N1 infection ... ,"2"
"65b1.","2nd Hib/meningitis C vaccinatn ... Second Haemophilus influenzae type B/meningitis C vaccinatn ... Second Haemophilus influenzae type B and meningitis C vaccination","2"
"65E21","1st int ssn flu vcc gv oth hcp ... First intranasal seasonal flu vacc gvn by othr hlthcare prov ... First intranasal seasonal influenza vaccination given by other healthcare provider","2"
H2y..,Pneumonia or influenza OS ... Other specified pneumonia or influenza ... ,"2"
H463.,Other acute chemical resp.dis. ... Other acute respiratory diseases due to chemical fumes ... ,"2"
"1J72.",Suspct flu A vi sub H1N1 infct ... Suspected influenza A virus subtype H1N1 infection ... ,"2"
"1W0..",Possible influenza A vir H1N1 ... Possible influenza A virus H1N1 subtype ... ,"2"
"9OX57","2nd intrnsl pndm flu vcc dclnd ... Second intranasal pandemic influenza vaccination declined ... ","2"
"9OX70",Influenza vacc 1st phone invit ... Influenza vaccination first telephone invitation ... ,"2"
"9OXB.",Influen vaccn inv 3rd let sent ... Influenza vaccination invitation third letter sent ... ,"2"
"9OXD1",Influenza vacc 2nd verb invitn ... Influenza vaccination second verbal invitation ... ,"2"
"9OXE0",Influenza vac invita 1st email ... Influenza vaccination invitation first email ... ,"2"
A3C30,Sepsis Haemophilus influenzae ... Sepsis due to Haemophilus influenzae ... ,"2"
Y101F,Acute viral bronchitis ...  ... ,"3"
Y101y,Haemophilus influenz pneumonia ... Haemophilus influenzae pneumonia ... ,"3"
Y21Nn,Acute viral sialadenitis ...  ... ,"3"
Y103p,Influenza + other resp.manif. ... Influenza with other respiratory manifestation ... ,"3"
Y00Aq,Acute viral encephalitis ...  ... ,"3"
YaSDm,Acc haemph influ TypB vac pois ... Accidental haemophilus influenzae Type B vaccine poisoning ... ,"3"
y017Q,Inact Influenza vac syrg 0.5mL ... Inactivated Influenza vaccine prefilled syringe 0.5mL ... ,"3"
y017R,Influenza vaccine Vials 5mL ...  ... ,"3"
y017S,Influenza vaccine Vials 25mL ...  ... ,"3"
YMAcE,[X]Burn oth parts resp tract ... [X]Burn of other parts of respiratory tract ... ,"3"
YMAcF,[X]Corros oth part resp tract ... [X]Corrosions of other parts of respiratory tract ... ,"3"
YanE9,"DTaP/IPV/Hib vaccination ... Dipht tetanus acell pertus, haem influ b, inactiv polio vacc ... Diphtheria tetanus and five component acellular pertussis, haemophilus influenzae type b, inactivated polio vaccination","3"
y0EQu,Influenza vac(SV) syrg 0.5mL ... Inact Influenza vacc (split virion) prefilled syringe 0.5mL ... Inactivated Influenza vaccine (split virion) prefilled syringe 0.5mL,"3"
Yac5n,Cineradiography - respir tract ... Cineradiography - respiratory tract ... ,"3"
YascW,Influenza vacc othr hlth prov ... Influenza vaccination given by other healthcare provider ... ,"3"
YasZe,Pandemic flu vaccinatn declind ... Pandemic influenza vaccination declined ... ,"3"
Y02WK,Acute bacterial tonsillitis ...  ... ,"3"
YaVfF,Acute bacterial pericarditis ...  ... ,"3"
YaoSU,First pandemic flu vaccination ... First pandemic influenza vaccination ... ,"3"
"9OX..",Influenza vacc. administratn. ...  ... ,"2"
"9OX50",Influenza A H1N1 vaccin declin ... Influenza A virus subtype H1N1 vaccination declined ... ,"2"
A3841,Haemophilus infl. septicaemia ... Haemophilus influenzae septicaemia ... ,"2"
A3B5.,Haemophilus influenzae infect. ... Haemophilus influenzae infection ... ,"2"
"68NE.",No consent - influenza imm. ...  ... ,"2"
"74595",Expect ind sput frm resp tract ... Expectoration of induced sputum from respiratory tract ... ,"2"
"8I2d.",Pandemic flu vacc contraindicd ... Pandemic influenza vaccination contraindicated ... ,"2"
"8IAY.","DTaP/IPV/Hib immunisa declined ... DTaP/IPV/Hib immunisation declined ... Diphtheria, tetanus, acellular pertussis, inactivated polio vaccine, haemophilus influenzae type b immunisation declined","2"
Byu22,"[X]Mal neo/up resp trct,p unsp ... [X]Malignant neoplasm/upper resp tract, part unspecified ... [X]Malignant neoplasm of upper respiratory tract, part unspecified","2"
"43wG.",Parainflnza grp RNA dtctn assy ... Parainfluenza group RNA (ribonucleic acid) detection assay ... ,"2"
"9k7..",Influenza imm - enh serv admin ... Influenza immunisation - enhanced services administration ... Influenza immunisation for those in the 65 years and over and other at risk groups - enhanced services administration,"2"
J6001,Acute hepatitis-noninfective ... Acute hepatitis - noninfective ... ,"2"
"9N4q0",DNA flu A vir subtyp H1N1 vacc ... Did not attend influenza A virus subtype H1N1 vaccination ... ,"2"
"65E7.",CN - 1 fluA (H1N1v)09 va ot pr ... CELVAPAN - 1st flu A (H1N1v) 2009 vacc by othr hlth provider ... CELVAPAN - first influenza A (H1N1v) 2009 vaccination given by other healthcare provider,"2"
"65ED1",Adm frst intrnsl ssnl infl vac ... Administration of first intranasal seasonal influenza vacc ... Administration of first intranasal seasonal influenza vaccination,"2"
"65ED8",Fst inct snl flu vcc gv by phr ... First inactivated seasonal influenza vacc gvn by pharmacist ... First inactivated seasonal influenza vaccination given by pharmacist,"2"
"65ED9",Sc inct snl flu vcc gv by phrm ... Second inactivated seasonal influenza vacc gvn by pharmacist ... Second inactivated seasonal influenza vaccination given by pharmacist,"2"
"65MQ.","Booster DTaP/IPV/Hib vaccin ... Booster diph tet ac pertussis, haem influ b, inac polio vacc ... Booster diphtheria tetanus and three component acellular pertussis, haemophilus influenzae type b, inactivated polio vaccination","2"
"7N2..",[SO]Respiratory tract & mouth ... [SO]Respiratory tract and mouth ... ,"2"
"7N2z.",[SO]Resp tract and mouth NOS ... [SO]Respiratory tract and mouth NOS ... ,"2"
Hyu04,"[X]Flu+o rsp manif,flu v idntf ... [X]Flu+oth respiratory manifestations,'flu virus identified ... [X]Influenza with other respiratory manifestations, influenza virus identified","2"
Hyu11,[X]Ac bronchltis/o spcf orgnsm ... [X]Acute bronchiolitis due to other specified organisms ... ,"2"
H0230,Acute pneumococcal pharyngitis ...  ... ,"2"
H040w,Acute viral laryngitis unspec. ... Acute viral laryngitis unspecified ... ,"2"
H054.,Recurrent URTI ... Recurrent upper respiratory tract infection ... ,"2"
H0601,Acute membranous bronchitis ...  ... ,"2"
H0603,Acute purulent bronchitis ...  ... ,"2"
H0608,Acute H.influenzae bronchitis ... Acute haemophilus influenzae bronchitis ... ,"2"
H0609,Acute neiss.catarrh.bronchitis ... Acute neisseria catarrhalis bronchitis ... ,"2"
H060A,Ac bronch/mycoplasma pneumonia ... Acute bronchitis due to mycoplasma pneumoniae ... ,"2"
H060E,Acute bronchitis/rhinovirus ... Acute bronchitis due to rhinovirus ... ,"2"
H0615,Ac bronchiol/resp syncytal vir ... Acute bronchiolitis due to respiratory syncytial virus ... ,"2"
H06z.,Acute bronchitis/bronchiol.NOS ... Acute bronchitis or bronchiolitis NOS ... ,"2"
H271.,Influenza + other resp.manif. ... Influenza with other respiratory manifestation ... ,"2"
H27y0,Influenza + encephalopathy ... Influenza with encephalopathy ... ,"2"
H27z.,Influenza NOS ...  ... ,"2"
n4n5.,*HAEMOPHILUS INF Type b syrng ... HAEMOPHILUS INFLUENZAE Type b 10micrograms vacc syringe+dil ... HAEMOPHILUS INFLUENZAE Type b 10micrograms vaccine syringe+diluent,"2"
n4p2.,*HIB/DIPH/TET/PERTUS vial+syrg ... HIB/DIPHTHERIA/TETANUS/PERTUSSIS vial+prefilled syringe ... HAEMOPHILUS INFLUENZAE TYPE b (Hib)/DIPHTHERIA/TETANUS/PERTUSSIS vaccine vial+prefilled syringe,"2"
n479.,*INFLUENZA VACCINE vials 5mL ...  ... ,"2"
n47B.,*CELVAPAN FLU VAC (H1N1v) 2009 ... CELVAPAN INFLUENZA A VACCINE (H1N1v) 2009 injection ... ,"2"
n47E.,INFLUENZA VAC nasal susp 0.2mL ... INFLUENZA VACCINE (LIVE ATTENUATED) nasal suspension 0.2mL ... ,"2"
n47q.,INFLUE VACC 15mcg/strain 0.1mL ... INACT INFLUENZA VACC (SPLIT VIRION) 15mcg/strain pfs 0.1mL ... ,"2"
Ayu3U,"[X]Haemphilus 'flu infct,unspc ... [X]Haemophilus influenzae infection, unspecified ... ","2"
"43jn0",SARS virus NADA ... SARS virus nucleic acid detection assay ... Severe acute respiratory syndrome virus nucleic acid detection assay,"2"
"43jQ.",Avian infl virus nucl acid det ... Avian influenza virus nucleic acid detection ... ,"2"
"43jQ0",Avian influenza virus NADA ... Avian influenza virus nucleic acid detection assay ... ,"2"
"43jx1",Parainfluenz 1 RNA dtctn assay ... Parainfluenza virus type 1 ribonucleic acid detection assay ... ,"2"
"43jy0",Parainfluenza type 2 NADA ... Parainfluenza type 2 nucleic acid detection assay ... ,"2"
"43w9.",Parainfl type 4 nuc acid detn ... Parainfluenza type 4 nucleic acid detection ... ,"2"
BB5S.,[M]Resp. tract adenoma/ca ... [M]Respiratory tract adenomas and adenocarcinomas ... ,"2"
"8I6D.",Influenza vaccin not indicated ... Influenza vaccination not indicated ... ,"2"
"8I6g.",Pandemic flu vacc not indicatd ... Pandemic influenza vaccination not indicated ... ,"2"
U144y,"[X]Inhalation food at OS place ... [X]Inhl+ingest food caus obst resp tract occ oth specif plce ... [X]Inhalation and ingestion of food causing obstruction of respiratory tract, occurrence at other specified place","2"
U145.,[X]Inhalation of object ... [X]Inhalation+ingestion oth obj causing obstruct resp tract ... [X]Inhalation and ingestion of other objects causing obstruction of respiratory tract,"2"
U1452,"[X]Inhalat of object pub inst ... [X]Inhl+ingst oth obj obs resp trct sch oth ins/pub adm area ... [X]Inhalation and ingestion of other objects causing obstruction of respiratory tract, occurrence at school, other institution and public administrative area","2"
U1456,"[X]Inhalat of object indus ar ... [X]Inhl+ingst oth obj caus obs resp tract indust/constr area ... [X]Inhalation and ingestion of other objects causing obstruction of respiratory tract, occurrence at industrial and construction area","2"
F370.,Acute infective polyneuritis ...  ... ,"2"
ZV14F,[V]PH influenza vaccin allergy ... [V]Personal history of influenza vaccine allergy ... ,"2"
YMIHN,H influenzae/cause/d cl/o c ... H influenzae as cause/diseases classified/other chapters ... Haemophilus influenzae [h influenzae as the cause of diseases classified to other chapters,"3"
y03td,Influenza (sub-unit) vac syrng ... Inact Influenza (surface antigen sub-unit) vaccine syringe ... Inactivated Influenza (surface antigen sub-unit ) vaccine prefilled syringe,"3"
YM3WB,Via respiratory tract ...  ... ,"3"
Yax3V,Education about influenza vacc ... Education about influenza vaccination ... ,"3"
YMAJ3,[X]Oth acute lowr resp infects ... [X]Other acute lower respiratory infections ... ,"3"
YMAJ6,[X]Oth dis/up respiratry tract ... [X]Other diseases of the upper respiratory tract ... ,"3"
YM97w,Influenza virus antigen ...  ... ,"3"
YMJxW,Pneumonia - candidal ...  ... ,"3"
YaVxP,Postproced obs respirat tract ... Postprocedural observation of respiratory tract ... ,"3"
Y10Gc,Tum low resp tr/intrathor orgs ... Tumour of lower respiratory tract and mediastinum ... ,"3"
YM8mh,Respiratory tract and mouth ...  ... ,"3"
y0GnL,Influenza vac (virosome) 0.5mL ... Inact Influenza vacc (surface antigen virosome) syrnge 0.5mL ... Inactivated Influenza vaccine (surface antigen virosome) prefilled syringe 0.5mL,"3"
Yal8N,Parainfluenza type 2 ab level ...  ... ,"3"
YapsI,D f en ex l re t la le l re tr ... Diag fibr end exam low resp tr and lav les low resp tract ... Diagnostic fibreoptic endoscopic examination of lower respiratory tract and lavage of lesion of lower respiratory tract,"3"
Y02Uy,Acute bacterial pharyngitis ...  ... ,"3"
YaSyP,Influenza vaccine allergy ...  ... ,"3"
Yaujs,Influenza A nucl acid detectn ... Influenza A nucleic acid detection ... ,"3"
YayXI,Admin scnd inact ssnl flu vacc ... Administration of second inactivated seasonal influenza vacc ... Administration of second inactivated seasonal influenza vaccination,"3"
Yayir,Flu due to zoonotic virus ... Influenza due to zoonotic influenza virus ... ,"3"
YMBNd,"[X]Inhalat of object res inst ... [X]Inhl+ingest oth obj caus obst resp tract occ resid instit ... [X]Inhalation and ingestion of other objects causing obstruction of respiratory tract, occurrence in residential institution","3"
YMBNl,"[X]Inhalat of object unsp plce ... [X]Inhal+ingest oth obj caus obst resp tract unspecif place ... [X]Inhalation and ingestion of other objects causing obstruction of respiratory tract, occurrence at unspecified place","3"
Ya14m,Inhl+ings food obst resp/sufoc ... Inhalat+ingest of food caus obstruct respir tract or suffoc ... Inhalation and ingestion of food causing obstruction of respiratory tract or suffocation,"3"
Y208Y,Acute infective pericarditis ...  ... ,"3"
Y208m,Acute pneumococc pericarditis ... Acute pneumococcal pericarditis ... ,"3"
YaSE6,Influenza vaccine poisoning ...  ... ,"3"
y017P,Inact Influenza vacc inj 0.5mL ... Inactivated Influenza vaccine injection 0.5mL ... ,"3"
y0GH7,Dip/tet/per/poli/hib vac 0.5mL ... Diptheria/tetanus/pertussis/polio/hib vaccine 0.5mL vial ... Diptheria / tetanus / pertussis / poliomyelitis / haemophilus influenzae b vaccine 0.5mL vial,"3"
YawSU,Sc intr pnd flu vc gvn oth hcp ... Scnd intrnsl pndmc flu vacc gvn by other healthcare provider ... Second intranasal pandemic influenza vaccination given by other healthcare provider,"3"
YatZz,Tele con susp inf A vr sb H1N1 ... Telephne consultatn suspected influenza A virus subtype H1N1 ... Telephone consultation for suspected influenza A virus subtype H1N1,"3"
Y02IQ,Acute non-infective otitis ext ... Acute non-infective otitis externa ... ,"3"
Yasa8,Pandemic flu vacc contraindicd ... Pandemic influenza vaccination contraindicated ... ,"3"
YavFa,Seasonal flu vaccinat declined ... Seasonal influenza vaccination declined ... ,"3"
YavFb,Seasonal flu vac contraindicat ... Seasonal influenza vaccination contraindicated ... ,"3"
YasaI,"1st pan flu vac othr hlth prov ... 1st pandemic influenza vacc give by other healthcare providr ... First pandemic influenza vaccination given by other healthcare provider","3"
YasaN,Pandemic flu vacc not indicatd ... Pandemic influenza vaccination not indicated ... ,"3"
Yal4i,Parainfluenza virus ab level ... Parainfluenza virus antibody level ... ,"3"
YM4Yd,Parainfluenza 3 antibody ...  ... ,"3"
Yakp6,Influenza vaccinat contraind ...  ... ,"3"
Ya4wJ,Upper respiratory tract infecn ... Upper respiratory tract infection ... ,"3"
Yavbu,Influenza vac invitation email ... Influenza vaccination invitation email ... ,"3"
Yavbw,Influenza vac invit 2nd email ... Influenza vaccination invitation second email ... ,"3"
Y7Iul,Tumour lower respiratory tract ... Tumour of lower respiratory tract ... ,"3"
YaSZw,Influenza vaccine adverse reac ... Influenza vaccine adverse reaction ... ,"3"
YaSZx,Influ split virion vac adv rea ... Influenza split virion vaccine adverse reaction ... ,"3"
y03H5,Haemophilus influenzae Type b ... Haemophilus influenzae Type b vaccine ... ,"3"
YE0SW,Upper respiratory tract infe++ ... Upper respiratory tract infection (& viral) NOS ... ,"3"
YMK6l,Pneumonia - H.influenzae ... Pneumonia due to haemophilus influenzae ... ,"3"
YauOv,Inf A vir H1N1 vac inv SMS snt ... Influenza A virus subtype H1N1 vac inv SMS text message sent ... Influenza A virus subtype H1N1 vaccination invitation short message service text message sent,"3"
YM70B,Genus: Parainfluenza virus grp ... Genus: Parainfluenza virus group ... ,"3"
YM70d,Genus: Influenza virus A and B ...  ... ,"3"
YM70e,Influenza virus B ...  ... ,"3"
YM70f,Influenza virus A ...  ... ,"3"
YM70g,Genus: Influenza virus C ...  ... ,"3"
YM70h,Influenza virus C ...  ... ,"3"
YadOr,"Second HiB DTP vaccine given ... Second H influenz type B and dip, tet & pertus vaccine given ... Second Haemophilus influenzae type B and diphtheria, tetanus and pertussis vaccine given","3"
YadOs,"Third HiB DTP vaccine given ... Third H influenzae type B and dip, tet & pert vaccine given ... Third Haemophilus influenzae type B and diphtheria, tetanus and pertussis vaccine given","3"
YadUO,Acute hepatitis - non-infectiv ... Acute hepatitis - non-infective ... ,"3"
Ya2AZ,Aspiration lowr respirat tract ... Aspiration into lower respiratory tract ... ,"3"
Ya2Ae,Aspira FB low respirat tract ... Aspirated foreign body of lower respiratory tract ... ,"3"
YaxfU,"2nd im flu vac by other HCP ... 2nd intramuscular seasonal influenza vacc given by other HCP ... Second intramuscular seasonal influenza vaccination given by other healthcare provider","3"
YawxQ,Parainfluenza type 4 NADA ... Parainfluenza type 4 nucleic acid detection assay ... ,"3"
YawwX,Influenza A NADA ... Influenza A nucleic acid detection assay ... ,"3"
Y7ATB,Influenza vacc. administratn. ...  ... ,"3"
Y7Gwj,[M]Resp. tract adenoma/ca ... [M]Respiratory tract adenomas and adenocarcinomas ... ,"3"
Y7Gwk,[M]Resp. tract adenoma/ca NOS ... [M]Respiratory tract adenoma or adenocarcinoma NOS ... ,"3"
y0HAu,HIB+MENINGITIS C vac inj+solv ... HAEMOPHILUS INFLUENZAE type b+MENINGITIS C vaccine inj+solv ... HAEMOPHILUS INFLUENZAE type b + MENINGITIS group C conjugate vaccine injection(pdr for recon)+solvent,"3"
Y7A3M,No consent - influenza imm. ...  ... ,"3"
YMAIo,[X]O ac up resp inf/multi site ... [X]Other acute upper respiratory infections/multiple sites ... [X]Other acute upper respiratory infections of multiple sites,"3"
YMAIq,"[X]Flu+o manifst,flu vir idntf ... [X]Influenza+other manifestations,influenza virus identified ... [X]Influenza with other manifestations, influenza virus identified","3"
YMAIs,"[X]Flu+o maniftns,vir nt idntf ... [X]Influenza with other manifestations, virus not identified ... ","3"
YMAJ4,[X]Ac bronchitis/o spcf orgnsm ... [X]Acute bronchitis due to other specified organisms ... ,"3"
YatMK,Influenza A virus H1N1 serolgy ... Influenza A virus subtype H1N1 serology ... ,"3"
Yaekw,Influenza immunisation advised ...  ... ,"3"
Yayiv,Infz+otr rsp mnf due t snl vir ... Influenza with othr resp manifestation due to seasonal virus ... Influenza with other respiratory manifestation due to seasonal influenza virus,"3"
Yayra,Parainflnza grp RNA dtctn assy ... Parainfluenza group RNA (ribonucleic acid) detection assay ... ,"3"
Yaz3T,Fst inact snl flu vcc gvn mdwf ... First inactivated seasonal influenza vacc given by midwife ... First inactivated seasonal influenza vaccination given by midwife,"3"
YazI0,"1st DTaP, IP, Hib hp B vcc dcl ... First DTaP, inactivated polio, Hib and hep B vacc declined ... First diphtheria, tetanus and acellular pertussis, inactivated polio, Haemophilus influenzae type b and hepatitis B vaccination declined","3"
YazHz,"DNA DTaP, IP, Hib hep B vacc ... Did not attend DTaP, inact polio, Hib and hep B vaccination ... Did not attend diphtheria, tetanus and acellular pertussis, inactivated polio, Haemophilus influenzae type b and hepatitis B vaccination","3"
Y02XR,Acute pneumococcal laryngitis ...  ... ,"3"
YMKsR,Influenza + pneumonia ...  ... ,"3"
YMIPA,Influenza with pneumonia ...  ... ,"3"
YacT7,No consent - influenza immunis ... No consent - influenza immunisation ... ,"3"
Y1003,Other upper resp.tract disease ... Other upper respiratory tract diseases ... ,"3"
Y1004,Upper resp.tract diseases OS ... Other specified diseases of upper respiratory tract ... ,"3"
Y100C,Acute respiratory infectn.NOS ... Acute respiratory infection NOS ... ,"3"
Y100r,Acute bronchitis/bronchiolitis ... Acute bronchitis and bronchiolitis ... ,"3"
Y100t,Acute tracheobronchitis ...  ... ,"3"
Y100v,Acute bronchitis ...  ... ,"3"
Y1011,Acute pseudomembranous bronch. ... Acute pseudomembranous bronchitis ... ,"3"
Yaand,Influenza vaccination status ...  ... ,"3"
yz3Fx,INFLUE VACC 15mcg/strain 0.1mL ... INACT INFLUENZA VACC (SPLIT VIRION) 15mcg/strain pfs 0.1mL ... ,"3"
YavnS,Influenz vacc first verb invit ... Influenza vaccination first verbal invitation ... ,"3"
YavnT,Influenza vacc 2nd verb invitn ... Influenza vaccination second verbal invitation ... ,"3"
YavnV,Influenza vacc 2nd phone invit ... Influenza vaccination second telephone invitation ... ,"3"
YaWFD,Influenza virus A and B ...  ... ,"3"
Yatms,DNA flu A vir subtyp H1N1 vacc ... Did not attend influenza A virus subtype H1N1 vaccination ... ,"3"
YatnF,Influenza vaccn invit SMS sent ... Influenza vaccination invitation SMS text message sent ... Influenza vaccination invitation short message service text message sent,"3"
YazI1,"2nd DTaP, IP, Hib hp B vcc dcl ... Second DTaP, inactivated polio, Hib and hep B vacc declined ... Second diphtheria, tetanus and acellular pertussis, inactivated polio, Haemophilus influenzae type b and hepatitis B vaccination declined","3"
Y7JVz,Malig neop resp/intrath. organ ... Malig neop of respiratory tract and intrathoracic organs ... Malignant neoplasm of respiratory tract and intrathoracic organs,"3"
Y7JXS,"Malig neop up resp tract unspe ... Malig neop of upper respiratory tract, part unspecified ... Malignant neoplasm of upper respiratory tract, part unspecified","3"
y03tU,Haemoph influen b vac inj pdr ... Haemophilus influenzae Type b vaccine inj pdr+diluent ... Haemophilus influenzae Type b vaccine injection (pdr for recon)+diluent,"3"
y03uC,Inact Influenza sub-unit vac ... Inactivated Influenza surface antigen sub-unit vaccine ... ,"3"
y03uD,Inact Influenza split vir vac ... Inactivated Influenza split virion vaccine ... ,"3"
Y50fn,"Alope+dys of nail/ophth/thyr ... Alop, dystrophy of nail/ophthal/thyroid/hypohid/ephelides ... Alopecia, nail dystrophy, ophthalmic complications, thyroid dysfunction, hypohidrosis, ephelides, enteropathy and respiratory tract infections","3"
Y103F,Influenza with pneumonia NOS ...  ... ,"3"
YMA5a,[X]Oth spcf ac viral hepatitis ... [X]Other specified acute viral hepatitis ... ,"3"
YaRGA,RTI - Respirat tract infection ... RTI - Respiratory tract infection ... ,"3"
YaViG,Acute coxsackievir bronchitis ... Acute coxsackieviral bronchitis ... ,"3"
YMJnL,Respiratory tract operations ...  ... ,"3"
Yat0k,Infl due Infl A vir subtp H1N1 ... Influenza due to Influenza A virus subtype H1N1 ... ,"3"
Yat5c,Possible influenza A vir H1N1 ...  ... ,"3"
YMAip,Acute parainfl vir bronchitis ... Acute parainfluenza virus bronchitis ... ,"3"
Yarx8,Influenza H3 virus detected ...  ... ,"3"
Yarx9,Influenza H5 virus detected ...  ... ,"3"
YajUE,Influenza vaccination declined ...  ... ,"3"
YajUF,Influenz vaccin invt lett sent ... Influenza vaccination invitation letter sent ... ,"3"
YatG6,PNDMRX - 1st fluA (H1N1v)09 va ... PANDEMRIX - first influenza A (H1N1v) 2009 vaccination given ... ,"3"
YatG9,CN - 2 fluA (H1N1v)09 va ot pr ... CELVAPAN - 2nd flu A (H1N1v) 2009 vacc by othr hlth provider ... CELVAPAN - second influenza A (H1N1v) 2009 vaccination given by other healthcare provider,"3"
YatGB,PX - 2 fluA (H1N1v)09 va ot pr ... PANDEMRIX - 2nd flu A (H1N1v) 2009 vac by othr hlth provider ... PANDEMRIX - second influenza A (H1N1v) 2009 vaccination given by other healthcare provider,"3"
Yaxbk,Influenza A RNA detectn assay ... Influenza A virus ribonucleic acid detection assay ... ,"3"
Y10Be,Other acute chemical resp.dis. ... Other acute respiratory diseases due to chemical fumes ... ,"3"
YMJAg,Acute chemical bronchitis ...  ... ,"3"
YavFd,Consent givn fr season flu vac ... Consent given for seasonal influenza vaccination ... ,"3"
Yaxal,Avian flu vir RNA detctn assay ... Avian influenza virus ribonucleic acid detection assay ... ,"3"
Yaxbl,Influenza B RNA detectn assay ... Influenza B virus ribonucleic acid detection assay ... ,"3"
"16L..",Influenza-like symptoms ...  ... ,"2"
"68NN.",Influenza imm.advised in surg. ...  ... ,"2"
"68Nt.",Consent given H1N1 vaccination ... Consent given for influenza A subtype H1N1 vaccination ... ,"2"
B2...,Malig neop resp/intrath. organ ... Malig neop of respiratory tract and intrathoracic organs ... Malignant neoplasm of respiratory tract and intrathoracic organs,"2"
yz40v,INFLUE VACC 9mcg/strain 0.1mL ... INACT INFLUENZA VACC (SPLIT VIRION) 9mcg/strain pfs 0.1mL ... ,"3"
YMBNT,"[X]Inhalat food in public inst ... [X]Inhl+ingest food obst resp tract sch oth ins/pub adm area ... [X]Inhalation and ingestion of food causing obstruction of respiratory tract, occurrence at school, other institution and public administrative area","3"
YMBNY,"[X]Inhalation of food on farm ... [X]Inhalatn+ingestn of food caus obstr resp tract occ farm ... [X]Inhalation and ingestion of food causing obstruction of respiratory tract, occurrence on farm","3"
YapW1,Hib/meningitis C vaccination ... Haemophilus influenzae type B and meningitis C vaccination ... ,"3"
Y31cP,Acute infective interst nephri ... Acute infective interstitial nephritis ... ,"3"
YanEB,"1st DTaP/IPV/Hib vaccination ... 1st dipht tet acell pertus, haem influ b, inactiv polio vacc ... First diphtheria tetanus and five component acellular pertussis, haemophilus influenzae type b, inactivated polio vaccination","3"
YadWB,Acute epiglottitis (non-strep) ... Acute epiglottitis (non-streptococcal) ... ,"3"
U1447,"[X]Inhalation of food on farm ... [X]Inhalatn+ingestn of food caus obstr resp tract occ farm ... [X]Inhalation and ingestion of food causing obstruction of respiratory tract, occurrence on farm","2"
U1450,"[X]Inhalat of object at home ... [X]Inhalatn+ingestn oth obj causng obstr resp tract occ home ... [X]Inhalation and ingestion of other objects causing obstruction of respiratory tract, occurrence at home","2"
U1453,"[X]Inhalat of object sport ar ... [X]Inhal+ingest oth obj caus obst resp tract sport/athl area ... [X]Inhalation and ingestion of other objects causing obstruction of respiratory tract, occurrence at sports and athletics area","2"
H0...,Acute respiratory infections ...  ... ,"2"
H024.,Acute viral pharyngitis ...  ... ,"2"
H036.,Acute viral tonsillitis ...  ... ,"2"
H0405,Acute pneumococcal laryngitis ...  ... ,"2"
H040x,Acute bact.laryngitis unspec. ... Acute bacterial laryngitis unspecified ... ,"2"
H060.,Acute bronchitis ...  ... ,"2"
H0600,Acute fibrinous bronchitis ...  ... ,"2"
H0605,Acute tracheobronchitis ...  ... ,"2"
H060F,Acute bronchitis/echovirus ... Acute bronchitis due to echovirus ... ,"2"
H060v,Subacute bronchitis unspecif. ... Subacute bronchitis unspecified ... ,"2"
H060x,Acute bact.bronchitis unspec. ... Acute bacterial bronchitis unspecified ... ,"2"
H061.,Acute bronchiolitis ...  ... ,"2"
H0610,Acute capillary bronchiolitis ...  ... ,"2"
H0611,Acute obliterating bronchiolit ... Acute obliterating bronchiolitis ... ,"2"
H0616,Ac bronchiol/oth spcfd organsm ... Acute bronchiolitis due to other specified organisms ... ,"2"
H0y..,Acute respiratory infectns.OS ... Other specified acute respiratory infections ... ,"2"
H1...,Other upper resp.tract disease ... Other upper respiratory tract diseases ... ,"2"
H1yz.,Other URT diseases NOS ... Other upper respiratory tract diseases NOS ... ,"2"
H2700,Influenza + bronchopneumonia ... Influenza with bronchopneumonia ... ,"2"
H2701,"Influ+pneumn,'flu virus identf ... Influenza with pneumonia, influenza virus identified ... ","2"
H2710,Influenza + laryngitis ... Influenza with laryngitis ... ,"2"
H2D..,Flu due to zoonotic virus ... Influenza due to zoonotic influenza virus ... ,"2"
H2F0.,Inflnza wth pmn due sesnl vir ... Influenza with pneumonia due to seasonal influenza virus ... ,"2"
"4J3M.",Infl A virus H1N1 sub not dect ... Influenza A virus H1N1 subtype not detected ... ,"2"
"9OX7.",Influenza vaccina phone invite ... Influenza vaccination telephone invite ... ,"2"
"9OX8.",Has influenza vacc at work ... Has influenza vaccination at work ... ,"2"
"9OXA.",Influen vaccn inv 2nd let sent ... Influenza vaccination invitation second letter sent ... ,"2"
"9OXC3",Flu vac inv 3rd SMS txt msg st ... Influenza vaccination invitation 3rd SMS text message sent ... Influenza vaccination invitation third short message service text message sent,"2"
"9OXD0",Influenz vacc first verb invit ... Influenza vaccination first verbal invitation ... ,"2"
"9OXD2",Influenza vacc 3rd verb invit ... Influenza vaccination third verbal invitation ... ,"2"
"65E6.",CLVPN - 2nd flu A (H1N1v)09 va ... CELVAPAN - second influenza A (H1N1v) 2009 vaccination given ... ,"2"
"65EC.",PX - 2 fluA (H1N1v)09 va ot pr ... PANDEMRIX - 2nd flu A (H1N1v) 2009 vac by othr hlth provider ... PANDEMRIX - second influenza A (H1N1v) 2009 vaccination given by other healthcare provider,"2"
"65EE1",Adminstn 2nd intranasl flu vac ... Administration of second intranasal influenza vaccination ... ,"2"
H3y0.,Chr obs pulm dis+ac l resp inf ... Chronic obstruct pulmonary dis with acute lower resp infectn ... Chronic obstructive pulmonary disease with acute lower respiratory infection,"2"
H590.,Acute respiratory failure ...  ... ,"2"
Hyu03,[X]O ac up resp inf/multi site ... [X]Other acute upper respiratory infections/multiple sites ... [X]Other acute upper respiratory infections of multiple sites,"2"
Hyu06,"[X]Flu+o rsp manif,vir n idntf ... [X]Influenza+oth respiratory manifestatns,virus not identifd ... [X]Influenza with other respiratory manifestations, virus not identified","2"
Hyu1.,[X]Oth acute lowr resp infects ... [X]Other acute lower respiratory infections ... ,"2"
Hyu10,[X]Ac bronchitis/o spcf orgnsm ... [X]Acute bronchitis due to other specified organisms ... ,"2"
Hyu45,"[X]O ac+sbac rsp cnd/c,g,f+vap ... [X]Oth acute+subacute resp condtns/chemical,gas,fume+vapours ... [X]Other acute and subacute respiratory conditions due to chemicals, gases, fumes and vapours","2"
Hyu6.,[X]Supp/necr cond low res trac ... [X]Suppurative & necrotic conditions of lower respir tract ... [X]Suppurative and necrotic conditions of the lower respiratory tract,"2"
"43jy.",Parainfl type 2 nuc acid detn ... Parainfluenza type 2 nucleic acid detection ... ,"2"
"43jz0",Parainfluenza type 3 NADA ... Parainfluenza type 3 nucleic acid detection assay ... ,"2"
"43w90",Parainfluenza type 4 NADA ... Parainfluenza type 4 nucleic acid detection assay ... ,"2"
Y79Uo,Influenza vaccination ...  ... ,"3"
YaQwX,AVH - Acute viral hepatitis ...  ... ,"3"
YauaF,Influenza vaccination requestd ... Influenza vaccination requested ... ,"3"
YapK2,Parainfl type 2 nuc acid detn ... Parainfluenza type 2 nucleic acid detection ... ,"3"
YapK4,Parainfl type 3 nuc acid detn ... Parainfluenza type 3 nucleic acid detection ... ,"3"
y0HBz,HIB/DIP/TET/PERTUSS/POLIO VACC ... HAEMOPHILUS B /DIPHTHERIA/TETANUS/PERTUSSIS/POLIO VACCINE ... HAEMOPHILUS INFLUENZAE type B/DIPHTHERIA/TETANUS/PERTUSSIS/POLIO V,"3"
Y1018,Acute streptococcal bronchitis ...  ... ,"3"
Y101G,Acute viral bronchitis unspec. ... Acute viral bronchitis unspecified ... ,"3"
Y101O,Acute viral bronchiolitis ...  ... ,"3"
Y103n,Influenza ...  ... ,"3"
Y103t,Influenza + other manifestat. ... Influenza with other manifestations ... ,"3"
Y103u,Influenza with encephalopathy ...  ... ,"3"
Y103v,Influenza + GIT involvement ... Influenza with gastrointestinal tract involvement ... ,"3"
Y103z,Influenza like illness ...  ... ,"3"
"4JU0.",Influenza H1 virus detected ...  ... ,"2"
"8I6D0",Seasonal flu vac not indicated ... Seasonal influenza vaccination not indicated ... ,"2"
F5026,Oth acute non infect ot extern ... Other acute non infective otitis externa ... ,"2"
n478.,*INACT INFLUENZA VAC srg 0.5mL ... INACTIVATED INFLUENZA VACCINE prefilled syringe 0.5mL ... ,"2"
n47h.,INFLUENZA VAC(SA) syrng 0.5mL ... INACT INFLUENZA VAC(SURFACE ANTIGEN SUB-UNIT) syringe 0.5mL ... INACTIVATED INFLUENZA VACCINE (SURFACE ANTIGEN SUB-UNIT) prefilled syringe 0.5mL,"2"
n47z.,INFLUENZA VAC (VIROSOME) 0.5mL ... INACT INFLUENZA VACC (SURFACE ANTIGEN VIROSOME) syr 0.5mL ... INACTIVATED INFLUENZA VACCINE (SURFACE ANTIGEN VIROSOME) prefilled syringe 0.5mL,"2"
"43df.",Parainfluenza type 2 ab level ... Parainfluenza type 2 antibody level ... ,"2"
BB5Sz,[M]Resp. tract adenoma/ca NOS ... [M]Respiratory tract adenoma or adenocarcinoma NOS ... ,"2"
"9OX5.",Influenza vaccination declined ...  ... ,"2"
"9N4q2",DNA 1st intransl pndm flu vacc ... DNA first intranasal pandemic influenza vaccination ... Did not attend first intranasal pandemic influenza vaccination,"2"
"9N4q3",DNA 2nd intransl ssnl flu vacc ... DNA second intranasal seasonal influenza vaccination ... Did not attend second intranasal seasonal influenza vaccination,"2"
"9N4q4",DNA 2nd intransl pndm flu vacc ... DNA second intranasal pandemic influenza vaccination ... Did not attend second intranasal pandemic influenza vaccination,"2"
"9N4z3",DNA Hib and meningitis C vaccn ... DNA haemophilius influenzae B and meningitis C vaccination ... Did not attend haemophilus influenzae type B and meningitis C vaccination,"2"
"2J63.",Hi priorty for flu A H1N1 vacc ... High priority for influenza A subtype H1N1 vaccination ... ,"2"
B2zz.,Malig neop resp tract NOS ... Malignant neoplasm of respiratory tract NOS ... ,"2"
n4x..,HIB + MENINGITIS C VACCINE ... HAEMOPHILUS INFLUENZAE type b + MENINGITIS C VACCINE ... ,"2"
J6011,Subacute hepatitis-noninfect. ... Subacute hepatitis - noninfective ... ,"2"
SyuDE,"[X]Corros respir tract,part un ... [X]Corrosion of respiratory tract, part unspecified ... ","2"
"23H..",Auscultation lowr respir tract ... Auscultation of lower respiratory tract ... ,"2"
TF1..,Inhal/ingest.food+resp.obstr. ... Inhalation/ingestion of food - resp obstruction/suffocation ... Inhalation and ingestion of food causing obstruction of respiratory tract or suffocation,"2"
"65b..",Hib/meningitis C vaccination ... Haemophilus influenzae type B and meningitis C vaccination ... ,"2"
"65E0.",First pandemic flu vaccination ... First pandemic influenza vaccination ... ,"2"
"65E2.",Influenza vacc othr hlth prov ... Influenza vaccination given by other healthcare provider ... ,"2"
"65E23","2nd im flu vac by other HCP ... 2nd intramuscular seasonal influenza vacc given by other HCP ... Second intramuscular seasonal influenza vaccination given by other healthcare provider","2"
"65E24","1st IM flu vac by other HCP ... 1st intramuscular seasonal influenza vacc given by other HCP ... First intramuscular seasonal influenza vaccination given by other healthcare provider","2"
"65PT.",Influenza A vir H1N1 sub cont ... Influenza A virus H1N1 subtype contact ... ,"2"
"7N2y.",[SO]Resp tract or mouth OS ... [SO]Other specified part of respiratory tract or mouth ... ,"2"
Yat4c,Possible influenza A vir H1N1 ... Possible influenza A virus H1N1 subtype ... ,"3"
Yat4k,Infl A vir H1N1 sub close cont ... Influenza A virus H1N1 subtype close contact ... ,"3"
Y100g,Infection of lung+mediastinum ... Infection of lower respiratory tract and mediastinum ... ,"3"
Y100h,Pneumonia and influenza ...  ... ,"3"
Y100i,Pneumonia or influenza OS ... Other specified pneumonia or influenza ... ,"3"
Y100j,Pneumonia or influenza NOS ...  ... ,"3"
Y100s,Acute bronchitis/bronchiol.NOS ... Acute bronchitis or bronchiolitis NOS ... ,"3"
Y100z,Acute fibrinous bronchitis ...  ... ,"3"
YMBNS,"[X]Inhalat food in resid inst ... [X]Inhal+ingest food caus obst resp tract occ resid instit'n ... [X]Inhalation and ingestion of food causing obstruction of respiratory tract, occurrence in residential institution","3"
Yavhn,Seasonal influe vac givn pharm ... Seasonal influenza vaccination given by pharmacist ... ,"3"
Yavih,H/O: acut hypxmc rsprtry failr ... History of acute hypoxaemic respiratory failure ... ,"3"
YMK5h,Acute pericarditis-pneumococc. ... Acute pericarditis - pneumococcal ... ,"3"
YMK5j,Acute pericarditis-streptococ. ... Acute pericarditis - streptococcal ... ,"3"
YawSR,Adm frst intrnsl ssnl infl vac ... Administration of first intranasal seasonal influenza vacc ... Administration of first intranasal seasonal influenza vaccination,"3"
Y7ATG,Needs influenza immunisation ...  ... ,"3"
YanNo,Influenza imm - enh serv admin ...  ... ,"3"
YM6Z1,Haemophilus influenzae ...  ... ,"3"
YatVz,Flu imm >65 othr risk grps ESA ... Flu immunisation 65 and over and other at risk groups ESA ... Influenza immunisation for those in the 65 years and over and other at risk groups enhanced services administration,"3"
YE1Rm,Malign neopl resp tract and ++ ... Malign neopl resp tract and intrathor organs (& [carcinoma]) ... Malignant neoplasm of respiratory tract and intrathoracic organs (& [carcinoma of respiratory tract and intrathoracic organs]),"3"
YauTr,Flu vac inv 2nd SMS txt msg st ... Influenza vaccination invitation 2nd SMS text message sent ... Influenza vaccination invitation second short message service text message sent,"3"
YauTs,Flu vac inv 3rd SMS txt msg st ... Influenza vaccination invitation 3rd SMS text message sent ... Influenza vaccination invitation third short message service text message sent,"3"
YavFc,Seasonal flu vac not indicated ... Seasonal influenza vaccination not indicated ... ,"3"
YarxC,Influenza B virus detected ...  ... ,"3"
y09kz,Hib/diph/tet/pertus vial+syrng ... Hib/diphtheria/tetanus/pertussis vacc vial+pre-filled syrng ... Haemophilus influenzae Type b (Hib)/diphtheria/tetanus/pertussis vaccine vial+prefilled syringe,"3"
Yaltw,H influenzae B IgG level ... Haemophilus influenzae B IgG level ... ,"3"
Y00Dg,Acute viral transvrse myelitis ... Acute viral transverse myelitis ... ,"3"
YMBNg,"[X]Inhalat of object on hway ... [X]Inhl+ingest oth obj caus obst resp tract occ street/h'way ... [X]Inhalation and ingestion of other objects causing obstruction of respiratory tract, occurrence on street and highway","3"
YMBNi,"[X]Inhalat of object indus ar ... [X]Inhl+ingst oth obj caus obs resp tract indust/constr area ... [X]Inhalation and ingestion of other objects causing obstruction of respiratory tract, occurrence at industrial and construction area","3"
yz3MW,PANDEMRIX FLU VAC (H1N1v) 2009 ... PANDEMRIX INFLUENZA A VACCINE (H1N1v) 2009 injection ... ,"3"
y03te,Influenz (split vir) vac syrng ... Inact Influenza (split virion) vaccine prefilled syringe ... Inactivated Influenza (split virion) vaccine prefilled syringe,"3"
Yayis,Flu due to pandemic virus ... Influenza due to pandemic influenza virus ... ,"3"
Yayq7,Sc intns snl flu vcc gv by phm ... Second intranasal seasonal influenza vacc givn by pharmacist ... Second intranasal seasonal influenza vaccination given by pharmacist,"3"
YM7W2,Specified resp tract NEC ... Specified respiratory tract NEC ... ,"3"
Y7A3W,Influenza imm.advised in surg. ...  ... ,"3"
Y7A3e,Influenza vacc consent given ...  ... ,"3"
YMAJR,"[X]O ac+sbac rsp cnd/c,g,f+vap ... [X]Oth acute+subacute resp condtns/chemical,gas,fume+vapours ... [X]Other acute and subacute respiratory conditions due to chemicals, gases, fumes and vapours","3"
YaVsp,Acute infectiv gastroenteritis ... Acute infective gastroenteritis ... ,"3"
Y103q,Influenza with laryngitis ...  ... ,"3"
Y103r,Influenza with pharyngitis ...  ... ,"3"
Y103w,Influenza + other manifest.NOS ... Influenza with other manifestations NOS ... ,"3"
Y00X5,Acute infective polyneuritis ...  ... ,"3"
Y00X7,Acute infective polyneurit.NOS ... Acute infective polyneuritis NOS ... ,"3"
Yanow,Parainfluenza virus ag assay ...  ... ,"3"
Yakp2,Influenza vaccinat contraind ... Influenza vaccination contraindicated ... ,"3"
y0AHm,Hib/diph/tet/pertussis syringe ... Hib/diphtheria/tetanus/pertussis vaccine prefilled syringe ... Haemophilus influenzae Type b (Hib)/diphtheria/tetanus/pertussis vaccine prefilled syringe,"3"
YawTn,"2nd intrnsl pndm flu vcc dclnd ... Second intranasal pandemic influenza vaccination declined ... ","3"
Yawxb,SARS virus NADA ... SARS virus nucleic acid detection assay ... Severe acute respiratory syndrome virus nucleic acid detection assay,"3"
YazLw,Suspected SARS ... Suspected severe acute respiratory syndrome ... ,"3"
YazLx,Susp SARS (svre acte resp syn) ... Suspected SARS (severe acute respiratory syndrome) ... ,"3"
YadOq,"First HiB DTP vaccine given ... First H influenzae type B and dip, tet & pert vaccine given ... First Haemophilus influenzae type B and diphtheria, tetanus and pertussis vaccine given","3"
Yal7k,Parainfluenza type 3 ab level ...  ... ,"3"
YaoLE,Influen vaccn inv 2nd let sent ... Influenza vaccination invitation second letter sent ... ,"3"
YaeKN,"Diph, tet, pert, polio, HiB vn ... Diphtheria, tetanus, pertuss, polio & haem influenza B vaccn ... Diphtheria, tetanus, pertussis, polio and haemophilus influenza B vaccination","3"
Y102T,Pneumonia with candidiasis ...  ... ,"3"
Y1032,Parainfluenzal pneumonia ...  ... ,"3"
Y30L3,Subac non-infective hepatitis ... Subacute non-infective hepatitis ... ,"3"
YaRGC,ARF - Acute respirat failure ... ARF - Acute respiratory failure ... ,"3"
Y02Hc,Acute infective otitis externa ...  ... ,"3"
Y02IR,Oth acute non infect ot extern ... Other acute non infective otitis externa ... ,"3"
YM1Ck,[SO]Other respiratory tract ...  ... ,"3"
YM1Cs,[SO]Specified resp tract NEC ... [SO]Specified respiratory tract NEC ... ,"3"
Ya3Xe,ARI - Acute resp infections ... ARI - Acute respiratory infections ... ,"3"
YM9hH,Influenza immunization advised ...  ... ,"3"
YaSZy,Influ surf antigen vac adv re ... Influenza surface antigen vaccine adverse reaction ... ,"3"
Yadwh,Acute infect tracheobronchitis ... Acute infective tracheobronchitis ... ,"3"
Yavfv,Acut non-infect exacerbat COPD ... Acute non-infective exacerbation of COPD ... Acute non-infective exacerbation of chronic obstructive pulmonary disease,"3"
Yavfw,Acut non-infect exacerbat COPD ... Acute non-infective exacerbation of COPD ... Acute non-infective exacerbation of COPD (chronic obstructive pulmonary disease),"3"
YawNO,DNA 2nd intransl ssnl flu vacc ... DNA second intranasal seasonal influenza vaccination ... Did not attend second intranasal seasonal influenza vaccination,"3"
YawNQ,DNA 1st intransl ssnl flu vacc ... DNA first intranasal seasonal influenza vaccination ... Did not attend first intranasal seasonal influenza vaccination,"3"
YSDdp,Proced lower respiratory tract ... Procedure on lower respiratory tract ... ,"3"
YanBv,Influenza vaccina phone invite ...  ... ,"3"
Yawlb,"DTaP/IPV/Hib vac contraindictd ... DTaP/IPV/Hib vaccination contraindicated ... Diphtheria, tetanus, acellular pertussis, inactivated polio vaccine, Haemophilus influenzae type b vaccination contraindicated","3"
YavnU,Influenza vacc 1st phone invit ... Influenza vaccination first telephone invitation ... ,"3"
Yaw69,"1st intransl influ vacc declnd ... First intranasal influenza vaccination declined ... ","3"
YMA8K,"[X]Mal neo/up resp trct,p unsp ... [X]Malignant neoplasm/upper resp tract, part unspecified ... [X]Malignant neoplasm of upper respiratory tract, part unspecified","3"
Ya1Tw,Infection lower respirat tract ... Infection of lower respiratory tract ... ,"3"
Ya3YA,LRTI - Lower resp tract infect ... LRTI - Lower respiratory tract infection ... ,"3"
Yaw6A,"2nd intransl influ vacc declnd ... Second intranasal influenza vaccination declined ... ","3"
YanEF,"3rd DTaP/IPV/Hib vaccination ... 3rd dipht tet acell pertus, haem influ b, inactiv polio vacc ... Third diphtheria tetanus and five component acellular pertussis, haemophilus influenzae type b, inactivated polio vaccination","3"
y0GGo,Dip/tet/pert/pol/hib vaccine ... Diptheria/tetanus/pertussis/poliomyelitis/hib vaccine ... Diptheria / tetanus / pertussis / poliomyelitis / haemophilus influenzae b vaccine,"3"
YMIml,Lower resp tract infection ... Lower respiratory tract infection ... ,"3"
YM4YY,Influenza A antibody ...  ... ,"3"
YM703,Parainfluenza virus type 2 ...  ... ,"3"
Yah5j,Influenza A antibody level ...  ... ,"3"
Y1015,Acute bronchitis NOS ...  ... ,"3"
Y101A,Acute neiss catarrh bronchitis ... Acute Neisseria catarrhalis bronchitis ... ,"3"
Y101H,Acute bronchiolitis ...  ... ,"3"
Y101K,Acute bronchiolitis+bron.spasm ... Acute bronchiolitis with bronchospasm ... ,"3"
Y101L,Acute exudative bronchiolitis ...  ... ,"3"
Y101N,Acute bronchiolitis NOS ...  ... ,"3"
YaVPd,Funct obs of resp tract ... Functional observations of respiratory tract ... ,"3"
Yatwu,Influenza A H1N1 vaccin declin ... Influenza A virus subtype H1N1 vaccination declined ... ,"3"
YM8mj,Resp tract and mouth NOS ... Respiratory tract and mouth NOS ... ,"3"
Yasuw,Swine influenza contact ...  ... ,"3"
YMH4D,Upper respiratory tract infec. ...  ... ,"3"
YavFX,Seas flu vac gvn by ot hc prov ... Seasonal influenza vaccin given by other healthcare provider ... Seasonal influenza vaccination given by other healthcare provider,"3"
Yal6Z,Parainfluenza type 3 ab level ... Parainfluenza type 3 antibody level ... ,"3"
"68NO.",Influenza imm.advised at home ...  ... ,"2"
A70z1,Acute viral hepatitis NOS ...  ... ,"2"
"9OX56","2nd intrnsl ssnl flu vcc dclnd ... Second intranasal seasonal influenza vaccination declined ... ","2"
"9OXC.",Influenza vaccn invit SMS sent ... Influenza vaccination invitation SMS text message sent ... Influenza vaccination invitation short message service text message sent,"2"
"9OXC1",Flu vac inv 1st SMS txt msg st ... Influenza vaccination invitation 1st SMS text message sent ... Influenza vaccination invitation first short message service text message sent,"2"
"9OXE.",Influenza vac invitation email ... Influenza vaccination invitation email ... ,"2"
"9OXE1",Influenza vac invit 2nd email ... Influenza vaccination invitation second email ... ,"2"
Y10G2,Acute toxic tracheobronchitis ...  ... ,"3"
YE0SX,Acute bronchitis (& wheezy) ...  ... ,"3"
Ya3dz,Viral upper resp tract infectn ... Viral upper respiratory tract infection ... ,"3"
YascX,Influenza vacc othr hlth prov ...  ... ,"3"
YayXH,Admin frst inact ssnl flu vacc ... Administration of first inactivated seasonal influenza vacc ... Administration of first inactivated seasonal influenza vaccination,"3"
Y02WO,Acute viral tonsillitis ...  ... ,"3"
Y2040,Ac./subac.inf.endocard.+dis.EC ... Acute and subacute infective endocarditis in diseases EC ... ,"3"
Y204I,Subacute bact endocarditis ... Subacute bacterial endocarditis ... ,"3"
Ya6dC,Disease of URT NOS ... Disease of upper respiratory tract NOS ... ,"3"
YawTl,"1st intrnsl pndm flu vcc dclnd ... First intranasal pandemic influenza vaccination declined ... ","3"
YawTp,DNA 1st intransl pndm flu vacc ... DNA first intranasal pandemic influenza vaccination ... Did not attend first intranasal pandemic influenza vaccination,"3"
Yawlc,"DTaP/IPV/Hib vac contraindictd ... DTaP/IPV/Hib vaccination contraindicated ... DTaP/IPV/Hib (Diphtheria, tetanus, acellular pertussis, inactivated polio vaccine, Haemophilus influenzae type b) vaccination contraindicated","3"
Yaxbv,Parainfluenz 3 RNA dtctn assay ... Parainfluenza virus type 3 ribonucleic acid detection assay ... ,"3"
YaxY8,At risk flu related complicatn ... At risk of influenza related complication ... ,"3"
B2z0.,"Malig neop up resp tract unspe ... Malig neop of upper respiratory tract, part unspecified ... Malignant neoplasm of upper respiratory tract, part unspecified","2"
"9OX53","2nd intransl influ vacc declnd ... Second intranasal influenza vaccination declined ... ","2"
"14Ol.",At risk flu related complicatn ... At risk of influenza related complication ... ,"2"
"4JDe.",Influenza A virus H1N1 serolgy ... Influenza A virus subtype H1N1 serology ... ,"2"
Ya4wH,Infection of upper resp tract ... Infection of the upper respiratory tract ... ,"3"
Ya4wI,URTI - Infectn upper resp trct ... URTI - Infection of the upper respiratory tract ... ,"3"
YaYUv,Resp tract scope approach ... Respiratory tract scope approach ... ,"3"
YaSDn,Int haemph influ TypB vac pois ... Intentional haemophilus influenzae Type B vaccine poisoning ... ,"3"
YaSE8,Intentional influenza vac pois ... Intentional influenza vaccine poisoning ... ,"3"
YaSE9,Influenza vacc pois undet int ... Influenza vaccine poisoning of undetermined intent ... ,"3"
Yakks,Influenza B antigen level ...  ... ,"3"
YatZP,DNA Hib and meningitis C vaccn ... DNA haemophilius influenzae B and meningitis C vaccination ... Did not attend haemophilus influenzae type B and meningitis C vaccination,"3"
Y7JXQ,Carcinoma resp/intrath. organ ... Carcinoma of respiratory tract and intrathoracic organs ... ,"3"
Y7JXR,Malig neop other resp tract ... Malignant neoplasm of other site of respiratory tract ... ,"3"
Ya0JQ,[V]Influenza vaccination ...  ... ,"3"
YacTp,Influenza imm advised at home ... Influenza immunisation advised at home ... ,"3"
YatEQ,"DTaP/IPV/Hib immunisa declined ... DTaP/IPV/Hib immunisation declined ... Diphtheria, tetanus, acellular pertussis, inactivated polio vaccine, haemophilus influenzae type b immunisation declined","3"
YatG4,CLVPN - 1st flu A (H1N1v)09 va ... CELVAPAN - first influenza A (H1N1v) 2009 vaccination given ... ,"3"
YaoZ1,Avian infl virus nucl acid det ... Avian influenza virus nucleic acid detection ... ,"3"
Y02Uz,Acute pneumococcal pharyngitis ...  ... ,"3"
Y02WL,Acute pneumococcal tonsillitis ...  ... ,"3"
Y02a6,Respiratory tract procedure ...  ... ,"3"
Y02aD,Respiratory tract ops OS ... Other specified operations on respiratory tract ... ,"3"
YaSyQ,Influ split virion vac allergy ... Influenza split virion vaccine allergy ... ,"3"
YaSyR,Influ surf antigen vac allergy ... Influenza surface antigen vaccine allergy ... ,"3"
Yat1O,Influenza A (H1N1) swine flu ...  ... ,"3"
"8ME..",Influenza vaccination requestd ... Influenza vaccination requested ... ,"2"
"744G6",Fib end pho the les low res tr ... Fibr endos photodynamic ther lesion lower respiratory tract ... Fibreoptic endoscopic photodynamic therapy of lesion of lower respiratory tract,"2"
"4JU1.",Influenza H2 virus detected ...  ... ,"2"
"4JU2.",Influenza H3 virus detected ...  ... ,"2"
y0HAs,HIB + MENINGITIS C VACCINE ... HAEMOPHILUS INFLUENZAE type b + MENINGITIS C VACCINE ... ,"3"
YapK0,Parainfl type 1 nuc acid detn ... Parainfluenza type 1 nucleic acid detection ... ,"3"
Yalup,Severe acute respiratory syndr ...  ... ,"3"
YMJPt,Pneumonia/influenza NOS ...  ... ,"3"
Yayiu,Inflnza wth pmn due sesnl vir ... Influenza with pneumonia due to seasonal influenza virus ... ,"3"
YMJXr,Acute bronchitis/bronchiolitis ...  ... ,"3"
YasXC,"Booster DTaP/IPV/Hib vaccin ... Booster diph tet ac pertussis, haem influ b, inac polio vacc ... Booster diphtheria tetanus and three component acellular pertussis, haemophilus influenzae type b, inactivated polio vaccination","3"
YM4X8,Taiwan acute resp chlamydia ab ... Taiwan acute respiratory chlamydia antibody ... ,"3"
YM4XS,H influenz type B polysacch ab ... Haemophilus influenzae type B polysaccharide antibody ... ,"3"
"65E00",Adm frst intrnsl pndmc flu vac ... Administration of first intranasal pandemic influenza vacc ... Administration of first intranasal pandemic influenza vaccination,"2"
"65E1.",Second pandemic flu vaccnation ... Second pandemic influenza vaccination ... ,"2"
"65E40",Sc intr pnd flu vc gvn oth hcp ... Scnd intrnsl pndmc flu vacc gvn by other healthcare provider ... Second intranasal pandemic influenza vaccination given by other healthcare provider,"2"
"65E5.",CLVPN - 1st flu A (H1N1v)09 va ... CELVAPAN - first influenza A (H1N1v) 2009 vaccination given ... ,"2"
"65ED2",Seas influ vacc giv hosp inpt ... Seasonal influenza vaccination given while hospital inpt ... Seasonal influenza vaccination given while hospital inpatient,"2"
"65ED6",Ft intns snl flu vcc gv by phm ... First intranasal seasonal influenza vacc given by pharmacist ... First intranasal seasonal influenza vaccination given by pharmacist,"2"
"65ED7",Sc intns snl flu vcc gv by phm ... Second intranasal seasonal influenza vacc givn by pharmacist ... Second intranasal seasonal influenza vaccination given by pharmacist,"2"
"65EE0",Adminstn 1st intranasl flu vac ... Administration of first intranasal influenza vaccination ... ,"2"
"43jQ1",Avian flu vir RNA detctn assay ... Avian influenza virus ribonucleic acid detection assay ... ,"2"
"43k3.",Influenza B antigen level ...  ... ,"2"
"43W4.",H influenzae B antibody level ... Haemophilus influenzae B antibody level ... ,"2"
"43w60",Influenza A NADA ... Influenza A nucleic acid detection assay ... ,"2"
"43w61",Influenza A RNA detectn assay ... Influenza A virus ribonucleic acid detection assay ... ,"2"
"43w91",Parainfluenz 4 RNA dtctn assay ... Parainfluenza virus type 4 ribonucleic acid detection assay ... ,"2"
G5100,Acute bacterial endocarditis ...  ... ,"2"
G5101,Subacute bacter.endocardit-SBE ... Subacute bacterial endocarditis - SBE ... ,"2"
G511.,Ac./subac.inf.endocard.+dis.EC ... Acute and subacute infective endocarditis in diseases EC ... ,"2"
F5011,Acute infective otitis externa ...  ... ,"2"
F0308,Enceph due to influ-vir not id ... Encephalitis due to influenza-specific virus not identified ... ,"2"
F034G,Encephalitis-post 'flu vacc ... Post influenza vaccination encephalitis ... ,"2"
"744H1",D f e e l r tr b-al la (ce di) ... Diag fibre end ex low res tract broncho-al lav (cell differ) ... Diagnostic fibreoptic endoscopic examination of lower respiratory tract and broncho-alveolar lavage (cell differential),"2"
"744H2",D f en ex l re t la le l re tr ... Diag fibr end exam low resp tr and lav les low resp tract ... Diagnostic fibreoptic endoscopic examination of lower respiratory tract and lavage of lesion of lower respiratory tract,"2"
"744H5",D f e e l r t b l b c l l r tr ... Dia fib en ex low resp tr wth bio lav br cyt les low resp tr ... Diagnostic fibreoptic endoscopic examination of lower respiratory tract with biopsy lavage and brush cytology of lesion of lower respiratory tract,"2"
"74z..",Respiratory tract ops NOS ... Respiratory tract operations NOS ... ,"2"
"14B9.",H/O: acute low resp tract inf ... History of acute lower respiratory tract infection ... ,"2"
"14LJ.",H/O: influenza vaccine allergy ...  ... ,"2"
"8I231",Hib/MenC vacc contraindicated ... Haem influenz b and meningitis C vaccination contraindicated ... Haemophilus influenzae type b and meningitis C vaccination contraindicated,"2"
"8I23M",Hib vaccination contraindicatd ... Haemophilus influenzae type b vaccination contraindicated ... ,"2"
"8I2F.",Influenza vaccinat contraind ... Influenza vaccination contraindicated ... ,"2"
"8I2F0",Seasonal flu vac contraindicat ... Seasonal influenza vaccination contraindicated ... ,"2"
"8IA4.",Hib/men C vaccination declined ... Haemophilus influenzae B & meningitis C vaccination declined ... Haemophilus influenzae type B and meningitis C vaccination declined,"2"
"8IAG.",Pandemic flu vaccinatn declind ... Pandemic influenza vaccination declined ... ,"2"
n47v.,INFLUE VACC 9mcg/strain 0.1mL ... INACT INFLUENZA VACC (SPLIT VIRION) 9mcg/strain pfs 0.1mL ... ,"2"
n47y.,INFLUENZA VAC(SV) syrg 0.25mL ... INACT INFLUENZA VACC (SPLIT VIRION) prefilled syringe 0.25mL ... INACTIVATED INFLUENZA VACCINE (SPLIT VIRION) prefilled syringe 0.25mL,"2"
n4p..,HIB/DIPH/TET/PERTUSSIS VACCINE ... HIB/DIPHTHERIA/TETANUS/PERTUSSSIS VACCINE ... HAEMOPHILUS INFLUENZAE TYPE b (HIB)/DIPHTHERIA/TETANUS/PERTUSSIS VACCINE,"2"
U144.,[X]Inhalation of food ... [X]Inhalation + ingestion of food causing obstr resp tract ... [X]Inhalation and ingestion of food causing obstruction of respiratory tract,"2"
U1440,"[X]Inhalation of food at home ... [X]Inhalatn+ingestn of food caus obstr resp tract occ home ... [X]Inhalation and ingestion of food causing obstruction of respiratory tract, occurrence at home","2"
U1441,"[X]Inhalat food in resid inst ... [X]Inhal+ingest food caus obst resp tract occ resid instit'n ... [X]Inhalation and ingestion of food causing obstruction of respiratory tract, occurrence in residential institution","2"
U1445,"[X]Inhalat food in trade area ... [X]Inhl+ingest food caus obst resp tract occ trade/serv area ... [X]Inhalation and ingestion of food causing obstruction of respiratory tract, occurrence at trade and service area","2"
U1455,"[X]Inhalat of object trade ar ... [X]Inhal+ingest oth obj caus obst resp tract trade/serv area ... [X]Inhalation and ingestion of other objects causing obstruction of respiratory tract, occurrence at trade and service area","2"
Hyu07,"[X]Flu+o maniftns,vir nt idntf ... [X]Influenza+other manifestations, virus not identified ... [X]Influenza with other manifestations, virus not identified","2"
SyuD3,[X]Corros oth part resp tract ... [X]Corrosions of other parts of respiratory tract ... ,"2"
"74...",Respiratory tract operations ...  ... ,"2"
H023z,Acute bact.pharyngitis NOS ... Acute bacterial pharyngitis NOS ... ,"2"
H035.,Acute bacterial tonsillitis ...  ... ,"2"
H0350,Acute pneumococcal tonsillitis ...  ... ,"2"
H0404,Acute H.influenzae laryngitis ... Acute haemophilus influenzae laryngitis ... ,"2"
H051.,Acute up resp tract infection ... Acute upper respiratory tract infection ... ,"2"
H060C,Acut bronch/parainfluenza vir ... Acute bronchitis due to parainfluenza virus ... ,"2"
H0612,Acute bronchiolitis+bron.spasm ... Acute bronchiolitis with bronchospasm ... ,"2"
H0613,Acute exudative bronchiolitis ...  ... ,"2"
H1yzz,Other URT disease NOS ... Other upper respiratory tract disease NOS ... ,"2"
H2...,Pneumonia and influenza ...  ... ,"2"
H271z,Influenza + resp.manifest.NOS ... Influenza with respiratory manifestations NOS ... ,"2"
H2E..,Flu due to pandemic virus ... Influenza due to pandemic influenza virus ... ,"2"
Y7ATH,Influenza vacc.administrat.NOS ...  ... ,"3"
YMJAm,Lower respiratory tract infect ...  ... ,"3"
Ya2Aa,Aspira gastr cont low resp trc ... Aspirated gastric contents in lower respiratory tract ... ,"3"
Ya2Ad,Aspir blood in low resp tract ... Aspirated blood in lower respiratory tract ... ,"3"
Y00Cv,Post-influenza encephalitis ...  ... ,"3"
YMBNb,[X]Inhalation of object ... [X]Inhalation+ingestion oth obj causing obstruct resp tract ... [X]Inhalation and ingestion of other objects causing obstruction of respiratory tract,"3"
YMBNk,"[X]Inhalat of object OS place ... [X]Inhal+ingest oth obj caus obst resp tract oth specif plce ... [X]Inhalation and ingestion of other objects causing obstruction of respiratory tract, occurrence at other specified place","3"
Y31nz,Acute infective cystitis ...  ... ,"3"
YMAjP,Acute respiratory failure ...  ... ,"3"
YajUG,Influenza-like symptoms ...  ... ,"3"
YasaL,"2nd pan flu vac othr hlth prov ... 2nd pandemic influenza vacc give by other healthcare providr ... Second pandemic influenza vaccination given by other healthcare provider","3"
YM982,Parainfluenza virus 3 antigen ...  ... ,"3"
Ya3zE,Injury upper respiratory tract ... Injury of upper respiratory tract ... ,"3"
YatZ6,Consent given H1N1 vaccination ... Consent given for influenza A subtype H1N1 vaccination ... ,"3"
Y10G5,Acute chemical bronchitis ... Acute bronchitis due to chemical fumes ... ,"3"
Y10GT,Acute resp distress syndrome ... Acute respiratory distress syndrome ... ,"3"
Y02RY,Acute infective rhinitis ...  ... ,"3"
Ya3e0,URTI - Viral upper resp infect ... URTI - Viral upper respiratory tract infection ... ,"3"
Ya4dZ,Burn of respiratory tract ...  ... ,"3"
Y02aC,Respiratory tract ops NOS ... Respiratory tract operations NOS ... ,"3"
YaViF,Acute echoviral bronchitis ...  ... ,"3"
YM9i7,Respiratory tract infection ...  ... ,"3"
Yau9T,"1st Hib/meningitis C vaccinatn ... First Haemophilus influenzae type B/meningitis C vaccination ... First Haemophilus influenzae type B and meningitis C vaccination","3"
Yau9U,"2nd Hib/meningitis C vaccinatn ... Second Haemophilus influenzae type B/meningitis C vaccinatn ... Second Haemophilus influenzae type B and meningitis C vaccination","3"
YanNn,Influenza imm - enh serv admin ... Influenza immunisation - enhanced services administration ... Influenza immunisation for those in the 65 years and over and other at risk groups - enhanced services administration,"3"
Yaltx,H influenzae B IgG level ...  ... ,"3"
Y02WN,Acute bact.tonsillitis NOS ... Acute bacterial tonsillitis NOS ... ,"3"
Y02XQ,Acute H.influenzae laryngitis ... Acute haemophilus influenzae laryngitis ... ,"3"
Y02XS,Acute viral laryngitis unspec. ... Acute viral laryngitis unspecified ... ,"3"
Y02Xj,Acute fib laryngotracheobronch ... Acute fibrinous laryngotracheobronchitis ... ,"3"
Y204B,Acute bacterial endocarditis ...  ... ,"3"
YaVdr,Risk subacut bact endocarditis ... Risk of subacute bacterial endocarditis ... ,"3"
YaoPJ,Booster influenza vaccination ...  ... ,"3"
Yasyo,Influenza A vir H1N1 sub cont ... Influenza A virus H1N1 subtype contact ... ,"3"
Yat2N,Suspct flu A vi sub H1N1 infct ... Suspected influenza A virus subtype H1N1 infection ... ,"3"
Yat2O,Suspected swine influenza ...  ... ,"3"
Yat4d,Infl A virus H1N1 sub detected ... Influenza A virus H1N1 subtype detected ... ,"3"
Yat5f,Influenza A vir H1N1 sub cont ...  ... ,"3"
y0GnO,Inact Influenza virosome vacc ... Inactivated Influenza surface antigen virosome vaccine ... ,"3"
Yawwn,Parainfluenza type 1 NADA ... Parainfluenza type 1 nucleic acid detection assay ... ,"3"
YaSDl,Haemophil influ Typ B vac pois ... Haemophilus influenzae Type B vaccine poisoning ... ,"3"
YaSDo,Und haemph influ TypB vac pois ... Haemophilus influenz TypeB vaccine poisoning undeterm intent ... Haemophilus influenzae Type B vaccine poisoning of undetermined intent,"3"
YaSE7,Accident influenza vacc pois ... Accidental influenza vaccine poisoning ... ,"3"
Yam2K,Influenza vaccin not indicated ...  ... ,"3"
Yam6C,[V]PH influenza vaccin allergy ... [V]Personal history of influenza vaccine allergy ... ,"3"
YawSW,"2nd int ssn flu vcc gv oth hcp ... Secnd intranasal seasonal flu vacc gvn by othr hlthcare prov ... Second intranasal seasonal influenza vaccination given by other healthcare provider","3"
YMHz5,"Corros respir tract,part un ... Corrosion of respiratory tract, part unspecified ... ","3"
Yas5T,Hum parainfluenza vir detected ... Human parainfluenza virus detected ... ,"3"
YMKNq,Foreign obj.in nose+resp.obst. ... Foreign object in nose causing obstruction respiratory tract ... Foreign object in nose causing obstruction of respiratory tract,"3"
YMKNr,Bean in nose+resp.obst. ... Bean in nose with obstruction of respiratory tract ... ,"3"
YMKNs,Marble in nose+resp.obstr. ... Marble in nose with obstruction of respiratory tract ... ,"3"
y0DIT,Hib/diph/tet/pertussis vial ... Hib/diphtheria/tetanus/pertussis vaccine vial ... Haemophilus influenzae Type b (Hib)/diphtheria/tetanus/pertussis vaccine vial,"3"
Y74bn,FB - nose caus obst resp trct ... Foreign body in nose causing obstruction respiratory tract ... Foreign body in nose causing obstruction of respiratory tract,"3"
YauTp,Flu vac inv 1st SMS txt msg st ... Influenza vaccination invitation 1st SMS text message sent ... Influenza vaccination invitation first short message service text message sent,"3"
Yarx6,Influenza H1 virus detected ...  ... ,"3"
Yarx7,Influenza H2 virus detected ...  ... ,"3"
yz5kw,INFLUENZA VAC nasal susp 0.2mL ... INFLUENZA VACCINE (LIVE ATTENUATED) nasal suspension 0.2mL ... ,"3"
yz3MX,CELVAPAN FLU VAC (H1N1v) 2009 ... CELVAPAN INFLUENZA A VACCINE (H1N1v) 2009 injection ... ,"3"
YMAJ5,[X]Ac bronchltis/o spcf orgnsm ... [X]Acute bronchiolitis due to other specified organisms ... ,"3"
YM6Z2,Haemophilus parainfluenzae ...  ... ,"3"
YabWD,Encephalitis due to influenza ...  ... ,"3"
Yaz3S,Seasonal flu vacc gvn midwife ... Seasonal influenza vaccination given by midwife ... ,"3"
Yaz3U,Scd inct snl infl vcc gvn mwfe ... Second inactivated seasonal influenza vacc given by midwife ... Second inactivated seasonal influenza vaccination given by midwife,"3"
Yaw6W,Adminstn 1st intranasl flu vac ... Administration of first intranasal influenza vaccination ... ,"3"
Yaw6X,Adminstn 2nd intranasl flu vac ... Administration of second intranasal influenza vaccination ... ,"3"
YadU3,Oth acute non-infec otitis ext ... Other acute non-infective otitis externa ... ,"3"
YatG8,CN - 1 fluA (H1N1v)09 va ot pr ... CELVAPAN - 1st flu A (H1N1v) 2009 vacc by othr hlth provider ... CELVAPAN - first influenza A (H1N1v) 2009 vaccination given by other healthcare provider,"3"
YatGC,No consent flu A (H1N1v)09 vac ... No consent for influenza A (H1N1v) 2009 vaccination ... ,"3"
YMAiq,Acute resp syncyt virus bronch ... Acute respiratory syncytial virus bronchitis ... ,"3"
YMAis,Acute echovirus bronchitis ...  ... ,"3"
Yane0,Has influenza vacc at work ... Has influenza vaccination at work ... ,"3"
YawQQ,Seas influ vacc giv hosp inpt ... Seasonal influenza vaccination given while hospital inpt ... Seasonal influenza vaccination given while hospital inpatient,"3"
YawST,"1st intr pn flu vcc gv oth hcp ... First intranasal pndmc influenza vcc gvn othr hlthcare prvdr ... First intranasal pandemic influenza vaccination given by other healthcare provider","3"
Y01J9,Somat auton dysf - resp tract ... Somatoform autonomic dysfunction - respiratory tract ... ,"3"
YaxmQ,"1st IM flu vac by other HCP ... 1st intramuscular seasonal influenza vacc given by other HCP ... First intramuscular seasonal influenza vaccination given by other healthcare provider","3"
YM701,Parainfluenza virus type 1 ...  ... ,"3"
YM70E,Parainfluenza virus type 4 ...  ... ,"3"
Yaxi2,Hib vaccination contraindicatd ... Haemophilus influenzae type b vaccination contraindicated ... ,"3"
Y02Hg,Acute bacterial otitis externa ...  ... ,"3"
Y02Hl,Acute viral otitis externa ...  ... ,"3"
YE1UD,Inhal &/or ingest oth obj ca++ ... Inhal &/or ingest oth obj caus: [resp tract obstruct][suff] ... Inhalation &/or ingestion of other object causing: [respiratory tract obstruction] or [suffocation],"3"
YSRhD,Haemophilus influenzae antibdy ... Haemophilus influenzae antibody ... ,"3"
YajT0,H/O: influenza vaccine allergy ...  ... ,"3"
YMK6E,Acute up resp tract infection ... Acute upper respiratory tract infection ... ,"3"
YMK6H,Acut bronch/parainfluenza vir ... Acute bronchitis due to parainfluenza virus ... ,"3"
YazEB,"DTaP IPV Hib hep B vacc contra ... DTaP, IPV, Hib, and hep B vaccination contraindicated ... Diphtheria, tetanus and acellular pertussis, inactivated polio, Haemophilus influenzae type b and hepatitis B vaccination contraindicated","3"
YazCC,"2nd DTaP, IPV, Hib, hep B vacc ... Second DTaP, IPV, Hib, and hep B vaccination ... Second diphtheria, tetanus and acellular pertussis, inactivated polio, Haemophilus influenzae type b and hepatitis B vaccination","3"
Ya0cb,[V]Flu - influenza vaccination ...  ... ,"3"
YabYA,Enceph due to influ-vir not id ... Encephalitis due to influenza-specific virus not identified ... ,"3"
Yata1,Adv abt infl A vr sb H1N1 tele ... Advc given about influenza A virus subtype H1N1 by telephone ... Advice given about influenza A virus subtype H1N1 by telephone,"3"
Y101B,Acute bact.bronchitis unspec. ... Acute bacterial bronchitis unspecified ... ,"3"
Y101E,Acute chlamydial bronchitis ...  ... ,"3"
Y101I,Acute capillary bronchiolitis ...  ... ,"3"
Y103s,Influenza + resp.manifest.NOS ... Influenza with respiratory manifestations NOS ... ,"3"
Y103x,Influenza NOS ...  ... ,"3"
Y103B,Influenzal pneumonia ...  ... ,"3"
Y103C,Chest infection-'flu+pneumonia ... Chest infection - influenza with pneumonia ... ,"3"
Y30L2,Acute hepatitis - noninfective ...  ... ,"3"
Y30Le,Acute viral hepatitis ...  ... ,"3"
YMA4A,"[X]Haemphilus 'flu infct,unspc ... [X]Haemophilus influenzae infection, unspecified ... ","3"
YMBNR,"[X]Inhalation of food at home ... [X]Inhalatn+ingestn of food caus obstr resp tract occ home ... [X]Inhalation and ingestion of food causing obstruction of respiratory tract, occurrence at home","3"
YMBNU,"[X]Inhalatn food in sport area ... [X]Inhl+ingest food caus obst resp tract occ sport/athl area ... [X]Inhalation and ingestion of food causing obstruction of respiratory tract, occurrence at sports and athletics area","3"
YMBNW,"[X]Inhalat food in trade area ... [X]Inhl+ingest food caus obst resp tract occ trade/serv area ... [X]Inhalation and ingestion of food causing obstruction of respiratory tract, occurrence at trade and service area","3"
Y100Z,Acute upper resp infection ... Acute upper respiratory infection ... ,"3"
Y100a,URTI-Acute upper resp infecti ... URTI - Acute upper respiratory infection ... ,"3"
Y100b,Other acute upper resp.infect. ... Other acute upper respiratory infections ... ,"3"
Y1013,Acute croupous bronchitis ...  ... ,"3"
YMBNQ,[X]Inhalation of food ... [X]Inhalation + ingestion of food causing obstr resp tract ... [X]Inhalation and ingestion of food causing obstruction of respiratory tract,"3"
YapQn,D f e e l r tr b-al la (ce di) ... Diag fibre end ex low res tract broncho-al lav (cell differ) ... Diagnostic fibreoptic endoscopic examination of lower respiratory tract and broncho-alveolar lavage (cell differential),"3"
Yavil,H/O: acut hyprcpnc rsprtry flr ... History of acute hypercapnic respiratory failure ... ,"3"
Yau7B,Auscultation lowr respir tract ... Auscultation of lower respiratory tract ... ,"3"
YE0Sy,(Influenza like illness) or ++ ... (Influenza like illness) or (influenza NOS) ... ,"3"
YMAIk,[X]Ac upp respiratory infectns ... [X]Acute upper respiratory infections ... ,"3"
YaqI5,Hib/men C vaccination declined ... Haemophilus influenzae B & meningitis C vaccination declined ... Haemophilus influenzae type B and meningitis C vaccination declined,"3"
Y20nH,Anti-h infl B polysacc Ab def ... Anti-haemophilus influenzae B polysaccharide antibody defic ... Anti-haemophilus influenzae B polysaccharide antibody deficiency,"3"
YaSaC,Haemophi infl Typ B vac adv re ... Haemophilus influenzae Type B vaccine adverse reaction ... ,"3"
Yaut4,Ac bronchiol due hum metapneum ... Acute bronchiolitis due to human metapneumovirus ... ,"3"
Y02V1,Acute bact.pharyngitis NOS ... Acute bacterial pharyngitis NOS ... ,"3"
YaeKM,"HiB, diph, tetanus, polio vacc ... Haemophilus influenza B, diphtheria, tetanus & polio vaccin ... Haemophilus influenza B, diphtheria, tetanus and polio vaccination","3"
YapsK,D f e e l r t la b cy l l r tr ... Dia fib en ex low resp tr wth lav and br cyt les low resp tr ... Diagnostic fibreoptic endoscopic examination of lower respiratory tract with lavage and brush cytology of lesion of lower respiratory tract,"3"
YapsL,D f e e l r t b l b c l l r tr ... Dia fib en ex low resp tr wth bio lav br cyt les low resp tr ... Diagnostic fibreoptic endoscopic examination of lower respiratory tract with biopsy lavage and brush cytology of lesion of lower respiratory tract,"3"
SH71X,"Corros respir tract,part un ... Corrosion of respiratory tract, part unspecified ... ","2"
YaoLC,Influen vaccn inv 1st let sent ... Influenza vaccination invitation first letter sent ... ,"3"
YaoLG,Influen vaccn inv 3rd let sent ... Influenza vaccination invitation third letter sent ... ,"3"
YawxO,Parainfluenza type 2 NADA ... Parainfluenza type 2 nucleic acid detection assay ... ,"3"
YaxcH,Long term indicat seas flu vac ... Long term indication for seasonal influenza vaccination ... ,"3"
YE0TZ,Pneumonia and influenza &/or++ ... Pneumonia and influenza &/or pneumonia ... ,"3"
YMH4h,Acute on chronic bronchitis ...  ... ,"3"
Y71hr,Balkan influenza ...  ... ,"3"
YMAc8,[X]For bod oth/com site res tr ... [X]Foreign body in other & comb sites of respiratory tract ... [X]Foreign body in other and combined sites of respiratory tract,"3"
YMAcQ,"[X]Corros respir tract,part un ... [X]Corrosion of respiratory tract, part unspecified ... ","3"
YanBu,Influenza vaccina phone invite ... Influenza vaccination telephone invite ... ,"3"
YanED,"2nd DTaP/IPV/Hib vaccination ... 2nd dipht tet acell pertus, haem influ b, inactiv polio vacc ... Second diphtheria tetanus and five component acellular pertussis, haemophilus influenzae type b, inactivated polio vaccination","3"
YaaJZ,Inhal/ingest oth obj-resp obst ... Inhalation/ingest oth object caus obstruct resp tract/suffoc ... Inhalation and ingestion of other object causing obstruction of respiratory tract or suffocation,"3"
Yaqy4,"Booster DTaP/IPV/Hib vaccn ... Booster diphth tet ac pertus, haem influ b, inac polio vaccn ... Booster diphtheria, tetanus, acellular pertussis, haemophilus influenzae type b, inactivated polio vaccination","3"
n47A.,PANDEMRIX FLU VAC (H1N1v) 2009 ... PANDEMRIX INFLUENZA A VACCINE (H1N1v) 2009 injection ... ,"2"
n47g.,INFLUENZA VAC(SV) syrg 0.5mL ... INACT INFLUENZA VACC (SPLIT VIRION) prefilled syringe 0.5mL ... INACTIVATED INFLUENZA VACCINE (SPLIT VIRION) prefilled syringe 0.5mL,"2"
n4n..,HAEMOPHILUS (Hib) VACCINE ... HAEMOPHILUS INFLUENZAE Type b (Hib) VACCINE ... ,"2"
"65EA.",PNDMRX - 2nd fluA (H1N1v)09 va ... PANDEMRIX - second influenza A (H1N1v) 2009 vaccination give ... PANDEMRIX - second influenza A (H1N1v) 2009 vaccination given,"2"
"65EB.",PX - 1 fluA (H1N1v)09 va ot pr ... PANDEMRIX - 1st flu A (H1N1v) 2009 vac by othr hlth provider ... PANDEMRIX - first influenza A (H1N1v) 2009 vaccination given by other healthcare provider,"2"
"65ED.",Seasonal influenza vaccination ...  ... ,"2"
"65ED4",Admin frst inact ssnl flu vacc ... Administration of first inactivated seasonal influenza vacc ... Administration of first inactivated seasonal influenza vaccination,"2"
"65ED5",Admin scnd inact ssnl flu vacc ... Administration of second inactivated seasonal influenza vacc ... Administration of second inactivated seasonal influenza vaccination,"2"
"65MP.","Booster DTaP/IPV/Hib vaccn ... Booster diphth tet ac pertus, haem influ b, inac polio vaccn ... Booster diphtheria, tetanus, acellular pertussis, haemophilus influenzae type b, inactivated polio vaccination","2"
"8I233","DTaP/IPV/Hib vac contraindictd ... DTaP/IPV/Hib vaccination contraindicated ... Diphtheria, tetanus, acellular pertussis, inactivated polio vaccine, Haemophilus influenzae type b vaccination contraindicated","2"
F370z,Acute infective polyneurit.NOS ... Acute infective polyneuritis NOS ... ,"2"
"43jx.",Parainfl type 1 nuc acid detn ... Parainfluenza type 1 nucleic acid detection ... ,"2"
"43jy1",Parainfluenz 2 RNA dtctn assay ... Parainfluenza virus type 2 ribonucleic acid detection assay ... ,"2"
"43k2.",Influenza A antigen level ...  ... ,"2"
H1y..,Upper resp.tract diseases OS ... Other specified diseases of upper respiratory tract ... ,"2"
H2F..,Flu due to seasonal virus ... Influenza due to seasonal influenza virus ... ,"2"
H2Fz.,Infz+othr manf due to ssnl vir ... Influenza with other manifestations due to seasonl inf virus ... Influenza with other manifestations due to seasonal influenza virus,"2"
H2z..,Pneumonia or influenza NOS ...  ... ,"2"
"4JU4.","Inf A, oth or untyp strain det ... Influenza A virus, other or untyped strain detected ... ","2"
"8BQ1.",Long term indicat seas flu vac ... Long term indication for seasonal influenza vaccination ... ,"2"
"9OX6.",Influenz vaccin invt lett sent ... Influenza vaccination invitation letter sent ... ,"2"
"9OX71",Influenza vacc 2nd phone invit ... Influenza vaccination second telephone invitation ... ,"2"
"9OX72",Influenza vacc 3rd phone invit ... Influenza vaccination third telephone invitation ... ,"2"
"9OX9.",Influen vaccn inv 1st let sent ... Influenza vaccination invitation first letter sent ... ,"2"
"9OXC0",Inf A vir H1N1 vac inv SMS snt ... Influenza A virus subtype H1N1 vac inv SMS text message sent ... Influenza A virus subtype H1N1 vaccination invitation short message service text message sent,"2"
"9OXD.",Influenza vacc verbal invitati ... Influenza vaccination verbal invitation ... ,"2"
"9OXZ.",Influenza vacc.administrat.NOS ...  ... ,"2"
"8CAR0",Adv abt infl A vr sb H1N1 tele ... Advc given about influenza A virus subtype H1N1 by telephone ... Advice given about influenza A virus subtype H1N1 by telephone,"2"
"74y..",Respiratory tract ops OS ... Other specified operations on respiratory tract ... ,"2"
"43dG.",Influenza B antibody level ...  ... ,"2"
"43dh.",Parainfluenza type 3 ab level ... Parainfluenza type 3 antibody level ... ,"2"
"43do.",Parainfluenza virus ag assay ... Parainfluenza virus antigen assay ... ,"2"
"43wD.",Influenza B nucl acid detectn ... Influenza B nucleic acid detection ... ,"2"
"43wD0",Influenza B NADA ... Influenza B nucleic acid detection assay ... ,"2"
"43wD1",Influenza B RNA detectn assay ... Influenza B virus ribonucleic acid detection assay ... ,"2"
"7N22.",[SO]Other respiratory tract ...  ... ,"2"
Hyu0.,[X]Ac upp respiratory infectns ... [X]Acute upper respiratory infections ... ,"2"
Hyu2A,[X]Oth spcf dis/upp resp tract ... [X]Other specified diseases of upper respiratory tract ... ,"2"
"14b3.",H/O: influenza vaccination ... History of influenza vaccination ... ,"2"
"9OX51",Seasonal flu vaccinat declined ... Seasonal influenza vaccination declined ... ,"2"
"9OX54","1st intrnsl ssnl flu vcc dclnd ... First intranasal seasonal influenza vaccination declined ... ","2"
"744H3",D f e e l res t b cy l l res t ... Diag fib end exam low resp tr and brush cyto les low resp tr ... Diagnostic fibreoptic endoscopic examination of lower respiratory tract and brush cytology of lesion of lower respiratory tract,"2"
AyuB0,[X]Oth spcf ac viral hepatitis ... [X]Other specified acute viral hepatitis ... ,"2"
n4x2.,HIB+MENINGITIS C vac inj+solv ... HAEMOPHILUS INFLUENZAE type b+MENINGITIS C vaccine inj+solv ... HAEMOPHILUS INFLUENZAE type b + MENINGITIS group C conjugate vaccine injection(pdr for recon)+solvent,"2"
"4J3L.",Infl A virus H1N1 sub detected ... Influenza A virus H1N1 subtype detected ... ,"2"
"4JDb.",Influenza (A&B) serology ...  ... ,"2"
"68Nu.",No response to flu vacc invitn ... No response to influenza vaccination invitation ... ,"2"
"65a..","DTaP/IPV/Hib vaccination ... Dipht tetanus acell pertus, haem influ b, inactiv polio vacc ... Diphtheria tetanus and five component acellular pertussis, haemophilus influenzae type b, inactivated polio vaccination","2"
"65a0.","1st DTaP/IPV/Hib vaccination ... 1st dipht tet acell pertus, haem influ b, inactiv polio vacc ... First diphtheria tetanus and five component acellular pertussis, haemophilus influenzae type b, inactivated polio vaccination","2"
"65a1.","2nd DTaP/IPV/Hib vaccination ... 2nd dipht tet acell pertus, haem influ b, inactiv polio vacc ... Second diphtheria tetanus and five component acellular pertussis, haemophilus influenzae type b, inactivated polio vaccination","2"
"65a2.","3rd DTaP/IPV/Hib vaccination ... 3rd dipht tet acell pertus, haem influ b, inactiv polio vacc ... Third diphtheria tetanus and five component acellular pertussis, haemophilus influenzae type b, inactivated polio vaccination","2"
"65b0.","1st Hib/meningitis C vaccinatn ... First Haemophilus influenzae type B/meningitis C vaccination ... First Haemophilus influenzae type B and meningitis C vaccination","2"
"65E..",Influenza vaccination ...  ... ,"2"
"65E4.","2nd pan flu vac othr hlth prov ... 2nd pandemic influenza vacc give by other healthcare providr ... Second pandemic influenza vaccination given by other healthcare provider","2"
H035z,Acute bact.tonsillitis NOS ... Acute bacterial tonsillitis NOS ... ,"2"
H05..,Other acute upper resp.infect. ... Other acute upper respiratory infections ... ,"2"
H06..,Acute bronchitis/bronchiolitis ... Acute bronchitis and bronchiolitis ... ,"2"
H0606,Acute pneumococcal bronchitis ...  ... ,"2"
H0617,Ac bronchiol due hum metapneum ... Acute bronchiolitis due to human metapneumovirus ... ,"2"
H20y0,Severe acute respiratory syndr ... Severe acute respiratory syndrome ... ,"2"
H222.,Pneumonia - H.influenzae ... Pneumonia due to haemophilus influenzae ... ,"2"
H27..,Influenza ...  ... ,"2"
H270.,Influenza + pneumonia ... Influenza with pneumonia ... ,"2"
H270z,Influenza + pneumonia NOS ... Influenza with pneumonia NOS ... ,"2"
H2711,Influenza + pharyngitis ... Influenza with pharyngitis ... ,"2"
H27y.,Influenza + other manifestat. ... Influenza with other manifestations ... ,"2"
H2A..,Infl due Infl A vir subtp H1N1 ... Influenza due to Influenza A virus subtype H1N1 ... ,"2"
ZV048,[V]Influenza vaccination ...  ... ,"2"
SyuD2,[X]Burn oth parts resp tract ... [X]Burn of other parts of respiratory tract ... ,"2"
SyuC1,[X]For bod oth/com site res tr ... [X]Foreign body in other & comb sites of respiratory tract ... [X]Foreign body in other and combined sites of respiratory tract,"2"
U1442,"[X]Inhalat food in public inst ... [X]Inhl+ingest food obst resp tract sch oth ins/pub adm area ... [X]Inhalation and ingestion of food causing obstruction of respiratory tract, occurrence at school, other institution and public administrative area","2"
U1443,"[X]Inhalatn food in sport area ... [X]Inhl+ingest food caus obst resp tract occ sport/athl area ... [X]Inhalation and ingestion of food causing obstruction of respiratory tract, occurrence at sports and athletics area","2"
U1451,"[X]Inhalat of object res inst ... [X]Inhl+ingest oth obj caus obst resp tract occ resid instit ... [X]Inhalation and ingestion of other objects causing obstruction of respiratory tract, occurrence in residential institution","2"
U1457,"[X]Inhalat of object on farm ... [X]Inhalatn+ingestn oth obj causng obstr resp tract occ farm ... [X]Inhalation and ingestion of other objects causing obstruction of respiratory tract, occurrence on farm","2"
U145y,"[X]Inhalat of object OS place ... [X]Inhal+ingest oth obj caus obst resp tract oth specif plce ... [X]Inhalation and ingestion of other objects causing obstruction of respiratory tract, occurrence at other specified place","2"
U145z,"[X]Inhalat of object unsp plce ... [X]Inhal+ingest oth obj caus obst resp tract unspecif place ... [X]Inhalation and ingestion of other objects causing obstruction of respiratory tract, occurrence at unspecified place","2"
TF2..,Inhal/ingest.oth.obj+resp.obst ... Inhalation/ingestion oth object-resp obstruction/suffocation ... Inhalation and ingestion of other object causing obstruction of respiratory tract or suffocation,"2"
TF200,Bean in nose+resp.obst. ... Bean in nose with obstruction of respiratory tract ... ,"2"
TF201,Marble in nose+resp.obstr. ... Marble in nose with obstruction of respiratory tract ... ,"2"
YauwB,Acute viral hepatitis NOS ...  ... ,"3"
YE0qg,(Ac inf otitis externa)/(abs++ ... (Ac inf otitis externa)/(abscess ext ear)/(cellulit ext ear) ... (Acute infective otitis externa) or (abscess external ear) or (cellulitis external ear),"3"
Ya0uL,Acute adenov follic conjunctiv ... Acute adenoviral follicular conjunctivitis ... ,"3"
Y1005,URT hypersensitivity react.NOS ... Upper respiratory tract hypersensitivity reaction NOS ... ,"3"
Y1007,Other URT diseases NOS ... Other upper respiratory tract diseases NOS ... ,"3"
Y1008,Other URT disease NOS ... Other upper respiratory tract disease NOS ... ,"3"
Y100B,Acute respiratory infections ...  ... ,"3"
Y100D,Acute respiratory infectns.OS ... Other specified acute respiratory infections ... ,"3"
Y100f,Viral upper resp.tract inf.NOS ... Viral upper respiratory tract infection NOS ... ,"3"
Y100n,Acute lower resp tr infection ... Acute lower respiratory tract infection ... ,"3"
Y100x,Subacute bronchitis ...  ... ,"3"
Y1014,Subacute bronchitis unspecif. ... Subacute bronchitis unspecified ... ,"3"
YaRCM,LRT - Lower respiratory tract ...  ... ,"3"
YMBNV,"[X]Inhalation food on highway ... [X]Inhal+ingest food caus obst resp tract occ street/highway ... [X]Inhalation and ingestion of food causing obstruction of respiratory tract, occurrence on street and highway","3"
YMK6F,Acute neiss.catarrh.bronchitis ... Acute neisseria catarrhalis bronchitis ... ,"3"
YMK6I,Acut bronch/resp syncytial vir ... Acute bronchitis due to respiratory syncytial virus ... ,"3"
YMK6J,Acute bronchitis/echovirus ... Acute bronchitis due to echovirus ... ,"3"
YE0TO,Acute: [bronchitis]/[chest i++ ... Acute: [bronchitis]/[chest infections]/[tracheobronchitis] ... Acute: [bronchitis] or [chest infections] or [tracheobronchitis],"3"
YE0TP,Ac resp infec: [NOS][pharyng++ ... Ac resp infec: [NOS][pharyngotracheitis][tracheopharyngitis] ... Acute respiratory infection: [NOS] or [pharyngotracheitis] or [tracheopharyngitis],"3"
YE0Tb,(Influenza NOS) or (influenz++ ... (Influenza NOS) or (influenza-like illness) ... ,"3"
YapsN,Clear secretions respir tract ... Clearance of secretions of respiratory tract ... ,"3"
YapsO,Expect ind sput frm resp tract ... Expectoration of induced sputum from respiratory tract ... ,"3"
y0GnN,Influenza virosome vacc syrg ... Inact Influenza surface antigen virosome vaccine syringe ... Inactivated Influenza surface antigen virosome vaccine prefilled syringe,"3"
Y00Ml,Acute non-infect transv myelit ... Acute non-infective transverse myelitis ... ,"3"
Yavbv,Influenza vac invita 1st email ... Influenza vaccination invitation first email ... ,"3"
Yavbx,Influenza vac invit 3rd email ... Influenza vaccination invitation third email ... ,"3"
Yayq6,Ft intns snl flu vcc gv by phm ... First intranasal seasonal influenza vacc given by pharmacist ... First intranasal seasonal influenza vaccination given by pharmacist,"3"
YE0SV,Epiglottitis: [viral] or [ac++ ... Epiglottitis: [viral] or [acute non streptococcal] ... ,"3"
YE0SZ,Respiratory tract infection ++ ... Respiratory tract infection (& [acute lower] or [lower]) ... ,"3"
Y106w,Ac exacerbation chr bronchitis ... Acute exacerbation of chronic bronchitis ... ,"3"
YM1CQ,[SO]Respiratory tract & mouth ... [SO]Respiratory tract and mouth ... ,"3"
YM1Ct,[SO]Respiratory tract NEC ...  ... ,"3"
YM1DI,[SO]Resp tract and mouth NOS ... [SO]Respiratory tract and mouth NOS ... ,"3"
YazCD,"3rd DTaP, IPV, Hib, hep B vacc ... Third DTaP, IPV, Hib, and hep B vaccination ... Third diphtheria, tetanus and acellular pertussis, inactivated polio, Haemophilus influenzae type b and hepatitis B vaccination","3"
Y103D,Prim influenza virus pneumonia ... Primary influenza virus pneumonia ... ,"3"
Y41M9,Acute viral thyroiditis ...  ... ,"3"
Y7A3X,Influenza imm.advised at home ...  ... ,"3"
YMK9W,Subacute hepatitis-noninfect. ... Subacute hepatitis - noninfective ... ,"3"
Y00XA,Acute postinfec radiculoneurop ... Acute post-infective radiculoneuropathy ... ,"3"
Ya2Ab,Aspira vomit lower resp tract ... Aspirated vomit in lower respiratory tract ... ,"3"
YaevH,H influenzae B antibody level ... Haemophilus influenzae B antibody level ... ,"3"
Yaexs,H influenzae B antibody level ...  ... ,"3"
Y208o,Acute streptococc pericarditis ... Acute streptococcal pericarditis ... ,"3"
YatC2,H/O: influenza vaccination ... History of influenza vaccination ... ,"3"
YatG5,CLVPN - 2nd flu A (H1N1v)09 va ... CELVAPAN - second influenza A (H1N1v) 2009 vaccination given ... ,"3"
YatG7,PNDMRX - 2nd fluA (H1N1v)09 va ... PANDEMRIX - second influenza A (H1N1v) 2009 vaccination give ... PANDEMRIX - second influenza A (H1N1v) 2009 vaccination given,"3"
YatGA,PX - 1 fluA (H1N1v)09 va ot pr ... PANDEMRIX - 1st flu A (H1N1v) 2009 vac by othr hlth provider ... PANDEMRIX - first influenza A (H1N1v) 2009 vaccination given by other healthcare provider,"3"
Yah5k,Influenza B antibody level ...  ... ,"3"
Yayq8,Fst inct snl flu vcc gv by phr ... First inactivated seasonal influenza vacc gvn by pharmacist ... First inactivated seasonal influenza vaccination given by pharmacist,"3"
Yayiw,Infz+othr manf due to ssnl vir ... Influenza with other manifestations due to seasonl inf virus ... Influenza with other manifestations due to seasonal influenza virus,"3"
Yayit,Flu due to seasonal virus ... Influenza due to seasonal influenza virus ... ,"3"
YM7W0,Other respiratory tract ...  ... ,"3"
YM7W1,Respiratory tract NEC ...  ... ,"3"
y03Gk,Influenza vaccine ...  ... ,"3"
Y74be,"Inhal/ingest.obj.NOS+resp.obst ... Inhalation/ingestion obj NOS + resp obstruction/suffocation ... Inhalation or ingestion of object NOS, with obstruction of respiratory tract or suffocation","3"
YE0rQ,Acute infective polyneuritis++ ... Acute infective polyneuritis (& [Guillain-Barre syndrome]) ... ,"3"
YMBwr,[X]Acute infective psychosis ... [X]Acute / subacute infective psychosis ... ,"3"
Y71Mw,Haemophilus infl. septicaemia ... Haemophilus influenzae septicaemia ... ,"3"
Y02V3,Acute viral pharyngitis ...  ... ,"3"
YaSyf,Haemop influ Type B vac allerg ... Haemophilus influenzae Type B vaccine allergy ... ,"3"
YaoSV,Second pandemic flu vaccnation ... Second pandemic influenza vaccination ... ,"3"
Y7265,Respiratory tract intervention ...  ... ,"3"
YE0Qn,(Acute idiopathic pericardit++ ... (Acute idiopathic pericarditis) or (viral pericarditis NOS) ... ,"3"
YMA7s,[X]H influenzae/cause/d cl/o c ... [X]H influenzae as cause/diseases classified/other chapters ... [X]Haemophilus influenzae [h influenzae] as the cause of diseases classified to other chapters,"3"
YMAcP,"[X]Burn respir tract,part unsp ... [X]Burn of respiratory tract, part unspecified ... ","3"
YaYAd,Recurrent URTI ... Recurrent upper respiratory tract infection ... ,"3"
y0EQv,Influenza vac(SA) syrg 0.5mL ... Inact Influenza vacc (surface ant) prefilled syringe 0.5mL ... Inactivated Influenza vaccine (surface antigen) prefilled syringe 0.5mL,"3"
YawwY,Influenza B NADA ... Influenza B nucleic acid detection assay ... ,"3"
Yaxbw,Parainfluenz 4 RNA dtctn assay ... Parainfluenza virus type 4 ribonucleic acid detection assay ... ,"3"
Y00C2,Acute necrotic viral encephal ... Acute necrotising viral encephalitis ... ,"3"
Yane1,Has influenza vacc at work ...  ... ,"3"
YavTH,Influenza B nucl acid detectn ... Influenza B nucleic acid detection ... ,"3"
YMAir,Acute bronchitis/rhinovirus ... Acute bronchitis due to rhinovirus ... ,"3"
YMAit,Ac bronchiol/resp syncytal vir ... Acute bronchiolitis due to respiratory syncytial virus ... ,"3"
YMAjB,"Influ+pneumn,'flu virus identf ... Influenza with pneumonia, influenza virus identified ... ","3"
YMAjF,Chr obs pulm dis+ac l resp inf ... Chronic obstruct pulmonary dis with acute lower resp infectn ... Chronic obstructive pulmonary disease with acute lower respiratory infection,"3"
Yalul,Severe acute respiratory syndr ... Severe acute respiratory syndrome ... ,"3"
Yam2e,[X]Inf vac cau adv eff ther us ... [X]Influenza vaccine causing adverse effects therapeutic use ... [X]Influenza vaccine causing adverse effects in therapeutic use,"3"
Yam2g,Adv react: influenza vaccine ...  ... ,"3"
YapkM,Avian influenza ...  ... ,"3"
YasZW,Consent given pandmc flu vacc ... Consent given for pandemic influenza vaccination ... ,"3"
YavFW,Seasonal influenza vaccination ...  ... ,"3"
YE0ST,Throat: [acute pharyngitis]/++ ... Throat: [acute pharyngitis]/[sore NOS (& viral)]/[infection] ... Throat: [acute pharyngitis] or [sore NOS (& viral)] or [infection],"3"
YawTm,"2nd intrnsl ssnl flu vcc dclnd ... Second intranasal seasonal influenza vaccination declined ... ","3"
YawSV,"1st int ssn flu vcc gv oth hcp ... First intranasal seasonal flu vacc gvn by othr hlthcare prov ... First intranasal seasonal influenza vaccination given by other healthcare provider","3"
Y7JXT,Malig neop resp tract NOS ... Malignant neoplasm of respiratory tract NOS ... ,"3"
y08BZ,HIB vaccine ... HIB - Haemophilus influenzae Type B vaccine ... ,"3"
YM97r,Haemoph influen type b antigen ... Haemophilus influenzae type b antigen ... ,"3"
YawTr,DNA 2nd intransl pndm flu vacc ... DNA second intranasal pandemic influenza vaccination ... Did not attend second intranasal pandemic influenza vaccination,"3"
Yawvu,Avian influenza virus NADA ... Avian influenza virus nucleic acid detection assay ... ,"3"
YE0rn,(Ac conj)/(Newc dis)/(vir ph++ ... (Ac conj)/(Newc dis)/(vir pharyconj)/(pink eye)/(sticky eye) ... (Acute conjunctivitis) or (Newcastle's disease) or (viral pharyngoconjunctivitis) or (pink eye) or (sticky eye),"3"
Y00DL,Encephalitis-post 'flu vacc ... Post influenza vaccination encephalitis ... ,"3"
YMBNZ,"[X]Inhalation food at OS place ... [X]Inhl+ingest food caus obst resp tract occ oth specif plce ... [X]Inhalation and ingestion of food causing obstruction of respiratory tract, occurrence at other specified place","3"
YMBNc,"[X]Inhalat of object at home ... [X]Inhalatn+ingestn oth obj causng obstr resp tract occ home ... [X]Inhalation and ingestion of other objects causing obstruction of respiratory tract, occurrence at home","3"
Y017Z,"Subacute confusion - infective ... Subacute confusional state, of infective origin ... ","3"
YM4X9,TWAR-Taiwan ac resp chlamyd ab ... TWAR - Taiwan acute respiratory chlamydia antibody ... ,"3"
YawTk,"1st intrnsl ssnl flu vcc dclnd ... First intranasal seasonal influenza vaccination declined ... ","3"
YawSP,Adm frst intrnsl pndmc flu vac ... Administration of first intranasal pandemic influenza vacc ... Administration of first intranasal pandemic influenza vaccination,"3"
Yaw2w,No cons for seas influenza vac ... No consent for seasonal influenza vaccination ... ,"3"
YavnZ,Influenza vacc 3rd verb invit ... Influenza vaccination third verbal invitation ... ,"3"
A3BXD,H influenzae/cause/d cl/o c ... H influenzae as cause/diseases classified/other chapters ... Haemophilus influenzae [h influenzae as the cause of diseases classified to other chapters,"2"
n45r.,DIP/TET/PER/POLI/HIB vac 0.5mL ... DIPTHERIA/TETANUS/PERTUSSIS/POLIO/HIB vaccine 0.5mL vial ... DIPTHERIA / TETANUS / PERTUSSIS / POLIOMYELITIS / HAEMOPHILUS INFLUENZAE B vaccine 0.5mL vial,"2"
n4n4.,*HIB 10mcg vaccine 0.5mL ... HAEMOPHILUS INFLUENZAE Type b 10micrograms vaccine 0.5mL ... ,"2"
n4p4.,*HIB/DIPH/TET/PERTUSSIS syrng ... HIB/DIPHTHERIA/TETANUS/PERTUSSIS prefilled syringe ... HAEMOPHILUS INFLUENZAE Type b (Hib)/DIPHTHERIA/TETANUS/PERTUSSIS prefilled syringe,"2"
n4pz.,*HIB/DIPH/TET/PERTUSSIS vials ... HIB/DIPHTHERIA/TETANUS/PERTUSSIS vials ... HAEMOPHILUS INFLUENZAE TYPE b (Hib)/DIPHTHERIA/TETANUS/PERTUSSIS vaccine vials,"2"
n4y..,HIB/DIP/TET/PERTUSS/POLIO VACC ... HAEMOPHILUS B /DIPHTHERIA/TETANUS/PERTUSSIS/POLIO VACCINE ... HAEMOPHILUS INFLUENZAE type B/DIPHTHERIA/TETANUS/PERTUSSIS/POLIO V,"2"
B2zy.,Malig neop other resp tract ... Malignant neoplasm of other site of respiratory tract ... ,"2"
Hyu05,"[X]Flu+o manifst,flu vir idntf ... [X]Influenza+other manifestations,influenza virus identified ... [X]Influenza with other manifestations, influenza virus identified","2"
Hyu2.,[X]Oth dis/up respiratry tract ... [X]Other diseases of the upper respiratory tract ... ,"2"
"744H4",D f e e l r t la b cy l l r tr ... Dia fib en ex low resp tr wth lav and br cyt les low resp tr ... Diagnostic fibreoptic endoscopic examination of lower respiratory tract with lavage and brush cytology of lesion of lower respiratory tract,"2"
"74594",Clear secretions respir tract ... Clearance of secretions of respiratory tract ... ,"2"
E0301,"Acute confusion - infective ... Acute confusional state, of infective origin ... ","2"
E0311,"Subacute confusion - infective ... Subacute confusional state, of infective origin ... ","2"
Yawju,Hib/MenC vacc contraindicated ... Haem influenz b and meningitis C vaccination contraindicated ... Haemophilus influenzae type b and meningitis C vaccination contraindicated,"3"
YapxM,Fib end pho the les low res tr ... Fibr endos photodynamic ther lesion lower respiratory tract ... Fibreoptic endoscopic photodynamic therapy of lesion of lower respiratory tract,"3"
Yat4e,Infl A virus H1N1 sub not dect ... Influenza A virus H1N1 subtype not detected ... ,"3"
Y203z,Acute/subac.bact.endocard.NOS ... Acute and subacute bacterial endocarditis NOS ... ,"3"
YM8mi,Oth spec part res tract/mouth ... Other specified part of respiratory tract or mouth ... ,"3"
H2Fy.,Infz+otr rsp mnf due t snl vir ... Influenza with othr resp manifestation due to seasonal virus ... Influenza with other respiratory manifestation due to seasonal influenza virus,"2"
H4600,Acute chemical bronchitis ... Acute bronchitis due to chemical fumes ... ,"2"
"9OX4.",Needs influenza immunisation ...  ... ,"2"
"9OX52","1st intransl influ vacc declnd ... First intranasal influenza vaccination declined ... ","2"
"9N310",Tele con susp inf A vr sb H1N1 ... Telephne consultatn suspected influenza A virus subtype H1N1 ... Telephone consultation for suspected influenza A virus subtype H1N1,"2"
"9N4q1",DNA 1st intransl ssnl flu vacc ... DNA first intranasal seasonal influenza vaccination ... Did not attend first intranasal seasonal influenza vaccination,"2"
YM4YX,Influenza antibody ...  ... ,"3"
YM4YZ,Influenza B antibody ...  ... ,"3"
YM70c,Influenza virus ...  ... ,"3"
YM1hw,"Acute confusion - infective ... Acute confusional state, of infective origin ... ","3"
YadOv,"First DTP polio & HiB vaccintn ... First diph, tet, pert, polio and H influenz type B vaccinatn ... First diphtheria, tetanus, pertussis, polio and Haemophilus influenzae type B vaccination","3"
YadP4,No consent - HiB immunisation ... No consent - Haemophilus influenzae type B immunisation ... ,"3"
Y1016,Acute bacterial bronchitis ...  ... ,"3"
Y1017,Acute pneumococcal bronchitis ...  ... ,"3"
Y1019,Acute H.influenzae bronchitis ... Acute haemophilus influenzae bronchitis ... ,"3"
Y101D,Acute mycoplasmal bronchitis ...  ... ,"3"
Y101J,Acute obliterating bronchiolit ... Acute obliterating bronchiolitis ... ,"3"
Y101P,"Ac bronchiolitis, adenovirus ... Acute bronchiolitis due to adenovirus ... ","3"
Y21Np,Acute bacterial sialadenitis ...  ... ,"3"
y01Nb,HIB 10mcg vaccine 0.5mL ... Haemophilus influenzae Type B 10micrograms vaccine 0.5mL ... ,"3"
YMLLJ,Influenza imm.advised at surg. ...  ... ,"3"
YMAIp,"[X]Flu+o rsp manif,flu v idntf ... [X]Flu+oth respiratory manifestations,'flu virus identified ... [X]Influenza with other respiratory manifestations, influenza virus identified","3"
YMAIr,"[X]Flu+o rsp manif,vir n idntf ... [X]Influenza+oth respiratory manifestatns,virus not identifd ... [X]Influenza with other respiratory manifestations, virus not identified","3"
YMAJH,[X]Oth spcf dis/upp resp tract ... [X]Other specified diseases of upper respiratory tract ... ,"3"
YMAJa,[X]Supp/necr cond low res trac ... [X]Suppurative & necrotic conditions of lower respir tract ... [X]Suppurative and necrotic conditions of the lower respiratory tract,"3"
YatSl,No response to flu vacc invitn ... No response to influenza vaccination invitation ... ,"3"
H023.,Acute bacterial pharyngitis ...  ... ,"2"
H0602,Acute pseudomembranous bronch. ... Acute pseudomembranous bronchitis ... ,"2"
H0604,Acute croupous bronchitis ...  ... ,"2"
H0607,Acute streptococcal bronchitis ...  ... ,"2"
H060B,Acut bronch due coxsackievirus ... Acute bronchitis due to coxsackievirus ... ,"2"
H060D,Acut bronch/resp syncytial vir ... Acute bronchitis due to respiratory syncytial virus ... ,"2"
H060w,Acute viral bronchitis unspec. ... Acute viral bronchitis unspecified ... ,"2"
H060z,Acute bronchitis NOS ...  ... ,"2"
H061z,Acute bronchiolitis NOS ...  ... ,"2"
H062.,Acute low respitract infection ... Acute lower respiratory tract infection ... ,"2"
H0z..,Acute respiratory infectn.NOS ... Acute respiratory infection NOS ... ,"2"
H1y8.,URT hypersensitivity react.NOS ... Upper respiratory tract hypersensitivity reaction NOS ... ,"2"
H1z..,Upper resp.tract disease NOS ... Upper respiratory tract disease NOS ... ,"2"
H202.,Pneumonia - parainfluen.virus ... Pneumonia due to parainfluenza virus ... ,"2"
H2470,Pneumonia + candidiasis ... Pneumonia with candidiasis ... ,"2"
H27y1,Influenza + GIT involvement ... Influenza with gastrointestinal tract involvement ... ,"2"
H27yz,Influenza + other manifest.NOS ... Influenza with other manifestations NOS ... ,"2"
H29..,Avian influenza ...  ... ,"2"
"43jn1",SARS virus RNA detection assay ... SARS virus ribonucleic acid detection assay ... Severe acute respiratory syndrome virus ribonucleic acid detection assay,"2"
"43jx0",Parainfluenza type 1 NADA ... Parainfluenza type 1 nucleic acid detection assay ... ,"2"
"43jz.",Parainfl type 3 nuc acid detn ... Parainfluenza type 3 nucleic acid detection ... ,"2"
"43jz1",Parainfluenz 3 RNA dtctn assay ... Parainfluenza virus type 3 ribonucleic acid detection assay ... ,"2"
"43w6.",Influenza A nucl acid detectn ... Influenza A nucleic acid detection ... ,"2"
n47..,INFLUENZA VACCINES ...  ... ,"2"
n477.,*INACT INFLUENZA VAC inj 0.5mL ... INACTIVATED INFLUENZA VACCINE injection 0.5mL ... ,"2"
n47a.,*INFLUENZA VACCINE vials 25mL ...  ... ,"2"
AyuKC,[X]H influenzae/cause/d cl/o c ... [X]H influenzae as cause/diseases classified/other chapters ... [X]Haemophilus influenzae [h influenzae] as the cause of diseases classified to other chapters,"2"
K08y7,Acute infective interst nephri ... Acute infective interstitial nephritis ... ,"2"
"9OX55","1st intrnsl pndm flu vcc dclnd ... First intranasal pandemic influenza vaccination declined ... ","2"
"9OXC2",Flu vac inv 2nd SMS txt msg st ... Influenza vaccination invitation 2nd SMS text message sent ... Influenza vaccination invitation second short message service text message sent,"2"
"9OXE2",Influenza vac invit 3rd email ... Influenza vaccination invitation third email ... ,"2"
"68NE0",No cons for seas influenza vac ... No consent for seasonal influenza vaccination ... ,"2"
"68Nr.",Consent given pandmc flu vacc ... Consent given for pandemic influenza vaccination ... ,"2"
"68Ns.",No consent flu A (H1N1v)09 vac ... No consent for influenza A (H1N1v) 2009 vaccination ... ,"2"
"68NV.",Influenza vacc consent given ...  ... ,"2"
"68NV0",Consent givn fr season flu vac ... Consent given for seasonal influenza vaccination ... ,"2"
TF20.,Foreign obj.in nose+resp.obst. ... Foreign object in nose causing obstruction respiratory tract ... Foreign object in nose causing obstruction of respiratory tract,"2"
TF20z,For.obj.in nose+resp.obst.NOS ... Foreign object in nose causing respiratory obstruction NOS ... Foreign object in nose causing obstruction of respiratory tract NOS,"2"
TF2z.,"Inhal/ingest.obj.NOS+resp.obst ... Inhalation/ingestion obj NOS + resp obstruction/suffocation ... Inhalation or ingestion of object NOS, with obstruction of respiratory tract or suffocation","2"
"65E8.",CN - 2 fluA (H1N1v)09 va ot pr ... CELVAPAN - 2nd flu A (H1N1v) 2009 vacc by othr hlth provider ... CELVAPAN - second influenza A (H1N1v) 2009 vaccination given by other healthcare provider,"2"
"65E9.",PNDMRX - 1st fluA (H1N1v)09 va ... PANDEMRIX - first influenza A (H1N1v) 2009 vaccination given ... ,"2"
"65ED0",Seasonal influe vac givn pharm ... Seasonal influenza vaccination given by pharmacist ... ,"2"
"65ED3",Admin sec intrnsl ssnl inf vac ... Administration of second intranasal seasonal influenza vacc ... Administration of second intranasal seasonal influenza vaccination,"2"
"65EE.",Administ of intranasal flu vac ... Administration of intranasal influenza vaccination ... ,"2"
G50z2,Acute pericarditis-pneumococc. ... Acute pericarditis - pneumococcal ... ,"2"
G50z4,Acute pericarditis-streptococ. ... Acute pericarditis - streptococcal ... ,"2"
G5203,Acute myocarditis - influenzal ...  ... ,"2"
"7N22y",[SO]Specified resp tract NEC ... [SO]Specified respiratory tract NEC ... ,"2"
"7N22z",[SO]Respiratory tract NEC ...  ... ,"2"
U60K4,[X]Inf vac cau adv eff ther us ... [X]Influenza vaccine causing adverse effects therapeutic use ... [X]Influenza vaccine causing adverse effects in therapeutic use,"2"
"43dF.",Influenza A antibody level ...  ... ,"2"
"43dg.",Parainfluenza virus ab level ... Parainfluenza virus antibody level ... ,"2"
"43WV.",H influenzae B IgG level ... Haemophilus influenzae B IgG level ... ,"2"
n45r.,*DIP/TET/PER/POL/HIB vac 0.5mL ... DIPTHERIA/TETANUS/PERTUSSIS/POLIO/HIB vaccine 0.5mL vial ... DIPTHERIA / TETANUS / PERTUSSIS / POLIOMYELITIS / HAEMOPHILUS INFLUENZAE B vaccine 0.5mL vial,"2"
"4JU3.",Influenza H5 virus detected ...  ... ,"2"
"4JU5.",Influenza B virus detected ...  ... ,"2"
"4JUF.",Hum parainfluenza vir detected ... Human parainfluenza virus detected ... ,"2"
SyuDD,"[X]Burn respir tract,part unsp ... [X]Burn of respiratory tract, part unspecified ... ","2"
"67970",Education about influenza vacc ... Education about influenza vaccination ... ,"2"
U1444,"[X]Inhalation food on highway ... [X]Inhal+ingest food caus obst resp tract occ street/highway ... [X]Inhalation and ingestion of food causing obstruction of respiratory tract, occurrence on street and highway","2"
U1446,"[X]Inhalat food in indus area ... [X]Inhl+ingest food caus obst resp tract industr/constr area ... [X]Inhalation and ingestion of food causing obstruction of respiratory tract, occurrence at industrial and construction area","2"
U144z,"[X]Inhalatn food at unsp place ... [X]Inhal+ingest food caus obst resp tract occ unspecif place ... [X]Inhalation and ingestion of food causing obstruction of respiratory tract, occurrence at unspecified place","2"
U1454,"[X]Inhalat of object on hway ... [X]Inhl+ingest oth obj caus obst resp tract occ street/h'way ... [X]Inhalation and ingestion of other objects causing obstruction of respiratory tract, occurrence on street and highway","2"
"65a3.","Booster DTaP/IPV/Hib vacc ... Booster diphth tet ac pertus, haem influ b, inac polio vacc ... Booster diphtheria tetanus and five component acellular pertussis, haemophilus influenzae type b, inactivated polio vaccination","2"
"65E10",Adm sec intrnsl pndmc infl vac ... Administration of second intranasal pandemic influenza vacc ... Administration of second intranasal pandemic influenza vaccination,"2"
"65E20",Seas flu vac gvn by ot hc prov ... Seasonal influenza vaccin given by other healthcare provider ... Seasonal influenza vaccination given by other healthcare provider,"2"
"65E22","2nd int ssn flu vcc gv oth hcp ... Secnd intranasal seasonal flu vacc gvn by othr hlthcare prov ... Second intranasal seasonal influenza vaccination given by other healthcare provider","2"
"65E3.","1st pan flu vac othr hlth prov ... 1st pandemic influenza vacc give by other healthcare providr ... First pandemic influenza vaccination given by other healthcare provider","2"
"65E30","1st intr pn flu vcc gv oth hcp ... First intranasal pndmc influenza vcc gvn othr hlthcare prvdr ... First intranasal pandemic influenza vaccination given by other healthcare provider","2"
"65PV.",Infl A vir H1N1 sub close cont ... Influenza A virus H1N1 subtype close contact ... ,"2"
